:020000040800F2
:1000000000000320E11800089D1600089F16000854
:10001000A1160008A3160008A5160008000000009D
:10002000000000000000000000000000A71600080B
:10003000A916000800000000AB160008AD16000865
:100040003119000831190008311900083119000868
:100050003119000831190008311900083119000858
:100060003119000831190008311900083119000848
:100070003119000831190008311900083119000838
:100080003119000831190008311900083119000828
:100090003119000831190008311900083119000818
:1000A0003119000831190008311900083119000808
:1000B00031190008311900083119000831190008F8
:1000C00031190008311900083119000831190008E8
:1000D00031190008311900083119000831190008D8
:1000E00031190008311900083119000831190008C8
:1000F00031190008311900083119000831190008B8
:1001000031190008311900083119000831190008A7
:100110003119000831190008311900083119000897
:100120003119000831190008311900083119000887
:100130003119000831190008311900083119000877
:100140003119000831190008311900083119000867
:100150003119000831190008311900083119000857
:100160003119000831190008311900083119000847
:100170003119000831190008311900080000000089
:100180003119000831190008311900083119000827
:100190003119000831190008311900083119000817
:0C01A0003119000831190008311900085D
:1001C00081F0004102E000BF83F0004330B54FEA08
:1001D00041044FEA430594EA050F08BF90EA020F75
:1001E0001FBF54EA000C55EA020C7FEA645C7FEA08
:1001F000655C00F0E2804FEA5454D4EB5555B8BF2B
:100200006D420CDD2C4480EA020281EA030382EA9B
:10021000000083EA010180EA020281EA0303362D2D
:1002200088BF30BD11F0004F4FEA01314FF4801C00
:100230004CEA113102D0404261EB410113F0004F12
:100240004FEA03334CEA133302D0524263EB4303C9
:1002500094EA050F00F0A780A4F10104D5F1200E67
:100260000DDB02FA0EFC22FA05F2801841F10001C2
:1002700003FA0EF2801843FA05F359410EE0A5F196
:1002800020050EF1200E012A03FA0EFC28BF4CF0C7
:10029000020C43FA05F3C01851EBE37101F000457D
:1002A00007D54FF0000EDCF1000C7EEB00006EEB8A
:1002B0000101B1F5801F1BD3B1F5001F0CD3490814
:1002C0005FEA30004FEA3C0C04F101044FEA44526B
:1002D00012F5800F80F09A80BCF1004F08BF5FEAF2
:1002E000500C50F1000041EB045141EA050130BDD2
:1002F0005FEA4C0C404141EB0101013C28BFB1F5E4
:10030000801FE9D291F0000F04BF01460020B1FA2E
:1003100081F308BF2033A3F10B03B3F120020CDA01
:100320000C3208DD02F1140CC2F10C0201FA0CF0DF
:1003300021FA02F10CE002F11402D8BFC2F1200C44
:1003400001FA02F120FA0CFCDCBF41EA0C019040FA
:10035000E41AA2BF01EB0451294330BD6FEA040443
:100360001F3C1CDA0C340EDC04F11404C4F120022E
:1003700020FA04F001FA02F340EA030021FA04F340
:1003800045EA030130BDC4F10C04C4F1200220FA97
:1003900002F001FA04F340EA0300294630BD21FAD5
:1003A00004F0294630BD94F0000F83F4801306BF9B
:1003B00081F480110134013D4EE77FEA645C18BF8F
:1003C0007FEA655C29D094EA050F08BF90EA020F26
:1003D00005D054EA000C04BF1946104630BD91EA1E
:1003E000030F1EBF0021002030BD5FEA545C05D121
:1003F0004000494128BF41F0004130BD14F5800460
:100400003CBF01F5801130BD01F0004545F0FE41D3
:1004100041F470014FF0000030BD7FEA645C1ABF08
:10042000194610467FEA655C1CBF0B46024650EA3F
:10043000013406BF52EA033591EA030F41F400216B
:1004400030BD00BF90F0000F04BF0021704730B5F1
:100450004FF4806404F132044FF000054FF00001C6
:1004600050E700BF90F0000F04BF0021704730B587
:100470004FF4806404F1320410F0004548BF40425C
:100480004FF000013EE700BF42004FEAE2014FEAB1
:1004900031014FEA02701FBF12F07F4393F07F4F8C
:1004A00081F06051704732F07F4208BF704793F08F
:1004B0007F4F04BF41F40021704730B54FF46074A2
:1004C00001F0004521F000411CE700BF50EA0102A5
:1004D00008BF704730B54FF000050AE050EA01024E
:1004E00008BF704730B511F0004502D5404261EBBE
:1004F00041014FF4806404F132045FEA915C3FF4FF
:10050000D8AE4FF003025FEADC0C18BF03325FEA9B
:10051000DC0C18BF033202EBDC02C2F1200300FA4C
:1005200003FC20FA02F001FA03FE40EA0E0021FA71
:1005300002F11444BDE600BF70B54FF0FF0C4CF45F
:10054000E06C1CEA11541DBF1CEA135594EA0C0F11
:1005500095EA0C0F00F0DEF82C4481EA030621EA4C
:100560004C5123EA4C5350EA013518BF52EA033587
:1005700041F4801143F4801338D0A0FB02CE4FF039
:100580000005E1FB02E506F00042E0FB03E54FF069
:100590000006E1FB03569CF0000F18BF4EF0010E61
:1005A000A4F1FF04B6F5007F64F5407404D25FEA5D
:1005B0004E0E6D4146EB060642EAC62141EA555110
:1005C0004FEAC52040EA5E504FEACE2EB4F1FD0C52
:1005D00088BFBCF5E06F1ED8BEF1004F08BF5FEAD0
:1005E000500E50F1000041EB045170BD06F0004682
:1005F00046EA010140EA020081EA0301B4EB5C042F
:10060000C2BFD4EB0C0541EA045170BD41F4801126
:100610004FF0000E013C00F3AB8014F1360FDEBF4B
:10062000002001F0004170BDC4F10004203C35DA27
:100630000C341BDC04F11404C4F1200500FA05F3AA
:1006400020FA04F001FA05F240EA020001F000424B
:1006500021F0004110EBD37021FA04F642EB0601C1
:100660005EEA430E08BF20EAD37070BDC4F10C04EB
:10067000C4F1200500FA04F320FA05F001FA04F2AF
:1006800040EA020001F0004110EBD37041F100019B
:100690005EEA430E08BF20EAD37070BDC4F12005A6
:1006A00000FA05F24EEA020E20FA04F301FA05F20E
:1006B00043EA020321FA04F001F0004121FA04F2B6
:1006C00020EA020000EBD3705EEA430E08BF20EA86
:1006D000D37070BD94F0000F0FD101F000464000C0
:1006E00041EB010111F4801F08BF013CF7D041EA42
:1006F000060195F0000F18BF704703F00046520046
:1007000043EB030313F4801F08BF013DF7D043EA16
:100710000603704794EA0C0F0CEA135518BF95EACC
:100720000C0F0CD050EA410618BF52EA4306D1D153
:1007300081EA030101F000414FF0000070BD50EA72
:10074000410606BF1046194652EA430619D094EAFC
:100750000C0F02D150EA013613D195EA0C0F05D1E6
:1007600052EA03361CBF104619460AD181EA03013A
:1007700001F0004141F0FE4141F470014FF00000F2
:1007800070BD41F0FE4141F4780170BD70B54FF08D
:10079000FF0C4CF4E06C1CEA11541DBF1CEA13550D
:1007A00094EA0C0F95EA0C0F00F0A7F8A4EB0504EF
:1007B00081EA030E52EA03354FEA013100F08880E6
:1007C0004FEA03334FF0805545EA131343EA1263AF
:1007D0004FEA022245EA111545EA10654FEA002664
:1007E0000EF000419D4208BF964244F1FD0404F51D
:1007F000407402D25B084FEA3202B61A65EB030579
:100800005B084FEA32024FF480104FF4002CB6EB35
:10081000020E75EB030E22BFB61A754640EA0C00B5
:100820005B084FEA3202B6EB020E75EB030E22BFF5
:10083000B61A754640EA5C005B084FEA3202B6EB36
:10084000020E75EB030E22BFB61A754640EA9C00F5
:100850005B084FEA3202B6EB020E75EB030E22BFC5
:10086000B61A754640EADC0055EA060E18D04FEA83
:10087000051545EA16754FEA06164FEAC30343EA23
:1008800052734FEAC2025FEA1C1CC0D111F4801FF0
:100890000BD141EA00014FF000004FF0004CB6E7E9
:1008A00011F4801F04BF01430020B4F1FD0C88BF88
:1008B000BCF5E06F3FF6AFAEB5EB030C04BFB6EB93
:1008C000020C5FEA500C50F1000041EB045170BD86
:1008D0000EF0004E4EEA113114EB5C04C2BFD4EBB3
:1008E0000C0541EA045170BD41F480114FF0000E37
:1008F000013C90E645EA060E8DE60CEA135594EAB3
:100900000C0F08BF95EA0C0F3FF43BAF94EA0C0FB5
:100910000AD150EA01347FF434AF95EA0C0F7FF42A
:1009200025AF104619462CE795EA0C0F06D152EA7E
:1009300003353FF4FDAE1046194622E750EA410662
:1009400018BF52EA43067FF4C5AE50EA41047FF473
:100950000DAF52EA43057FF4EBAE12E74FF0FF3CD8
:1009600006E000BF4FF0010C02E000BF4FF0010CA9
:100970004DF804CD4FEA410C7FEA6C5C4FEA430C22
:1009800018BF7FEA6C5C1BD001B050EA410C0CBF71
:1009900052EA430C91EA030F02BF90EA020F0020D3
:1009A000704710F1000F91EA030F58BF994208BF3A
:1009B00090422CBFD8176FEAE37040F001007047F7
:1009C0004FEA410C7FEA6C5C02D150EA013C07D14E
:1009D0004FEA430C7FEA6C5CD6D152EA033CD3D099
:1009E0005DF8040B704700BF8446104662468C4693
:1009F0001946634600E000BF01B5FFF7B7FF0028C6
:100A000048BF10F1000F01BD4DF808EDFFF7F4FFEE
:100A10000CBF012000205DF808FB00BF4DF808ED79
:100A2000FFF7EAFF34BF012000205DF808FB00BF9C
:100A30004DF808EDFFF7E0FF94BF012000205DF8BE
:100A400008FB00BF4DF808EDFFF7CEFF94BF012073
:100A500000205DF808FB00BF4DF808EDFFF7C4FF6C
:100A600034BF012000205DF808FB00BF4A0011D20E
:100A700012F5001211D20DD56FF47873B3EB6252F8
:100A80000ED44FEAC12343F0004343EA505323FA04
:100A900002F070474FF00000704750EA013002D179
:100AA0004FF0FF3070474FF00000704753B94AB91C
:100AB000002908BF00281CBF4FF0FF314FF0FF3066
:100AC00000F00CB8ADF1080C6DE904CE38F02EFA48
:100AD000DDF804E0DDE9022304B07047704700BF91
:100AE000844641EA000313F003036DD1403A41D339
:100AF00051F8043B40F8043B51F8043B40F8043BF8
:100B000051F8043B40F8043B51F8043B40F8043BE7
:100B100051F8043B40F8043B51F8043B40F8043BD7
:100B200051F8043B40F8043B51F8043B40F8043BC7
:100B300051F8043B40F8043B51F8043B40F8043BB7
:100B400051F8043B40F8043B51F8043B40F8043BA7
:100B500051F8043B40F8043B51F8043B40F8043B97
:100B600051F8043B40F8043B51F8043B40F8043B87
:100B7000403ABDD2303211D351F8043B40F8043B27
:100B800051F8043B40F8043B51F8043B40F8043B67
:100B900051F8043B40F8043B103AEDD20C3205D337
:100BA00051F8043B40F8043B043AF9D2043208D02F
:100BB000D2071CBF11F8013B00F8013B01D30B88A1
:100BC00003806046704700BF082A13D38B078DD07F
:100BD00010F003038AD0C3F10403D21ADB071CBF51
:100BE00011F8013B00F8013B80D331F8023B20F8BB
:100BF000023B7BE7043AD9D3013A11F8013B00F8F4
:100C0000013BF9D20B7803704B7843708B7883707B
:100C10006046704700000000000000000000000077
:100C200000000000000000000000000000000000C4
:100C300000000000000000000000000000000000B4
:100C400030B490F800F020F007016FF0000C10F0C5
:100C5000070491F820F040F048804FF000046FF056
:100C60000700D1E9002391F840F000F1080082FA72
:100C70004CF2A4FA8CF283FA4CF3A2FA8CF34BBB3D
:100C8000D1E9022382FA4CF200F10800A4FA8CF2B6
:100C900083FA4CF3A2FA8CF3E3B9D1E9042382FA84
:100CA0004CF200F10800A4FA8CF283FA4CF3A2FA99
:100CB0008CF37BB9D1E9062301F1200182FA4CF2D1
:100CC00000F10800A4FA8CF283FA4CF3A2FA8CF338
:100CD000002BC6D0002A04BF04301A4612BAB2FA5A
:100CE00082F200EBD20030BC7047D1E9002304F05F
:100CF0000305C4F100004FEAC50514F0040F91F894
:100D000040F00CFA05F562EA05021CBF63EA050330
:100D100062464FF00004AAE7000000000000000057
:100D200001F0FF01102A2BDB10F0070F08D010F89C
:100D3000013B013A8B422DD010F0070F42B3F6D1A0
:100D4000F0B441EA012141EA014122F007047FF0B9
:100D500000070023F0E80256083C85EA010586EA10
:100D6000010685FA47F5A3FA87F586FA47F6A5FA4C
:100D700087F68EB9EED1F0BC01F0FF0102F0070258
:100D800032B110F8013B013A83EA010313B1F8D103
:100D90000020704701387047002D06BF35460338E4
:100DA000073815F0010F07D1013015F4807F02BF1D
:100DB000013015F4C03F0130F0BC0138704700BF6E
:100DC0004FEA410C7FEA6C5C02D150EA013C0AD147
:100DD0004FEA430C7FEA6C5C02D152EA033C02D139
:100DE0004FF0000070474FF0010070474FEA41029A
:100DF00012F5001215D211D56FF47873B3EB62526D
:100E000012D94FEAC12343F0004343EA505311F093
:100E1000004F23FA02F018BF404270474FF0000025
:100E2000704750EA013005D111F0004008BF6FF063
:100E3000004070474FF00000704700BF0348044B6C
:100E4000834202D0034B03B1184770473807002094
:100E500038070020000000000548064B1B1AD90F78
:100E600001EBA301491002D0034B03B118477047AF
:100E700038070020380700200000000010B5064C9D
:100E8000237843B9FFF7DAFF044B13B10448AFF3FB
:100E900000800123237010BD3807002000000000EF
:100EA0005039040808B5054B1BB105490548AFF397
:100EB0000080BDE80840FFF7CFBF00BF0000000082
:100EC0003C070020503904082DE9F0418CB007ADF3
:100ED00000240794089409940A940B9401943A4BC3
:100EE0001A6B42F004021A631A6B02F004020192B8
:100EF000019A02941A6B42F080021A631A6B02F094
:100F000080020292029A03941A6B42F001021A6361
:100F10001A6B02F001020392039A04941A6B42F0D6
:100F200002021A631A6B02F002020492049A0594F8
:100F30001A6B42F008021A631A6B02F0080205925B
:100F4000059A06941A6B42F040021A631B6B03F079
:100F500040030693069BDFF87480224644F2810129
:100F6000404601F02BFD1A4E22464021304601F04A
:100F700025FD4FF4005307934FF488130893099409
:100F80002946144801F014FC44F281030793012719
:100F9000089709940A942946404601F009FC402329
:100FA0000793089709940A942946304601F000FCFB
:100FB00080230793089409942946304601F0F8FBF2
:100FC0000CB0BDE8F08100BF0038024000040240D0
:100FD000001802400008024000207047F8B50C4697
:100FE0001546002A45D11BF0DDFB17F025FE06460D
:100FF000002847D00022114617F07EF8304616F040
:10100000D5FD414B1860002845D021461FF046FE13
:101010003D4F214638681FF044FE3C4930461FF0E2
:1010200037FE3B4930461FF036FE0B23394A00217C
:10103000386816F049FE012839D1334B186817F08B
:1010400085F8012842D1344B01221A7038223349E5
:101050002D4B186816F00EFE011E4CDD304838F09E
:10106000E5FB304B01221A70304616F08FFD284602
:10107000F8BD11462C4838F0D9FB204607F0EAF9B4
:101080002846F5E7294838F0E7FD204607F0E2F961
:101090004FF0FF30ECE7264838F0DEFD304616F022
:1010A00075FD204607F0D6F94FF0FF30E0E7214804
:1010B00038F0D2FD386816F0BFFD304616F066FDF8
:1010C000204607F0C7F94FF0FF30D1E70E4D002161
:1010D000286816F00BFE0146174838F0A7FB286871
:1010E00016F0AAFD304616F051FD204607F0B2F981
:1010F0006FF00A00BCE7044B186816F0F7FD0146D4
:101100000E4838F093FBAFE75C090020651100083A
:1011100041110008CC39040859090020083A040894
:10112000683A04085809002068390408843904081A
:10113000A8390408D8390408EC390408443A0408EA
:1011400038B514461D46012392B2284609F0F8FB33
:1011500020B928460AF0B2F9204638BD4FF0FF30DA
:10116000FBE70000F8B51646104A1468002C1ADD9B
:1011700008461F462546B442A8BF35462A460C49B4
:10118000FFF7AEFCB44208DC641B084B1C60A9B23C
:10119000384606F0CBFC2846F8BD0548621B4119CD
:1011A00038F0B2FFF0E76FF00105F4E754070020D4
:1011B0005807002070B50E46002A38D01C46154648
:1011C000002B46D11289354B19685318B3F5007FAF
:1011D00048D8002332480144284606F029FA2989D4
:1011E0002E4A13680B441360304606F09FFC2846D5
:1011F00005F0B2FF2B4B1B78002B31D02A4B18681F
:1012000070B3264B1A68264916F048FD051E38DDD6
:10121000234A002353552946244838F007FB1F4B27
:101220001E68AE4227DC761B1C4B1E6018E020486F
:1012300038F012FD1C4B186820B116F0FDFC1A4B5B
:1012400000221A60304607F005F90024194B1C6093
:1012500006E01946184838F0E9FA284605F07CFF00
:10126000204670BD154838F0F7FC284605F074FF9D
:101270004FF0FF34F4E70A48721B411938F044FF7D
:10128000D1E72946084B186816F030FD0228E7D050
:1012900001460B4838F0CAFAE2E700BF54070020C5
:1012A00058070020580900205C090020D43A04089F
:1012B0008C3A040860090020A43A0408BC3A0408E7
:1012C000EC3A040810B504460A4B01221A7059B1D1
:1012D00008460A68084B1A6004F0C2FC0246214620
:1012E000064838F0A3FA10BD0146054838F09EFACA
:1012F000F9E700BF6809002064090020083B0408E2
:101300001C3B040800B583B001904FF0FF3301226D
:1013100001A9034802F007F9019803B05DF804FB46
:10132000D809002072B6FEE710B594B008AC3022A0
:101330000021204638F064FF0023039304930593B3
:10134000069307930193204A116C41F08051116478
:10135000126C02F080520192019A02931B4B1A68A0
:1013600042F440421A601B6803F440430293029B1C
:10137000012308934FF4A023099302230E934FF403
:1013800080020F9204221092A82211921293072336
:101390001393204601F09AFB90B90F230393022385
:1013A0000493002305934FF4A05306934FF4805306
:1013B0000793052103A801F0F3FD18B914B010BD7F
:1013C000FFF7B0FFFFF7AEFF0038024000700040AB
:1013D00010B582B000F0A8FB00F080FBFFF7A4FF7F
:1013E000FFF772FD00F0C8F900F018FA00F0C8F835
:1013F00002F0E6FA00F08CF84FF00833019301A9EF
:10140000002003F043FB0023304A6946304803F0D4
:101410008DFB014660B110F1050F0DD02D4838F05D
:1014200005FA2D4838F018FC00F07EFB044609E070
:101430002A4838F0FBF9F4E7294838F0F7F9F0E7E3
:1014400002F046FB274B1B7833B900F06DFB001B05
:1014500041F287339842F3D9224B1B781BB92248BB
:1014600038F0FAFBFEE7214838F0F6FB06F044FFBF
:101470001F4B1860F0B11F4838F0EEFB1C4C0021E8
:10148000206806F0CBFB1C49206806F0E5FB1B49F1
:10149000206806F0C7FB1A4838F0DEFB194B40F213
:1014A000BB126946206806F02DFC014630B902F0F7
:1014B0000FFBFCE7144838F0CFFBFEE7134838F089
:1014C000B5F9206806F0C6FFFEE700BFC5120008A8
:1014D000CC3904086C3B0408883B0408343B0408FE
:1014E0004C3B040868090020B03B0408CC3B0408CE
:1014F00060090020F83B0408D90F0008B511000866
:101500000C3C0408DD0F0008DC3B0408203C040808
:1015100008B50548054B036001F018FE00B908BD89
:10152000FFF700FFFBE700BF6C0900200008065032
:101530000268094B9A4200D0704782B000230193A1
:10154000064B5A6B42F040025A635B6B03F0400358
:101550000193019B02B0704700080650003802401A
:101560000268054B9A4200D07047044A536B23F03F
:1015700040035363F8E700BF0008065000380240FC
:1015800008B50D480D4B03604FF482734360002390
:101590008360C360036143614FF400728261C36181
:1015A0000362436283620A23C36201F033FE00B91F
:1015B00008BDFFF7B7FEFBE77C09002000300140C3
:1015C0002DE9F04188B0002303930493059306931B
:1015D00007930268204B9A4202D008B0BDE8F08120
:1015E0000024009403F584335A6C42F480525A6408
:1015F0005A6C02F480520092009A01941A6B42F0E5
:1016000001021A631A6B02F001020192019A02941C
:101610001A6B42F002021A631B6B03F0020302937F
:10162000029B602303934FF00208CDF8108003273C
:1016300006970526079603AD2946084801F0B8F835
:1016400020230393CDF8108005940697079629462A
:10165000034801F0ADF8C0E700300140000002404F
:101660000004024082B0002100910B4B5A6C42F4FE
:1016700080425A645A6C02F480420092009A0191AE
:101680001A6C42F080521A641B6C03F08053019371
:10169000019B02B0704700BF003802407047FEE770
:1016A000FEE7FEE7FEE770477047704708B500F0B9
:1016B0002FFA08BD01207047024B16221A604FF026
:1016C000FF307047C033012008B54FF0FF31FFF7FE
:1016D000F3FFFEE770B50C461646002506E0AFF3B3
:1016E0000080214601F8010B01350C46B542F6DBBE
:1016F000304670BD70B50C461646002504E014F85F
:10170000010BFFF7FFFD0135B542F8DB304670BD38
:101710004FF0FF3070474FF400534B60002070478C
:10172000012070470020704710B403460C4A0D4951
:101730000D48006848B10C4800680344521A9342AF
:1017400007D8094A136010BC70470748074C04606B
:10175000F1E7074B0C221A604FF0FF30F3E700BFB0
:101760000000032000040000D40900206835012097
:10177000C03301207047000008B50A480A4B0360D7
:101780004FF4E133436000238360C36003610C22A4
:1017900042618361C36101F096FE00B908BDFFF7A5
:1017A000C1FDFBE7D80900200048004000B589B022
:1017B0000023039304930593069307930268154B44
:1017C0009A4202D009B05DF804FB0021019103F5B3
:1017D000F8331A6C42F480221A641A6C02F48022E4
:1017E0000192019A02911A6B42F008021A631B6B74
:1017F00003F008030293029B4FF440730393022308
:101800000493032306930723079303A9024800F0D8
:10181000CFFFD7E700480040000C024008B50C4855
:101820004FF0A0430360042303710222C27100231E
:101830008371427201228272C37203738273C37313
:1018400001F0C2F800B908BDFFF76CFDFBE700BF6F
:10185000200A0020F0B589B0002303930493059378
:10186000069307930368B3F1A04F01D009B0F0BD10
:1018700003AA00250195184C236B43F00103236351
:10188000236B03F001030193019B4FF4E85303938F
:1018900002230493032306930A23079317460F4E4C
:1018A0001146304600F084FF4FF400730393049513
:1018B00005953946304600F07BFF636B43F08003AB
:1018C00063630295636C43F480436364636C03F465
:1018D00080430293029BC9E70038024000000240A7
:1018E000DFF834D00D480E490E4A002302E0D458E8
:1018F000C4500433C4188C42F9D30B4A0B4C002358
:1019000001E013600432A242FBD3FFF733FF38F04B
:101910005BFDFFF75DFD7047000003200000002025
:10192000380700207CFE04083807002064350120B9
:10193000FEE788B1CA6892B18A689AB10A69A2B111
:101940000A6882604A68C260CA6842618A68026145
:101950000A698261002070474FF0FF3070474FF0F6
:10196000FF3070474FF0FF3070474FF0FF30704747
:1019700070B582B00023019344680CBB05468368B0
:1019800003B1984720232B60002602E06FF0040685
:1019900001341F2C0DD86B6901AA122120469847EB
:1019A0000028F3DB019B03F01F03A342F0D12C605E
:1019B00000262B681F2B07D81EB901236B6000E09F
:1019C0000026304602B070BD6FF00206F9E710B590
:1019D00082B0044600230193436901AA01210068F3
:1019E0009847002839DB636901AA012120689847DC
:1019F000002835DB019B13F0040F34D0636901AA82
:101A0000002120689847002830DB019B13F4805F99
:101A10000CD103F40452B2F5045F2AD013F4005F32
:101A200029D113F4807F28D004201DE0636901AA26
:101A30001F2120689847002821DB019B13F4805F59
:101A400020D003F01C03182B1ED0082B1ED0142B03
:101A500001D0052008E0042006E06FF0040003E058
:101A60006FF0040000E0012002B010BD6FF0040030
:101A7000FAE70220F8E70320F6E70520F4E76FF025
:101A80000400F1E70620EFE70220EDE70320EBE793
:101A900010B504460E4B1A784FF47A73B3FBF2F389
:101AA0000C4A1068B0FBF3F000F0AEF868B90F2CE8
:101AB00001D901200AE0002221464FF0FF3000F05A
:101AC00093F8054B1C60002000E0012010BD00BF12
:101AD00004000020000000200800002008B50B4B87
:101AE0001A6842F400721A601A6842F480621A603E
:101AF0001A6842F480721A60032000F063F8002034
:101B0000FFF7C6FFFFF7AEFD002008BD003C024016
:101B1000034A1168034B1B780B441360704700BFE6
:101B2000040F002004000020014B1868704700BF1C
:101B3000040F002038B50446FFF7F6FF0546B4F160
:101B4000FF3F02D0044B1B781C44FFF7EDFF401B06
:101B5000A042FAD338BD00BF04000020002808DBF3
:101B60000901C9B200F1604000F5614080F800133E
:101B7000704700F00F000901C9B2014B19547047BA
:101B800014ED00E000B500F00700C0F1070CBCF157
:101B9000040F28BF4FF0040C031D062B0FD9C31EE2
:101BA0004FF0FF3E0EFA0CF021EA000199400EFAC8
:101BB00003FE22EA0E0241EA02005DF804FB002364
:101BC000EEE70000074AD36823F4E0631B041B0C14
:101BD000000200F4E060034343F0BF6343F40033CA
:101BE000D360704700ED00E010B50446054BD8689F
:101BF000C0F30220FFF7C6FF01462046FFF7AEFF05
:101C000010BD00BF00ED00E00138B0F1807F0BD2C5
:101C10004FF0E0235861054AF02182F8231000209C
:101C2000986107221A6170470120704700ED00E0BB
:101C30002DE9F04182B0054600230193D0F8688079
:101C400008F1120350F82340C66E012714E001A8E2
:101C500002F08AF9019B13B12362A36011E000270F
:101C60000FE06B6943F48043636015E003F11202F7
:101C700055F82240013E9846CEB1C7B1236A002BE9
:101C8000E5D0002FF8D0AB6D002BEAD16B6943F0A3
:101C9000004343F480436360236843F000432360C0
:101CA00008F10103032BE1D9A8F10303DEE7EB6E92
:101CB000B34211D008F1010303F00303BFF35F8FB8
:101CC0002A6903EB830302EBC3022B6803F58053FD
:101CD0009A60C5F86880EE6602B0BDE8F081000049
:101CE0005079137943EA002307480B50D078937852
:101CF0001B0443EA0063507843EA0023127813433D
:101D0000024A8B50704700BF40800240448002402E
:101D100010B5002208E0C468DC6051F80C3043F4D0
:101D2000400341F80C300132032A20D8C16802EB8D
:101D300082034FEAC30C01EBC303002441F80C40BB
:101D40005C609C60DC60941D40F8243051F80C40CD
:101D500044F4801441F80C40022ADCD8541C04EBF3
:101D60008404D0F80CE00EEBC404DC60D5E700235B
:101D70008362C268036803F580531A6110BD10B412
:101D8000002202E00169D9600132032A28D80469DF
:101D900002EB82034FEAC30C04EBC303002144F8B7
:101DA0000C1059609960D960196259624FF0004176
:101DB00044F80C10416941F480415960596821F0A0
:101DC0000041596002F1120140F82130022AD9D8AD
:101DD0000469511C01EB810104EBC104DC60D3E711
:101DE0000023C36503668366C3668365026903686F
:101DF00003F58053DA6010BC7047F0B5856A00EBDC
:101E000085039B698C681E68002EC0F2B3802E1D6E
:101E100000EB8606F669002E40F0AE8026689E60D4
:101E20005E686FF30C0667683E435E600E6816F0EE
:101E3000010F05D01E6826F440064F693E431E6020
:101E40000E6816F0200F05D01E6826F040660F6958
:101E50003E431E60096811F0040F03D0196841F079
:101E600080011960196841F0805119602F460026E1
:101E70004FF0010E27E0196821F0804119602EE033
:101E800000EB8C039B691968002930DB0CF104011D
:101E900000EB8101C96951BB196821F080511960BB
:101EA0000EF1010EA4682168996059686FF30C0166
:101EB0006768394359600136BFF35F8F196841F095
:101EC000004119606746A16851B3196821F00051BB
:101ED0001960002ACFD0196841F08041196007F1DC
:101EE000010CBCF1030FCBD9A7F1030CC8E700EB41
:101EF00085039969002204E000EB830189690132BE
:101F00001D4672450AD2BFF35F8F0B6823F0004372
:101F10000B606B1C032BEFD9EB1EEDE70220F0BD2D
:101F20001AB31A6842F080421A601A6842F00052EE
:101F30001A6000EB8505AA69BFF35F8F136843F051
:101F400000431360C26B3B1D00EB8303DA618762C1
:101F5000EFF31082012383F31088036C33440133C1
:101F6000036482F310880020D9E71A6822F08042C7
:101F70001A60DAE70220D2E70220D0E770B5054602
:101F80000C46026813683C491940A37B5B06207C21
:101F9000002861D14FF400000343607C00285DD12C
:101FA0004FF480000343A0680343E07F43EA00430B
:101FB00060690343A07F002852D14FF400500343CF
:101FC000207F43EA0033A0690343207943EA80235A
:101FD00094F82000002845D14FF400700343E07BC3
:101FE00043EAC013606A034394F8280043EA0013ED
:101FF0000B4313602B681E680120FFF79BFD2B68C5
:102000001E6029688A6922F0BE021204120CA36CB9
:102010001B0494F84C0038BB80200343206D03431D
:1020200094F85500012821D00020034394F856006D
:1020300001281DD00020034394F85400012819D032
:102040000020034313438B612B689C690120FFF739
:1020500071FD2B689C6170BD00209DE70020A1E709
:102060000020ACE70020B9E70020D6E70820DCE735
:102070000420E0E70220E4E70F8120FD70B505466B
:102080000C46026802F580539B692B491940237B5B
:10209000002B4DD14FF08063607B43EA4063607F4B
:1020A000002847D14FF480100343A07B43EA4053FC
:1020B00060690343207F43EAC013A07F43EA801393
:1020C000206A034394F8240043EA80030B4302F59B
:1020D000805293612B6803F580539E690120FFF7BE
:1020E00029FD2B6803F580539E612279A36843EA9A
:1020F0004263A26913432269134394F8252043EAFB
:10210000C213A26A43EA8203226813432A6843F493
:10211000000302F5805213602B6803F580531C689E
:102120000120FFF707FD2B6803F580531C6070BD8D
:102130000023B1E70020B7E7233FDEF870B5A4B075
:10214000064601258DF83C508DF83D5000240D9435
:102150008DF84B408DF84A508DF848408DF83A5034
:102160008DF830508DF84C408DF83B4014948DF82C
:1021700054401D948DF878401F948DF882408DF85E
:1021800080404FF4804310934FF4006311938DF817
:1021900081400BA9FFF7F2FE8DF80C508DF80D5021
:1021A0008DF81D508DF80E5005948DF81C408DF85B
:1021B0001E4008948DF824508DF804504FF480335D
:1021C00002934FF4800306934FF4005304938DF869
:1021D00025500A94009469463046FFF74FFF24B01B
:1021E00070BD10B582B0044600230193036803F567
:1021F00080539A6942F480129A61036803F5805310
:102200009B6901930120FFF795FC2368019A03F570
:1022100080539A6102B010BD00286CD030B583B0F5
:102220000446D0F88430002B34D000230193334B84
:102230005A6C42F480425A645B6C03F4804301930D
:10224000019B2F4B5A6822F400025A605A68A16819
:102250000A435A605B68236803F580531A6842F0AA
:1022600001021A60FFF760FC0546236803F58053FE
:102270001B6813F0010F13D0FFF756FC401BB0F59D
:10228000FA7FF2D90423C4F88830E023C4F88430FC
:1022900001202EE02323C0F8843001F0DDFCC4E7E8
:1022A0002046FFF74BFF2046FFF732FD2046FFF7A1
:1022B00066FD626800212046FFF712FD2268D36B9D
:1022C00043F40273D3632268D2F80C3143F4003331
:1022D00043F06003C2F80C312268D2F8103143F4A5
:1022E0000313C2F810310020C4F888001023C4F88A
:1022F000843003B030BD0120704700BF0038024079
:1023000000380140D0F88430102B01D001207047F4
:1023100070B504462325C0F884500423C366FFF734
:1023200087FC2268136843F00803136023681E6863
:102330000120FFF7FFFB23681E602268136843F04B
:102340000403136023681E680120FFF7F3FB236872
:102350001E602046FFF745FF236803F580539A6906
:1023600042F400529A61236803F580539A6942F05F
:1023700002029A61C4F88450002070BD38B5D0F8CC
:102380008430232B01D0012038BD0446C0F88430AE
:10239000036803F580539A6922F400529A61036836
:1023A00003F580539A6922F002029A610268136869
:1023B00023F00403136003681D680120FFF7BAFBD4
:1023C00023681D602046FFF70CFF2268136823F086
:1023D0000803136023681D680120FFF7ABFB236827
:1023E0001D601023C4F884300020CDE7F8B5044602
:1023F00031B11546D4F88430232B09D00120F8BD23
:10240000D0F8883043F00103C0F888300120F6E7A7
:1024100000222046FFF7F1FC002835D1BFF34F8F93
:10242000A36A9A1D54F822605A1CA262032A01D999
:10243000033BA362A26A2368063254F8222003F504
:1024400080535A60FFF770FB07463368002B30DA81
:10245000236803F58052526912F4005F1CD1B5F174
:10246000FF3FF2D0FFF760FBC01BA84201D8002D50
:10247000EBD1D4F8883043F00403C4F888304FF02F
:10248000405333600120BAE7D4F8883043F00203A8
:10249000C4F888300120B2E7D4F8882042F008025E
:1024A000C4F8882003F580535B69C4F88C300120A0
:1024B000A5E70020A3E72DE9F84F044681B18A463D
:1024C000D0F88430232B6CD1C76D07F1120350F87C
:1024D0002350C36EC3F104094FF00008464634E0B0
:1024E000D0F8883043F00103C0F88830012059E06B
:1024F0002B6813F4007F02D00023236663662B68E9
:10250000C3F30D4B2B6813F4807F03D02B68236734
:102510004FF00108AA682A625B4604F1800104F1C9
:102520007C0001F047FD236E01332366636E5B443C
:10253000636600232B627B1C032B00D9FB1E03F177
:10254000120254F8225001361F462B68002B14DB70
:102550004E4512D2B8F1000F0FD12B6813F4807FD3
:1025600003D0EB69A367AB6963672B6813F4007F43
:10257000BED1E36F002BBBD1DDE7E36E3344E366EE
:102580002BB9E765B8F1000F05D101200AE020461C
:10259000FFF74EFBF5E7E36FCAF800300020E06775
:1025A00000E00120BDE8F88FF8B505461E4600683A
:1025B000036903F01C03C90289B21943940104F4AE
:1025C000F8640C4344F001040461FFF7ADFA0746D8
:1025D00001E02B681C6914F0010F07D0FFF7A4FA83
:1025E000C01BB0F5803FF4D3012004E02B685B6989
:1025F0009BB233600020F8BD70B5054606683069AF
:1026000000F01C00C90289B20143940104F4F8648B
:102610000C4344F003049BB273612B681C61FFF709
:1026200083FA064601E02B681C6914F0010F07D0FD
:10263000FFF77AFA801BB0F5803FF4D3012000E069
:10264000002070BD002979D002681268C2F3001220
:1026500081F828200268126802F060024A6202686B
:10266000126802F40072B2FA82F2520981F8202054
:1026700002681268C2F30042CA770268126802F464
:102680000052B2FA82F252098A7702681268C2F3E3
:1026900000320A770268126802F400628A610268F6
:1026A000126802F480424A610268126802F48002F1
:1026B000B2FA82F252094A740268126802F4000205
:1026C000B2FA82F252090A7402681268C2F3C012A6
:1026D000CA730268126802F460228A600268126893
:1026E000C2F380220A7102681268C2F340628A73E0
:1026F00002689269C2F3400281F85420026892692C
:1027000002F08002B2FA82F2520981F84C2002688B
:10271000926902F030020A6502689269120C8A64BA
:1027200002689269C2F3800281F8562002689269B9
:10273000C2F3C00281F85520002070470120704785
:1027400051B108B5D0F88430102B01D0012008BD5C
:10275000FFF714FC0020FAE70120704738B5054662
:1027600003681C6924F01C0400F0CAFC0C4B98425E
:1027700004D844F008042B681C6138BD094B98420A
:1027800002D244F00C04F6E7074B9842F3D9074B0A
:10279000984202D844F00404EDE744F01004EAE75C
:1027A000BF0E160200879303FFE0F5057FD1F00806
:1027B00000230F2B00F2F98030B583B069E0856803
:1027C0004FEA430E032404FA0EF425EA0405CC680C
:1027D00004FA0EF42C438460446824EA02044A6834
:1027E000C2F300129A402243426060E0DC080834E1
:1027F00050F8242003F00705AD004FF00F0E0EFA3D
:1028000005FE22EA0E0E0A69AA4042EA0E0240F8CC
:10281000242060E0092200E0002202FA0EF22A439E
:102820000234624D45F82420614A94686FEA0C0234
:1028300024EA0C05D1F804E01EF4801F01D04CEA14
:1028400004055B4CA560E46802EA0405D1F804E0E5
:102850001EF4001F01D04CEA0405554CE560646885
:1028600002EA0405D1F804E01EF4003F01D04CEA6E
:1028700004054F4C6560246822404D6815F4803F84
:1028800001D04CEA04024A4C226001330F2B00F2C3
:102890008A8001229A400C6804EA020C32EA04049D
:1028A000F3D14C6804F00304013C012C87D94A6839
:1028B00002F00302032A09D0C4685D000322AA4083
:1028C00024EA02048A68AA402243C2604A6802F0ED
:1028D0000302022A8AD004684FEA430E032202FA56
:1028E0000EF224EA02044A6802F0030202FA0EF22F
:1028F000224302604A6812F4403FC6D0002201928F
:102900002C4A546C44F480445464526C02F4804267
:102910000192019A9C08A51C244A52F8255003F004
:10292000030E4FEA8E0E0F2202FA0EF225EA02057E
:10293000214A90423FF470AF02F58062904222D06B
:1029400002F58062904220D002F5806290421ED053
:1029500002F5806290421CD002F5806290421AD04B
:1029600002F58062904218D002F58062904216D043
:1029700002F58062904214D002F5806290423FF4EA
:1029800049AF0A2249E7012247E7022245E703222D
:1029900043E7042241E705223FE706223DE70722FD
:1029A0003BE7082239E703B030BD704700380140EB
:1029B000003C014000380240000002400AB1816141
:1029C000704709048161704730B583B000287AD020
:1029D0000446056890F89534C3B1032384F8953410
:1029E000B5F1A04F17D0206800F070FE237C8DF861
:1029F0000030231D0ECB206800F01FFE70B10223B3
:102A000084F895340125284603B030BD80F894340D
:102A1000FEF720FFE1E70023A371E4E7002120682F
:102A200000F088FF0246B8B903462079984218D9C9
:102A300003EBC30104EB8101012048750B75CB85C5
:102A400000200876C861086203EBC30104EB810132
:102A500048620133DBB2E8E7022384F895340125AC
:102A6000D1E7904217D902EBC20304EB83030021A4
:102A700083F8551283F8542283F85812C3F85C1275
:102A8000C3F8601202EBC20304EB8303C3F86412C1
:102A90000132D2B2E5E7237C8DF80030231D0ECB46
:102AA000206800F069FE054620B1022384F89534C1
:102AB0000125A8E700236374012384F89534206876
:102AC00000F026FF9FE701259DE70000002800F0A9
:102AD000E08170B582B00446036813F0010F3BD06B
:102AE0009F4B9B6803F00C03042B2CD09C4B9B68E2
:102AF00003F00C03082B21D06368B3F5803F4FD05F
:102B0000B3F5A02F52D0964B1A6822F480321A6087
:102B10001A6822F480221A606368002B50D0FFF7F5
:102B200003F805468E4B1B6813F4003F14D1FEF7E3
:102B3000FBFF401B6428F5D90320B1E1884B5B689B
:102B400013F4800FD8D0864B1B6813F4003F03D0DA
:102B50006368002B00F09F81236813F0020F54D0AC
:102B60007F4B9B6813F00C0F3ED07D4B9B6803F0AE
:102B70000C03082B33D0E368002B68D0794B01227B
:102B80001A60FEF7D1FF0546754B1B6813F0020F64
:102B900054D1FEF7C9FF401B0228F5D903207FE17D
:102BA0006F4A136843F480331360B5E76C4B1A68BF
:102BB00042F480221A601A6842F480321A60ABE74D
:102BC000FEF7B2FF0546664B1B6813F4003FC3D007
:102BD000FEF7AAFF401B6428F5D9032060E1604B93
:102BE0005B6813F4800FC6D15D4B1B6813F0020FB6
:102BF00003D0E368012B40F05081594A136823F059
:102C0000F803216943EAC1031360236813F0080F36
:102C100042D063696BB3534B0122C3F8802EFEF799
:102C200083FF05464E4B5B6F13F0020F34D1FEF766
:102C30007BFF401B0228F5D9032031E1484A136885
:102C400023F0F803216943EAC1031360DDE7454B34
:102C500000221A60FEF768FF0546414B1B6813F01F
:102C6000020FD2D0FEF760FF401B0228F5D90320E7
:102C700016E13C4B0022C3F8802EFEF755FF0546B7
:102C8000374B5B6F13F0020F06D0FEF74DFF401B72
:102C90000228F5D9032003E1236813F0040F77D04D
:102CA0002F4B1B6C13F0805F33D1002301932C4B0F
:102CB0001A6C42F080521A641B6C03F0805301932B
:102CC000019B0125284B1B6813F4807F23D0A36848
:102CD000012B34D0052B38D0214B1A6F22F0010282
:102CE0001A671A6F22F004021A67A368002B3DD0FE
:102CF000FEF71AFF06461A4B1B6F13F0020F46D160
:102D0000FEF712FF801B41F288339842F3D903206B
:102D1000C6E00025D6E7144A136843F480731360B5
:102D2000FEF702FF0646104B1B6813F4807FCED1DE
:102D3000FEF7FAFE801B0228F5D90320B0E0084A0E
:102D4000136F43F001031367CFE7054B1A6F42F08F
:102D500004021A671A6F42F001021A67C5E700BF42
:102D6000003802400000474200700040FEF7DCFEE1
:102D70000646524B1B6F13F0020F08D0FEF7D4FE2D
:102D8000801B41F288339842F3D9032088E0EDB9E3
:102D9000A369002B00F08380484A926802F00C027D
:102DA000082A51D0022B17D0454B00221A66FEF795
:102DB000BBFE0446414B1B6813F0007F42D0FEF778
:102DC000B3FE001B0228F5D9032069E03B4A136CCF
:102DD00023F080531364DBE7394B00221A66FEF7B9
:102DE000A3FE0546354B1B6813F0007F06D0FEF7A7
:102DF0009BFE401B0228F5D9032051E0E369226ABB
:102E00001343626A43EA8213A26A5208013A43EA10
:102E10000243E26A43EA0263284A5360284B0122D4
:102E20001A66FEF781FE0446244B1B6813F0007FF0
:102E300006D1FEF779FE001B0228F5D903202FE00A
:102E400000202DE000202BE0012B2BD01B4B5B68DA
:102E500003F48001E269914226D103F03F02216A26
:102E60008A4223D1616A47F6C0721A40B2EB811FD1
:102E70001ED103F44031A26A5208013AB1EB024F6D
:102E800018D103F07063E26AB3EB026F14D1002033
:102E900006E001207047012002E0012000E0002050
:102EA00002B070BD0120FBE70120F9E70120F7E740
:102EB0000120F5E70120F3E70120F1E700380240A7
:102EC0000000474208B5334B9B6803F00C03042B0A
:102ED0005BD0082B5BD12F4B5A6802F03F025B6836
:102EE00013F4800F2CD02B4B5868C0F388104FEA96
:102EF000401CBCEB000C6EEB0E0E4FEA8E1343EA47
:102F00009C634FEA8C11B1EB0C0163EB0E03DB0009
:102F100043EA5173C90011EB000C43F1000359025D
:102F200000234FEA4C2041EADC51FDF7BFFD194B6D
:102F30005B68C3F3014301335B00B0FBF3F008BDF2
:102F4000144B5868C0F388104FEA401CBCEB000CCF
:102F50006EEB0E0E4FEA8E1343EA9C634FEA8C1120
:102F6000B1EB0C0163EB0E03DB0043EA5173C900C4
:102F700011EB000C43F10003990200234FEA8C206F
:102F800041EA9C51FDF792FDD1E70348D7E703489A
:102F9000D5E700BF0038024000127A000024F40098
:102FA000002800F09B8070B50D4604464F4B1B680F
:102FB00003F00F038B4208D2CBB24C4A1370136854
:102FC00003F00F038B4240F08B80236813F0020F55
:102FD00017D013F0040F04D0454A936843F4E0532C
:102FE0009360236813F0080F04D0414A936843F4B8
:102FF000604393603E4A936823F0F003A1680B435B
:103000009360236813F0010F32D06368012B21D045
:103010009A1E012A25D9364A126812F0020F61D091
:1030200033498A6822F0030213438B60FEF77CFD6C
:1030300006462F4B9B6803F00C036268B3EB820FCC
:1030400016D0FEF771FD801B41F288339842F0D90B
:10305000032042E0264A126812F4003FE0D101202A
:103060003BE0234A126812F0007FD9D1012034E0FE
:103070001E4B1B6803F00F03AB4207D9EAB21B4B90
:103080001A701B6803F00F03AB422DD1236813F0B5
:10309000040F06D0164A936823F4E053E1680B430B
:1030A0009360236813F0080F07D0114A936823F444
:1030B0006043216943EAC1039360FFF703FF0C4BB0
:1030C0009B68C3F303130B4AD35CD8400A4B1860C8
:1030D0000A4B1868FEF7DCFC002070BD0120704729
:1030E0000120FAE70120F8E70120F6E7003C024062
:1030F00000380240D0CA0408000000200800002068
:10310000014B1868704700BF0000002008B5FFF7AA
:10311000F7FF044B9B68C3F38223034AD35CD84078
:1031200008BD00BF00380240C8CA040808B5FFF750
:10313000E7FF044B9B68C3F34233034AD35CD84098
:1031400008BD00BF00380240C8CA040898B110B5D5
:10315000044643795BB1022363712268136843F02C
:1031600004031360012363710020A06010BD03718C
:10317000FEF7DEF9EFE70120704790B110B5044685
:103180000268136823F00C0313600268536823F08D
:1031900060035360FEF7E4F900206071A0602071C5
:1031A00010BD01207047F8B50379012B30D00446DB
:1031B0000D46012303714379DEB2012B06D00423AF
:1031C00083600126002323713046F8BD022343713A
:1031D000FEF7AAFC074623685A6812F0010F10D1C7
:1031E000FEF7A2FCC01B0228F5D923685B6813F028
:1031F000010FF0D1012363710223A3600023237127
:10320000E2E79B68E3602B60012363710026D9E746
:103210000226D9E700285AD010B50446436A33B9CC
:103220004368B3F5827F05D00023C36102E0002329
:10323000036143610023A36294F85130002B40D016
:10324000022384F851302268136823F0400313608E
:10325000636803F48273A26802F404421343E268D1
:1032600002F400621343226902F00202134362690E
:1032700002F001021343A26902F400721343E269EF
:1032800002F038021343226A02F080021343A26A5A
:1032900002F40052216813430B60638B03F00403B4
:1032A000626A02F01002216813434B602268D369FE
:1032B00023F40063D36100206065012384F851305A
:1032C00010BD84F850302046FEF77AF9B8E70120A7
:1032D0007047026802F10C0353E8003F23F4907337
:1032E0000C3242E800310029F3D1026802F11403E4
:1032F00053E8003F23F00103143242E80031002973
:10330000F3D1036B012B05D0202380F8423000233A
:1033100003637047026802F10C0353E8003F23F097
:1033200010030C3242E800310029F3D1ECE7000031
:1033300010B504460268136923F44053C1680B4377
:103340001361836802691A4343691A43C3691A43C4
:103350000168CB6823F4164323F00C031343CB60BE
:103360000268536923F4407381690B435361036816
:10337000314A934206D002F58062934202D0FFF7B1
:10338000C5FE01E0FFF7D2FEE369B3F5004F29D097
:103390000021031849411B1841F10001C90041EA0D
:1033A0005371DB00181863684FEA83024FEA937386
:1033B00041F10001FDF77AFB204AA2FB00314909E7
:1033C000642303FB11031B013233A2FB03235B09BC
:1033D00003F0F00202EB011203F00F032168134423
:1033E0008B6010BD0023021843EB0301121841F15A
:1033F0000001C90041EA5271D200101841F10001E8
:10340000626892185B41FDF751FB0C4AA2FB003148
:103410004909642303FB1103DB003233A2FB0323BE
:103420005B095A0002F4F87202EB011203F0070381
:10343000216813448B60D4E7001001401F85EB51D5
:103440002DE9F04383B005460E4617469946DDF850
:1034500028802B681C6836EA04040CBF0124002471
:10346000BC4228D1B8F1FF3FF3D0FEF75DFBA0EBE3
:103470000900404523D8B8F1000F22D02B68DA6844
:1034800012F0040FE5D0802EE3D0402EE1D01A6870
:1034900012F0080FDDD0002401941A6801925B68D5
:1034A0000193019B2846FFF714FF08236B6485F8FE
:1034B0004040012000E0002003B0BDE8F08303207D
:1034C000FAE70320F8E760B310B5044690F84130FE
:1034D00013B3242384F841302268D36823F40053C3
:1034E000D3602046FFF724FF2268136923F490433A
:1034F00013612268536923F02A0353612268D36859
:1035000043F40053D36000206064202384F84130EA
:1035100084F84230606310BD80F84030FEF746F911
:10352000D7E7012070472DE9F04182B01E4690F8A0
:103530004130202B56D104460D469046002955D0E7
:103540000AB901204FE000234364212380F8413071
:10355000FEF7EAFA0746A4F82480A4F82680A368B8
:10356000B3F5805F02D04FF0000814E023692BB35D
:103570004FF000080FE0202384F84130032032E0B0
:1035800038F8023B2268C3F308035360E28C92B21E
:10359000013A92B2E284E38C9BB293B100963B462F
:1035A000002280212046FFF74BFF0028E3D1002DA9
:1035B000E6D015F8012B23685A60E7E7A8460025F6
:1035C000E9E700963B46002240212046FFF738FFFE
:1035D00018B9202384F8413005E0202384F84130D5
:1035E000032000E0022002B0BDE8F0810120FAE7EC
:1035F00082B000230193019B01330193019BB3F13E
:10360000706F15D80369002BF5DA00230193036965
:1036100043F001030361019B01330193019BB3F16B
:10362000706F08D8036913F0010FF4D1002000E097
:10363000032002B070470320FBE784B010B50446B6
:1036400003A880E80E009DF81130012B21D1A36B57
:1036500023F48033A363E36823F4840323F040035B
:10366000E360E36823F44013E3609DF81830012B16
:103670000AD02046FFF7BCFF9DF80E30012B1CD06E
:10368000BDE8104004B07047E36843F48013E36082
:10369000EFE7E36843F04003E3602046FFF7A8FF4D
:1036A0009DF8153023B9A36B43F48033A363E3E79C
:1036B000A36B23F48033A363DEE7A36843F0060320
:1036C000A360A36843F02003A360D9E7836823F0D5
:1036D000010383600020704782B000230193019BA7
:1036E00001330193019BB3F1706F15D80369002B6F
:1036F000F5DA00230193890141F020010161019B6A
:1037000001330193019BB3F1706F08D8036913F083
:10371000200FF4D1002000E0032002B07047032006
:10372000FBE782B000230193019B01330193019BCE
:10373000B3F1706F13D80369002BF5DA00230193FE
:1037400010230361019B01330193019BB3F1706F5F
:1037500008D8036913F0100FF4D1002000E0032013
:1037600002B070470320FBE7D0F800381943C0F8D7
:10377000001800207047000084B0F8B5044607A880
:1037800080E80E00002306E003F1400204EB820211
:103790000021516001330E2BF6D99DF8266006BB3F
:1037A000D4F8043843F00203C4F80438A36B43F49C
:1037B0000013A363A36B23F40023A363A36B23F47D
:1037C0008023A3630023C4F8003E9DF82130012B21
:1037D00015D19DF81F306BB900212046FFF7C4FFBB
:1037E00011E0A36B23F40013A363A36B43F4002342
:1037F000A363E7E701212046FFF7B6FF03E00321BB
:103800002046FFF7B1FF10212046FFF765FF054670
:1038100000B101252046FFF784FF00B1012504F522
:10382000006C0023CCF81030CCF81430CCF81C30ED
:103830000DE04FF09040C2F8000902E00020C2F80D
:10384000000900220A614FF67F328A6001339DF839
:103850001C1099420ED904EB431202F51061D2F804
:1038600000090028EADA002BE3D14FF00060C2F82B
:103870000009E6E700230AE0BBB14FF09047C2F829
:10388000007B002202614FF67F3282600133994251
:1038900010D904EB431202F53060D2F8007B002F00
:1038A000EADB0027C2F8007BEBE74FF00067C2F8C5
:1038B000007BE6E7DCF8103023F48073CCF810309E
:1038C0000023A3616FF0804363619DF81E301BB934
:1038D000A36943F01003A361A2690C4B1343A361D6
:1038E0009DF822301BB1A36943F00803A361012EA8
:1038F00004D02846BDE8F84004B07047A36943F0FF
:10390000804343F00403A361F3E700BF00383C8029
:10391000D0F8003E23F00303C0F8003ED0F804388E
:1039200043F00203C0F8043800207047406900F0FB
:103930000100704738B50546C36823F0C043C36033
:10394000012913D019BBC36843F08043C36000242E
:103950000A20FEF7EFF80A342846FFF7E7FF08B120
:10396000C72CF5D9C82C14D0002038BDC36843F04B
:103970000053C36000240A20FEF7DCF80A3428460E
:10398000FFF7D4FF0128EDD0C72CF4D9EAE70120D6
:10399000EBE70120E9E7704710B50446FEF7C4F8ED
:1039A000064B1B68C31A632B00D810BDFEF7BCF88A
:1039B000024B1860204600F0E5F9F6E7540F0020AE
:1039C000F0B585B0384FC0203870A8217970012338
:1039D000BB705022FA70354EFF2232707270B27096
:1039E0000024F470324D28706970AB70EB7001F0F8
:1039F000A5F83A787B781B0443EA0263BA7843EA75
:103A00000223F9780B431A0202F47F0242EA0162B0
:103A1000190A01F47F410A4342EA136325490B6006
:103A2000327873781B0443EA0263B27843EA0223D4
:103A3000F07803431A0202F47F0242EA0062180A95
:103A400000F47F40024342EA13631B4A1360287864
:103A50006B781B0443EA0063A87843EA0023ED78FF
:103A60002B43180200F47F0040EA05601D0A05F4AC
:103A70007F45284340EA1360104B1860104D1148F1
:103A80000290114801900094284603F039F9284625
:103A900003F0C8F9284603F0CBF90C49284603F097
:103AA00047FA05B0F0BD00BF100F00200C0F00203A
:103AB000080F00201C0F0020180F0020140F0020FA
:103AC000200F002081C10008213F0008973900081D
:103AD00010B5054C204600F0A7F807F0D1FF2046AE
:103AE000FFF75AFF10BD00BF200F002000207047D5
:103AF00000B583B000230193054B1B781BB10198DF
:103B000003B05DF804FB01A90248FEF7D4FCF6E718
:103B1000A0110020B00F002070B58CB00C463026EC
:103B200032460021684636F06BFB3246002168467B
:103B300036F066FB2246002303E01168E9B1013349
:103B400012681AB3032B2DD8516803EB43000CAD58
:103B500005EB800040F8301C518940F82C1C002BEC
:103B6000EBD0581E03EB430C0DEB8C0100EB400037
:103B700005EB800040F8281CDFE703EB43010CA8AD
:103B800000EB8101002041F8280CD8E72389074980
:103B90004B60C1F808D04C6314220548FEF726FCA0
:103BA000002001E06FF00B000CB070BD780F00201A
:103BB000B00F002008B50146054802F0BDFF054BD7
:103BC0001B78012B00D008BD024B00221A70FAE7C7
:103BD000E0CA0408A011002008B5FDF7A5FF08BD44
:103BE00008B50248FEF7BAFD002008BDB00F00205E
:103BF00008B513460A4601460348FEF7D5FC00B94E
:103C000008BD4FF0FF30FBE7B00F002008B51346AA
:103C10000A4601460348FEF7EFFC00B908BD4FF025
:103C2000FF30FBE7B00F002038B5054600E074B167
:103C30002846FFF75DFF04460028F8D02B69294687
:103C400098470028F3D0204603F086FAEFE738BD06
:103C500008B5FDF769FF08BD2DE9F0418CB00023E0
:103C60000793089309930A930B930268404B9A4277
:103C700002D00CB0BDE8F08100240094A3F590437D
:103C80001A6B42F000721A631A6B02F00072009213
:103C9000009A01941A6B42F080621A631A6B02F068
:103CA00080620192019A02941A6B42F000621A63D8
:103CB0001A6B02F000620292029A03941A6B42F0AD
:103CC00004021A631A6B02F004020392039A04942A
:103CD0001A6B42F001021A631A6B02F0010204929D
:103CE000049A05941A6B42F002021A631A6B02F0EE
:103CF00002020592059A06941A6B42F040021A637A
:103D00001B6B03F040030693069B322307934FF08F
:103D10000208CDF8208003270A970B260B9607ADE3
:103D200029461448FEF744FD86230793CDF82080EA
:103D300009940A970B9629460F48FEF739FD4FF470
:103D400000530793CDF8208009940A970B962946D3
:103D50000A48FEF72DFD4FF420530793CDF820803D
:103D600009940A970B9629460548FEF721FD80E73E
:103D700000800240000802400000024000040240AF
:103D8000001802402DE9F0419AB004466422002157
:103D900001A836F035FA2448FDF719FE94F82D30C5
:103DA00013F0040F01D001280BDD13F0040F2CD108
:103DB00001282ADD831E032B27D8DFE803F00C2E11
:103DC00029321A48FEF7DAFA204603F04FF8204667
:103DD00003F090F819E04FF400674FF4804801AE0B
:103DE000124D31462846FEF72DFC0797CDF8188076
:103DF00031462846FEF7A4FC2846FEF783FA204603
:103E000003F016F8204603F051F81AB0BDE8F0812F
:103E10004FF400674FF00008E1E700274FF48048B7
:103E2000DDE70027B846DAE7580F0020B00F002082
:103E30002DE9F04182B00446314D324B2B60002613
:103E40008DF8006080238DF80130E1238DF8023079
:103E50008DF803608DF804608DF80560C5F804D016
:103E60004FF40003AB60284BEB60284B2B614FF401
:103E7000C0636B612846FEF7CFF90746DFF89080F4
:103E800038223146404636F0BBF92123C8F80030CD
:103E90004FF44003C8F814301E4802F0F9FD062321
:103EA00084F82C306B681A7884F826205A7884F8C5
:103EB00027209A7884F82820DA7884F829201A793B
:103EC00084F82A205B7984F82B3040F2DC53A384F9
:103ED00094F82D3043F00A0384F82D300E4D0F492D
:103EE0002846FDF726FD2846FDF742FD2FB920465E
:103EF000FFF748FF02B0BDE8F081FDF713FAF9E7DC
:103F0000B00F00200080024060100020001100204F
:103F1000780F0020E0CA0408580F00200C00002091
:103F200010B5044670B1732384F82E30742384F8DE
:103F30002F30084B6361084BA3612046FFF778FFE1
:103F4000002010BD054B4FF4B5720549054835F00A
:103F50006DFCE8E7FD520008193B0008383C0408F6
:103F6000903C0408A03C040810B582B004460E48FA
:103F700002F0B2FD88B1034600F1200222600B4A34
:103F800002614FF4C0620192226800924122002136
:103F9000084603F07BF802B010BD054B01221A70F1
:103FA00000232360F7E700BFE0CA0408B53B000820
:103FB000A011002030B4A2F12004002542F8205CBA
:103FC00022F8185C22F8163C026822B10A681460D4
:103FD0000C60026805E00460FAE711891944118158
:103FE0001268002AF9D130BC7047030243EA10205E
:103FF00080B27047030203F47F0343EA0063020ABE
:1040000002F47F42134343EA1060704710B502E0A8
:10401000013A19D0A4B1047801300B7801319C42E7
:10402000F6D044F0200EAEF1610C5FFA8CFCBCF1CE
:10403000190F07D843F020039E45E9D0012004E082
:10404000002002E0012000E0002010BD38B1C07A5D
:1040500038B9431C054A52F8233023B97047002071
:104060007047002070470120704700BF2C5B002084
:1040700008B535F0BFFB80B2002301E00133DBB2AD
:10408000032B0ED803EB0311064A02EB0112927ABE
:10409000022AF3D1034A02EB011212898242EDD1C6
:1040A000E7E708BD645B00202DE9F84305460E46AE
:1040B000002401E00134E4B2032C23D804EB4403D0
:1040C000304A52F82370002FF4D01A462D4B03EBE0
:1040D00082031B7AAB42EDD105EB05131B011033B4
:1040E000DFF8A0904FEA440809EB8202526831469B
:1040F00025481844B847A0444FEA8808002349F8E7
:104100000830D7E7002301E00133DBB2032B19D8D5
:10411000AB42F9D003EB03111B4A02EB0112927A76
:10412000022AF1D1184A02EB0111C97B05EB0510F7
:1041300002EB0012D27B9142E6D1134B03EB00134A
:104140000422DA7305EB05120F4B03EB0213DB7B42
:10415000032B01D9BDE8F8830C4C54F8230007F079
:10416000BBFF094B05EB051203EB0212D27B0021CA
:1041700044F8221005EB051503EB05130422DA734E
:10418000E8E700BF345B0020645B0020A85F0020EC
:1041900070B50446134A00EB0013180102EB031339
:1041A00003259D721150104B994201D90E491150AF
:1041B00004EB04110E010B4D05EB011104312046F7
:1041C000FFF772FFAB5933B904EB041205EB02138E
:1041D0009B7A032B00D070BD05EB021300229A726C
:1041E000F9E700BF645B0020803A09002DE9F04741
:1041F00084B0064600EB00125B4B03EB0213DB7A44
:10420000012B3ED806EB0612574B03EB0213DA7A6A
:10421000564B53F82230002B3BD006EB06173F01DC
:104220001037514B1F443846FCF70AFD00F11201CC
:104230004FF4207289B2362002F0F0FF05460028C4
:1042400000F08F8001AC002301930293039306EBEF
:104250000612454B03EB02131889FFF7C6FEADF8B3
:10426000040001238DF806304FF48073ADF8083058
:104270000C222146284603F029FA013F4FF00C0892
:104280003DE03B4B40F2FA223A493B4835F0CEFA4A
:10429000B8E700213046FFF707FF06EB0616324B62
:1042A00003EB061300249C72204604B0BDE8F0879F
:1042B0000134E4B201373B782E2B01D0002BF7D12B
:1042C000A7EB090A1FFA8AFA08EB04024FF6FE73FD
:1042D0009A4218DC22464146284603F0CCFA08F1FF
:1042E00001039BB252464946284603F04FFA444424
:1042F000A4B204F101081FFA88F83B784BB10137EA
:10430000B9460024D7E7284602F026FF6FF00504DF
:10431000CAE700224146284603F0ADFAA31C4FF439
:104320008072ADF80020ADF802209BB204226946ED
:10433000284603F02BFA0C4B06EB061203EB021295
:10434000D47BD17A3523094A02EB810229460B48F6
:1043500050F8240007F066FE0446284602F0FCFEF2
:10436000A2E74FF0FF349FE7645B00202C5B002046
:10437000C83C0408343D0408A03C0408A85F0020A1
:1043800038B5044600EB0012474D05EB0215032833
:104390000BD804EB0412444B03EB02139B7A032B60
:1043A00079D8DFE803F0200A2162404B40F21C423A
:1043B0003F49404835F03AFAEBE7FFF759FE3A4AF1
:1043C00004EB041302EB03131881022199720021FC
:1043D000D9720120187304EB041302EB031251731A
:1043E0002046FFF703FF38BD04EB04132E4A02EB0F
:1043F0000312137B013BDBB21373002BF3D104EBED
:104400000413294A02EB0312537B0133DBB25373CB
:10441000042B09D004EB0411234A02EB011213739D
:104420002046FFF7E3FEDEE72846FFF70FFE80B1E8
:104430001D4A04EB041302EB0313D97A0131D9723C
:104440000121197304EB041302EB031200235373CD
:10445000E6E700212046FFF727FE04EB0414124B89
:1044600003EB041300229A72BDE704EB04131B0153
:104470000D4AD3583BB1013B04EB041212010A4927
:104480008B50002BAFD104EB0414074B03EB041348
:1044900000229A72A7E7054B40F25B4206490548A5
:1044A00035F0C4F99FE700BF645B0020C83C0408F6
:1044B0004C3D0408A03C0408683D040810B50024E5
:1044C00004E02046FFF75CFF0134E4B2032CF8D986
:1044D00010BD000070B506460D46002401E0013411
:1044E000E4B2032C1CD804EB04120F4B03EB0213B1
:1044F0009B7A032BF3D1130110334FF480720A49D6
:1045000019443046FFF782FD0028E8D135B104EBAD
:104510000414054B03EB04135B682B60002001E0DF
:104520006FF00F0070BD00BF645B002010B52E203F
:1045300007F00AFE044638B915E00E49204607F098
:104540000DFC10F1080F08D135F054F982B2B2F524
:10455000806FF2D26FF00700F3E730B9002206490E
:10456000204607F0A5FD204610BD204607F0B4FD0B
:104570000024F8E7ECCA04089548000810B50024A8
:10458000032C06D8164B53F8243013B10134E4B28F
:10459000F6E7032C05D9134B1C780134E4B2002351
:1045A00011E0FFF7C3FF0E4B43F824000028F2D0C0
:1045B0000C4B1C7011E00A4A52F824204AB901330E
:1045C000DBB20134E4B2032B06D8032CF3D9002468
:1045D000F1E7044B1C7000E00424204610BD00BF2E
:1045E000A85F0020A55F00202DE9F84F05460E4684
:1045F00090461F4600240DE00A4603EB430102EB00
:10460000810042F82180476004726FF0040094E05A
:104610000134E4B2032C1FD804EB0412504B03EB1B
:1046200002139B7A022BF3D1130110334FF48072E3
:104630004B4919442846FFF7E9FC0028E8D100233C
:10464000032BE5D803EB4302464951F82220002A08
:10465000D2D00133DBB2F3E74FF000090422494620
:104660004C4601E00134E4B2032C14D804EB0413EB
:104670003B4800EB031999F80A3063B1032BF1D1E1
:10468000394B1B7899F80E001B1ADBB29942E9D21C
:1046900022461946E6E7042C02D04FF0000C12E047
:1046A000032A56D802EB02112D4B03EB01139B7A20
:1046B000032B51D12A4B03EB01191446EDE70CF102
:1046C000010C5FFA8CFCBCF1030F34D80CEB4C03EB
:1046D000244A52F82330002BF1D10CEB4C0C4FEA5A
:1046E0008C0B924602EB8C0C8CF80840012389F865
:1046F0000A301D4B1B7889F80E3042F80B80CCF83D
:104700000470FF2E28BFFF263246294609F110000B
:10471000FCF7E6F94E4400233374FFF72FFF89F8C6
:104720000F0003280BD9002389F80A304AF80B3010
:104730004FF0FF3001E04FF0FF30BDE8F88F0A4A3C
:104740001378013313702046FFF71AFE6FF0040050
:10475000F3E74FF0FF30F0E74FF0FF30EDE700BF39
:10476000645B0020345B0020A45F0020F8B506469F
:104770000F4614462146384603F066F8051E40DB16
:104780004FF6FF739C423FD00134A4B205F0C00342
:10479000C02B0ED14FF6FF703AE0203218E09A425B
:1047A00037D14FF6FF739C4236D00134A4B20136A4
:1047B000013D002D15DD2146384603F045F8031E66
:1047C00024DB32781849895C01F003010129E4D027
:1047D000DBB21549C95C01F003010129DFD12033A7
:1047E000DDE701362146384603F02EF8002815DBB8
:1047F0000028BFD14FF6FF739C4212D00134A0B203
:1048000006E04FF6FF7003E0204601E04FF6FF7030
:10481000F8BD4FF6FF70FBE72046F9E74FF6FF7053
:10482000F6E72046F4E700BFF9FB040870B506463A
:104830000C46651CADB22146304603F005F8041E57
:104840001CDBF5B104F0C003C02B0FD02B1932894B
:10485000934219DA15FA84F4A4B22146304602F0E4
:10486000F3FF002813DB0028E3D125464FF6FF7342
:104870009D4201D00135ADB2284670BD4FF6FF759F
:10488000FAE74FF6FF75F7E74FF6FF75F4E74FF6D7
:10489000FF75F1E72DE9F04788B0144612890F2A19
:1048A00005D8204602F058FC08B0BDE8F0871E4647
:1048B00000230C2205A9204602F0BAFE0C28F0D1F4
:1048C000BDF81400FFF791FB002567E06C4B4FF437
:1048D000887202FB053303225A7301221A73284699
:1048E000FFF74EFDDDE7BDF81000FFF77EFB331844
:1048F000B3F5803FD5DABDF81000FFF776FB8119DC
:1049000089B209F1FF391FFA89F9B9F1000F00F0F6
:10491000A88023898B4240F2A4802046FFF786FFBF
:1049200006464FF6FF739842BBD003460A2202A9FF
:10493000204602F07DFE0A28B3D14FF6F5739E4261
:10494000AFD80A36B6B2BDF80A30B3F5807FCAD107
:10495000BDF80830B3F5807FC5D1BDF81030B3F590
:10496000806FC0D1334604226946204602F060FEC3
:10497000042896D1424B4FF4887202FB0833009A08
:104980005A60204602F0E8FB0398FFF733FB01462C
:104990002846FFF7FDFB87E70135EDB2032D80D8F0
:1049A000A84605EB0513364F07EB0317BB7A022B1E
:1049B000F2D13B898342EFD1BDF81800FFF715FB18
:1049C0008246BDF81A00FFF710FB81469DF91630AC
:1049D000002BBFF666AFBAF1010F7FF462AF31680A
:1049E000FA7A284B53F8223099427FF45AAF4FF4A9
:1049F000887303FB05F310330C222146204818442A
:104A0000FFF7B4FE06464FF6FF7398423FF449AFF6
:104A1000034604220DEB0201204602F009FE0428A1
:104A20007FF43FAFBDF80630B3F5807F7FF439AF38
:104A3000BDF80430B3F5807F7FF433AF4FF6FB73DE
:104A40009E423FF62EAF311D89B29DF8173013F00C
:104A50000F0F3FF45AAF3846FFF7F8FA00287FF4FB
:104A600035AF204602F078FB00212846FFF71CFBFB
:104A7000034B4FF4887202FB083300229A7213E74B
:104A8000645B00202C5B002070470000012800D9E7
:104A9000704721B10A68054B43F820207047044B4A
:104AA0001A68024B43F82020F2E700BF2C5B00207D
:104AB000ECCA040808B5FFF701FD08BD29B32DE9CC
:104AC000F041044616461F46884608B3037813B3E0
:104AD000FCF7B6F80546FF2820D84146204600F0EE
:104AE000BDFF10B10020BDE8F08141462046FFF730
:104AF000F1FC0028F7D00C4B1B6893B13B463246C3
:104B000029462046FFF770FDEDE76FF00F00704774
:104B10006FF00F00E7E76FF00F00E4E76FF00F00B2
:104B2000E1E76FF00500DEE72C5B002010B582B0F6
:104B300000240094FFF7C2FF02B010BD08B501F0D9
:104B40008BFD01F0B9FF02F0A3F807F037F802F08F
:104B50008DFFFFF799FF06F07FFF08BD10B50446F3
:104B600000EB4002094B53F8320038B102F0F4FA7E
:104B700004EB4403DB00054A0021D15004EB44045C
:104B8000024B03EBC40300221A7510BDD45F002052
:104B90002DE9F04F83B0064617464FF00009CDF8D7
:104BA0000090CB464FF00A0A4B465546D046CDF80A
:104BB00004A003E078B91D4601331BB2092B4BDC7E
:104BC0001C4603EB4300564A02EBC002107D0A2D3F
:104BD000F0D00028F0D056B104EB440E504A02EB5E
:104BE000CE0CDCF80420D6F800C094450ED0012885
:104BF00016D00128E0D904EB4404494A02EBC40270
:104C0000528A4A45D8D391469846D5E7002F7FD09F
:104C1000434A02EBCE029268BA42E8D11D4651E007
:104C200004EB44023E4850F832204AB104EB4404FD
:104C300000EBC402528A5A45BED393469A46BBE75C
:104C400004EB4404364A02EBC402528A00988242C2
:104C5000B2D300920193AFE711F0020F5AD10A2D9F
:104C600034D0092D16DDB8F1090F35DC08EB480307
:104C70002B4A52F83330002B36D02A4B40F26D12BB
:104C800029492A4834F0D2FD45462846FFF766FFF9
:104C9000092D2DDC2C4605EB4502214B03EBC2030D
:104CA0001B7D6BBB36B1316804EB44021C4B03EB3C
:104CB000C20359601A4B04EB440203EBC202002109
:104CC00051829760284603B0BDE8F08F11F0010FC4
:104CD000C7D14FF0FF35F5E7019B092B06DDBAF18F
:104CE000090F1ADC5546D0E74546CEE7019DCCE7D3
:104CF0000C4B40F283120E490C4834F097FDC9E783
:104D0000084B4FF4C2720B49084834F08FFDC9E7D5
:104D10001D46D7E74FF0FF35D4E74FF0FF35D1E719
:104D2000D45F0020883D0408FC3D0408A03C040832
:104D3000143E0408283E0408F0B583B005460C462E
:104D400016461F4690F82C20062A3DD1002C43D051
:104D50002068002840D0294600F05FFE00283BD1A3
:104D6000226802F0F002E02A36D02A463946204670
:104D7000FFF70EFFB0F1000C31DB1C4B0CEB4C00CD
:104D800003EBC002022111759560C100083119447E
:104D900034684C60B4880C810021518253F8307023
:104DA0000FB3C3000C46114AD1504FF40063009377
:104DB000334605F126023946284607F035FA3846CB
:104DC00002F0CAF920460CE0094B40F2A912094949
:104DD000094834F02BFDB9E76FF00F0001E04FFAFE
:104DE0008CF003B0F0BD0020FBE700BFD45F0020D3
:104DF000883D0408543E0408A03C04082DE9F0470F
:104E000082B00F4690461D46DDF82CA08146002852
:104E100042D04FF420721C210E2002F0FFF906460A
:104E2000002851D043891B2B3ED97468BDF834004B
:104E3000FFF7DBF8E08099F82C30062B3CD12B688B
:104E4000A360AB88A381DAF80030C4F81230BAF856
:104E50000430E3820A9B1B68C4F80E300C9B1B686D
:104E6000A36100252570012363700823A370E570FA
:104E7000062323710423637140F60603009343461F
:104E80003A463146484607F0CFF9304602F064F919
:104E9000284602B0BDE8F0870D4B40F257420D495D
:104EA0000D4834F0C3FCB4E7094B40F262420B49B1
:104EB000094834F0BBFCB8E7054B40F269420849A9
:104EC000054834F0B3FCBAE74FF0FF30E1E700BF2C
:104ED000883D0408903C0408A03C0408783E04087F
:104EE000AC3E040830B585B000F12603041D012551
:104EF000039502910349019100941946FFF77EFF43
:104F000005B030BDC8CB040838B50546002400E024
:104F10000134092C11DC04EB4402084B03EBC203FF
:104F20001B7D002BF4D0054B03EBC2039B68AB4207
:104F3000EED12046FFF712FEEAE738BDD45F00202D
:104F40002DE9F04186B0A9B104460E4645682B888C
:104F5000B3F5807F08D12B79062B05D16B79042B13
:104F600002D16B88082B0DD0204602F0F5F806B070
:104F7000BDE8F0811D4B40F28A221D491D4834F0E6
:104F800055FCF4E7D5F80E300593AA694F687FB950
:104F900005F108080223424605A93046FFF7CCFE7A
:104FA000EB88B3F5807F0ED0204602F0D5F8DEE71F
:104FB000974214BF0027012705F108080FB101230C
:104FC000E9E70223E7E7002FEED006F12601331DC3
:104FD0000222039205AA0292CDF8048000930B46A8
:104FE00042463046FFF70AFFDEE700BF883D04086F
:104FF000903C0408A03C040808B5024AFFF772FF81
:1050000008BD00BFD0CB040810B5002405E0042B78
:105010001BD92046FFF7A2FD0134092C35DC04EB37
:105020004403DA00194B13441A7D002AF4D004EB30
:105030004401CB00154919444B8A01339BB24B8282
:10504000B3F5967FE5D2012AE1D0032A0DD0042AD8
:1050500013D0012AE0D104EB4402D3000B4A1344DD
:10506000191D9868FFF7C8FFD6E704EB4403DA0080
:10507000064B134404221A75CEE704EB4403DA000E
:10508000024B134402221A75C6E710BDD45F0020FC
:1050900070B582B005460E46144602EB42022E4B16
:1050A00003EBC2031B7D012B19D904EB44022A4BED
:1050B00003EBC2031B7D022B19D004EB4403DB007E
:1050C0000833254A13444FF400620092043305F17B
:1050D00026023146284607F0A7F802B070BD1F4BE4
:1050E00040F2EE221E491F4834F0A0FBDDE71A4BC8
:1050F00003EBC2035B8AB3F58E7F1BD8B3F5877FC2
:10510000DBD304EB4401144B03EBC10104EB440279
:10511000D20008321A44043204312846FFF7E2FE76
:105120000028CAD104EB44020B4B03EBC203032259
:105130001A75C2E7084901EBC20104312846FFF79E
:105140005BFF0028B9D104EB4402034B03EBC2031D
:1051500003221A75B1E700BFD45F0020883D040820
:10516000103F0408A03C04082DE9F04383B0054635
:105170008846164600F126070146D8F8000000F0E0
:105180004CFC002840F09F80D8F8003003F0F0027B
:10519000E02A00F09B80002B00F09B802A46012132
:1051A0004046FFF7F5FC041E2BDBA3B27E2B2AD86A
:1051B000E4B204EB44024A4B03EBC2031B7D53BB36
:1051C000474B03EBC2034FF0010983F814909D6035
:1051D00004EB4402424B03EBC2031B7DF3B1B9F174
:1051E000000F23D116B34FF0FF3004EB44023C4BC9
:1051F00003EBC2031B7D012B1FD8012B2CD135469D
:1052000039E060B228E0374B40F2C13236493748C6
:1052100034F00CFBCCE74FF00009D9E7314B40F2FA
:10522000CD323349314834F001FBD8E741462846B6
:10523000FFF7E2FE002ED8D10EE02E4B1C70D300FB
:105240000833274A13444FF40062009204333A466D
:105250003146284606F0E8FF03B0BDE8F083214B55
:1052600040F2F1322449214834F0E0FA2B7B13F06C
:10527000400F22D12D683DB16A892B899A42F5D120
:105280002B68002BEBD1F1E70023C3B132464FF47A
:1052900020710E2002F0BCFA0646EEB104EB440386
:1052A0000F4A52F8330008B101F056FF04EB4404F2
:1052B0000B4B43F834600020CEE70123E5E730468E
:1052C00002F0CAF8E9E76FF00F00C5E76FF00F00D2
:1052D000C2E76FF00F00BFE74FF0FF30BCE700BF41
:1052E000D45F0020883D0408403F0408A03C040827
:1052F000503F0408D05F0020783F040870B584B0A8
:105300000E461446054600283DD0002E43D0002C02
:1053100049D02946206800F080FB0346002840F071
:105320008480226802F0F001E02944D06968A8680E
:105330005140014209D092B24FF6A9618A4204D08D
:10534000EA68002A7DD005F10C043F4A127802EB8E
:1053500042003E4901EBC001097D012943D93B4987
:1053600001EBC0018968A9423DD1206802EB420CE3
:10537000364901EBCC014968884234D13146284690
:10538000FFF786FE5BE0324B40F21E323149324875
:1053900034F04CFAB9E72E4B40F21F322F492E4819
:1053A00034F044FAB3E72A4B4FF448722C492A48A8
:1053B00034F03CFAADE701238DF8083000238DF876
:1053C00009305E238DF80A30637803F07F038DF88F
:1053D0000B30A3788DF80C30E3788DF80D3002ABEC
:1053E00024E00133DBB2092B19D803EB430C174837
:1053F00000EBCC00027D012AF3D98268AA42F0D1E9
:105400002068124A02EBCC0252689042E9D10E4A5F
:1054100013701A4631462846FFF73AFE0FE032462F
:1054200021462846FFF7A0FE09E00E4B4FF400622C
:10543000009205F126023146284606F0F5FE04B03A
:1054400070BD6FF00300FAE7D05F0020D45F00204A
:10545000883D0408903C0408A03C0408943F0408DC
:10546000F03E0408D0CB04082DE9F04186B0064692
:10547000884617464FF420722421222001F0CEFEE8
:10548000A0B305464389232B33D9D6F804C06C68F2
:1054900084F800806770002323716371A371E37146
:1054A0006B687268166850689168D7689E60D860AB
:1054B00019615F611669506991699E61D8611962CD
:1054C000DCF80C30059305A800F0EAF858B100218B
:1054D000A170E1700290012301930091FF2305AABE
:1054E000284600F085FA284601F036FE06B0BDE8F1
:1054F000F081044B4FF4B4720349044834F096F938
:10550000C3E700BFA03F040810400408A03C040803
:105510002DE9F04184B00546494B9E68347804F08B
:105520000F04A400132C15D90F464389032B11D95E
:1055300043681B78082B61D1414B586900F0F00398
:10554000E02B1AD03E4B196800F067FAA8B92B89F6
:10555000072B05D8284601F0FFFD04B0BDE8F08117
:1055600004F10E084146284601F0AFFD00283AD06C
:105570002B89191989B28B4203D9284601F0ECFD19
:10558000EBE74FF420720E2001F048FE8046002821
:10559000F3D0428904F108039A4213D322463146DC
:1055A0004068FBF79DFA2146404601F093FD60B943
:1055B0002946404601F0AAFF88B9284601F0CCFDF3
:1055C000454615E001F0C8FDD7E71E4BB6221E493F
:1055D0001E4834F02BF9404601F0BEFDCDE74046B1
:1055E00001F0BAFDC9E74146284601F073FD48B90C
:1055F0006E682146284601F068FD50B1284601F04A
:10560000ABFDAAE70F4BC7221149104834F00EF941
:10561000B3E768680A494B69C3600B6903610022FC
:105620003270B270F270FF2303728272C2720297FC
:105630000120019000921431284600F0D9F9DDE7ED
:10564000B85F0020A03F04083C400408A03C0408C8
:105650007440040808B50A460321FFF705FF08BD9A
:1056600008B50A460B21FFF7FFFE08BD08B590F804
:105670002D3013F0010F0DD00146436863B1074A86
:105680005069834204D000F0C8F908B9002002E054
:10569000012000E0002008BD0020FCE7B85F0020EA
:1056A00084462B4B186830E00068C8B190F82D3064
:1056B00013F0010FF8D013F0040FF5D04268002A60
:1056C000F2D0DCF800104A40D0F808E012EA0E0FE1
:1056D00018D013F0020FE7D1C3689942E4D111E06A
:1056E0001C4B1B6873B193F82D2012F0010F09D0E9
:1056F00012F0040F06D05A6822B19CF800207F2ACD
:1057000000D018465DF804FB006860B190F82D30B9
:1057100013F0010FF8D013F0040FF5D04268002AFF
:10572000F2D000B5CDE70B4B1B687BB193F82D2071
:1057300012F0010F0AD012F0040F07D05A682AB1F4
:105740009CF800207F2A01D018467047704700BFA0
:10575000B8310120B43101202DE9F04104464768F9
:105760003B781A09042A04D001F0F6FC0020BDE8B9
:10577000F0810E4603F00F039D007888FEF735FC9C
:105780008046238983421BD86389AB421DD323897A
:1057900043451AD3132D18D93B69534A5361F9680D
:1057A000116103F0F003E02B13D196F82D3013F0C4
:1057B000010F28D07368002B67D14FF0000824E058
:1057C0000146204601F0EAFDDEE7204601F0C4FC78
:1057D000CCE73046FFF74AFF002858D1424B1B7DEB
:1057E0007F2B56D0414BD3F8008001E0D8F80080E1
:1057F000B8F1000F09D0B045F8D04046FFF736FFAA
:105800000028F3D001E04FF000083146364B18690C
:1058100000F003F900283FD1334B1B6903F0F0037C
:10582000E02B39D0B8F1000F3AD0FB8833F0C00339
:1058300006D0204600F054FC0446002896D0476865
:10584000294AC2F80080566097603B7803F00F0346
:105850009B0093812946204601F03CFC7B7A062B75
:105860002FD0112B20D0012B30D041461E4B586930
:1058700000F0D3F828B91C4B5B6903F0F003E02B70
:1058800029D1204601F068FC12E0B046BDE7B046E1
:10589000BBE74FF00008B8E7204601F05DFC65E784
:1058A000204601F059FC61E73146204606F092F9A6
:1058B0000D4B00221A605A609A609A811A615A61EF
:1058C00054E73146204604F0AFFAF1E7314620466E
:1058D000FFF71EFEECE72946204601F037FC0221C7
:1058E0002046FFF7B7FECCE7B85F0020B8310120B3
:1058F0002DE9F04383B004460F4616469946DDF87D
:105900003080827B012A3FD1002E51D014212046C5
:1059100001F0DBFB002859D165686389132B3BD963
:1059200085F808909DF82C306B7233682B61452305
:105930002B709DF828306B702089FEF756FB68802D
:105940000023AB71EB71DFF89090B9F80000FEF71F
:105950004CFBA880B9F800300133A9F800301FB320
:105960003B68EB600023AB72EB72B8F8243013B1E4
:105970002289934224D3D8F8143032462146404637
:10598000984703B0BDE8F083144B4FF455721449A7
:10599000144833F04BFFB7E7104B4FF462721249D3
:1059A000104833F043FFBBE7104B1B68EB60D9E7AF
:1059B0006389132B0DD963681B69019301AED4E78A
:1059C00032464146204600F093FCDAE76FF00100D2
:1059D000D7E76FF00100D4E7C4600020A8400408B6
:1059E00018410408A03C040824410408ECCA040837
:1059F00010B584B0089C94461AB109B10A6802B97E
:105A0000211D02949DF81C2001929DF818200092FF
:105A10006246FFF76DFF04B010BD0346421E12F14F
:105A2000030F12D891F82D0010F0020014D04A682C
:105A30009A420CD089685A400A420AD1CA4323EAE2
:105A400001039A4207D000207047012070470020D0
:105A500070470020704701207047000030B585B0C6
:105A60000D460378EC4635E0421C4378782B04D091
:105A7000582B02D01046082134E0837802301021E0
:105A800030E010291BD112F0440F18D024010A3342
:105A900002F00302022A10D041229B1A1C4310F884
:105AA000013F424AD25C12F0040FEAD004FB0133FA
:105AB000A3F1300410F8013FF3E76122EDE72E2B4C
:105AC00012D103AB9C4558D2624642F8044B43784E
:105AD00094460130354AD25C12F0040F4BD0302B83
:105AE000C2D00A210024DCE713B112F0080F47D01E
:105AF0006B46ACEB030080100130042834D8DFE89B
:105B000000F03D0B03132100B4F1807F3AD2009BDB
:105B1000FF2B39D844EA0364002D45D02046FEF718
:105B200069FA2860012029E0B4F5803F2ED2009A5E
:105B3000FF2A2DD8019BFF2B2CD81B0443EA0263BC
:105B40001C43E9E7FF2C27D80099FF2926D8019BA1
:105B5000FF2B25D8029AFF2A24D81B0443EA0163AD
:105B600043EA02231C43D7E7114BF922114912489B
:105B700033F05CFED0E7002000E0002005B030BD2F
:105B80000020FBE70020F9E70020F7E70020F5E719
:105B90000020F3E70020F1E70020EFE70020EDE729
:105BA0000020EBE70020E9E70120E7E7F9FB040824
:105BB00054410408C8410408A03C04082DE9F04100
:105BC00082B08846036801930C460026304601AF38
:105BD00003283BD800233D782049A1FB05CE4FEA9E
:105BE000DE0E0EEB8E0CA5EB4C0C5FFA8CFC87F8EE
:105BF00000E09E460133DBB20CF1300C0EF10801DF
:105C00000DEB010E0EF808CC092DE4D809E005F1E2
:105C100008010DEB010616F8086C04F8016B1E462E
:105C20002B465D1EEDB233B1731C9642EFDB0020B4
:105C300002B0BDE8F081731C96420CDA2E2504F800
:105C4000015B01370130C0B21E46C1E7002304F8F2
:105C5000013C4046ECE70020EAE700BFCDCCCCCCCD
:105C600008B510220149FFF7A9FF08BDC860002050
:105C700038B504460C4B1B68834208D00D4651B121
:105C800023682B602146042000F06AFF38BD0268BB
:105C9000054B1A60F6E7054B40F2451204490548EA
:105CA00033F0C4FDECE700BFDC600020D441040801
:105CB00048420408A03C04082DE9F8438046894680
:105CC000814215D0B9F1000F09D0D9F80030434511
:105CD00005D0314BAD223149314833F0A7FDD8F81A
:105CE000044063689A8852B10026D8F804502BE02B
:105CF000294BAB222B492A4833F098FDE2E71B6879
:105D0000C8F804306368D8F80820D8F80C50D8F8E0
:105D10001000D8F814101A605D609860D960D8F847
:105D200018201A6101212046FFF79AFC204601F055
:105D300089FB0646204601F00FFAD6E73444A6B2A6
:105D4000284601F009FA3D4685B16B681F68284670
:105D500001F078FB04463318B3F5803FEEDB0E4BC1
:105D6000CC2211490E4833F061FDE7E74946404631
:105D7000FFF77EFF0D4B1B88B34206D30B4A1388F7
:105D80009B1B13803046BDE8F883034BD2220849A1
:105D9000034833F04BFDF1E7D44104087042040896
:105DA000A03C04086442040884420408D86000202F
:105DB000A4420408F8B505460F4600262BE09A6970
:105DC000D5F810E0724511D1B3F80CE0AA889645D9
:105DD0000CD101E0614618461A6892B19C46134600
:105DE0008BB15A69D5F80CE07245E8D0013400282F
:105DF000F0D093F81FE0C27F9645EDD86146184673
:105E0000EAE76346EAE710B1FFF756FF0644BE42F1
:105E100008DA012C06DD044B1B6800242146A44649
:105E20002046DDE73046F8BDDC60002010B50446B2
:105E300020B12146052000F093FE10BD034B4FF426
:105E400031720349034833F0F1FCF2E7D44104080E
:105E5000C8420408A03C040810B5044638B1606983
:105E600008B101F079F92046FFF7E0FF10BD044BBF
:105E700040F2CE220349044833F0D8FCEFE700BFDC
:105E8000D4410408D4420408A03C04082DE9F84396
:105E900080460E4615464C686088FEF7A6F82378C3
:105EA00003F00F03B0EB830F03D24FF0FF30BDE8D8
:105EB000F8839A00801A1FFA80F9E088FEF795F8B7
:105EC000C0F30C0C4FEACC0C776800233B707B705E
:105ED000BB70FB70A7F804C009EB0C001FFA80FE32
:105EE000F880E645C0F09280D8F804104FF0010920
:105EF0001C4621E03960BCB1E288624500F289802D
:105F00009B889E4500F288802660BB889A4201D01B
:105F10004FF0000919B3002D43D198F81E3013F04B
:105F2000010F3ED12846C2E79B889E4577D8C8F826
:105F30000460EFE719681C460029EBD04B689A888B
:105F40006245D7D862456DD0D98861456DD8002C9F
:105F5000F0D0E1888A42EDD04FF00009EAE79CB129
:105F6000E288BB889A4207D82660E288BB889A42BA
:105F7000D1D04FF00009CEE72D4B4FF4DB722D4905
:105F80002D4833F053FCEFE7D8F8043033B1284BF9
:105F90004FF4DF722949284833F048FCC8F8046000
:105FA000B9E7B9F1000F2ED0D8F8043033B35868F0
:105FB000838833BB3A6852B15368F9889A88914212
:105FC00002D11A681F46F6E71F464FF00009B9F1E3
:105FD000000F18D0B84209D03B68A3B1144B4FF45E
:105FE000F1721749144833F021FC0CE0104B4FF4C8
:105FF000F0721449104833F019FCEDE74FF0000936
:1060000001E04FF00009C9F3000050E74FF0FF3006
:106010004DE74FF0FF304AE74FF0FF3047E74FF0D2
:10602000FF3044E74FF0FF3041E74FF0FF303EE7ED
:10603000D4410408E0420408A03C040800430408DA
:10604000484304083843040808B5052000F05AFD09
:1060500008BD000070B505460E46042000F052FD54
:106060000446B0B120220021204634F0C9F80F23A5
:10607000E3770F4B1A6822601C602B686868A96878
:10608000EA68A360E060216162612B69A361204638
:1060900070BD31462846FFF78DFEB04202DA002C73
:1060A000E0D1F4E7042000F02DFD0446F7E700BF3F
:1060B000DC60002038B5094B1868002404E005684E
:1060C0002146FFF7F9FD284638B1C37F002BF6D0F3
:1060D000013BC37704460068F6E738BDDC6000206A
:1060E0002DE9F843064645682B7803F00F03052B8E
:1060F00040F0D180E888FDF778FFC0F30C084FEA44
:10610000C8086888FDF771FF2B7803F00F039A0029
:10611000B0EB830FC0F0BF80801A87B2304601F029
:1061200091F981466B4B1B8803440A2B02DC6A4BB6
:106130001C680DE001462846FFF73CFE002800F0F1
:10614000AA80644B1B884B440A2BF0DDA3E0246833
:106150005CB16269EB689A42F9D1A2692B699A42F3
:10616000F5D1A289AB889A42F1D174B3E888FDF7E2
:106170003CFFC0F30C0080B3ED8805F02005002D36
:106180000CBF0122002208D108EB07039BB29845FF
:106190007ED84FF6EB718B427AD831462046FFF716
:1061A00075FEB0F1FF3F73D04A4B1A889144A3F8B3
:1061B000009035B9B844A4F81C80A37F43F00103D4
:1061C000A37701281BD0002569E049462846FFF740
:1061D00041FF04460028CFD15DE0E089FDF705FFCF
:1061E000C0F30C000028C7D02B686868A968EA686B
:1061F000A360E060216162612B69A361BCE7A08BB1
:10620000143063685D682E68A368E7682169626975
:106210002B606F60A960EA60A3692B6180B2FDF713
:10622000E4FE68800023AB71EB71AB72EB726568C2
:1062300009E077681421304600F04CFF31462846CB
:1062400001F022F93E68002EF3D1234B1968A142D8
:1062500005D029B10B68A34202D01946F9E73146AF
:106260002046FFF705FD284601F0ECF80446194BDF
:106270001B88834204D3174A13881B1B13800EE02C
:10628000164B40F29B221649164833F0CFFAF2E73C
:1062900044B1636873B1304600F05EFF00252846C4
:1062A000BDE8F8830D4B4FF42A720F490D4833F0C7
:1062B000BDFAEEE7084B1B68A34206D0074B40F23D
:1062C000AB220A49074833F0B1FA00212046FFF714
:1062D000CFFCE0E7D8600020DC600020D441040857
:1062E0006C430408A03C0408884304089443040851
:1062F0002DE9F04F8BB00546069108928B8C143B2C
:1063000021D4C3F3CF030593D5F8048098F8003067
:1063100003F00F03052B40F0D3806B89132B14D9A6
:10632000B8F80600FDF761FEC0F30C03049300F417
:10633000005309932B89143B1FFA83FB1427002475
:10634000CDF808B08DE00733DBE7604B4FF43F72C8
:106350005F49604833F06AFA6FF0050042E05B4B3A
:106360004FF449725C495B4833F060FA8FE0574B59
:1063700040F22D325949574833F058FA26E0FFF7DA
:1063800063FE834648B36B6801943B440093034625
:1063900041222146002000F079FE804628B328469D
:1063A00001F05AF8CBF814504D4BCBF81030414661
:1063B000484601F069F8361BB6B2FEB12D680027D9
:1063C000E6B16B89DC1BA4B2BB42D0D3B44228BF78
:1063D0003446002CD3D12D68F1E7484600F0BCFECE
:1063E0004FF0FF300BB0BDE8F08F5846FFF71EFDB1
:1063F000484600F0B1FE4FF0FF30F3E7DDF81C80B7
:106400002744BFB2069B9B8C133B049AC2F30C003B
:10641000029A934201DD099B0BB140F40050FDF755
:10642000E4FDAAF80600039E06F1140080B2FDF711
:10643000DCFDAAF8020000238AF80A308AF80B3043
:1064400006984369089A49469847484600F084FEF2
:10645000029B9B1B9BB20293049B059A13449BB225
:106460000493029B53B3059BDB009BB2029A9342B9
:1064700028BF134603934FF4207214210E2000F01E
:10648000CDFE8146F8B14389132B7FF668AFD9F86A
:106490000430D8F80020D8F80460D8F80800D8F8FC
:1064A0000C101A605E609860D960D8F810201A61EC
:1064B000D9F804A0039ECDF81C8081E7002091E765
:1064C0006FF005008EE74FF0FF308BE7D4410408F2
:1064D000B4430408A03C0408D0430408F043040873
:1064E000595E0008014B1B6818447047E8600020A3
:1064F000024B1B68C01A80B2704700BFE8600020E2
:10650000F8B50446FFF7F4FF074625882846FFF74D
:10651000E9FF064664882046FFF7E4FFB5F5804FA3
:1065200010D8B4F5804F0FD8BC4202D00388BB42CC
:106530000CD1094B1B68B3420AD07388BB4209D106
:10654000012000E00020F8BD0020FCE70020FAE771
:106550000120F8E70020F6E7E460002038B50446A3
:10656000344B1B6883423ED8334B1B68A34242D94D
:106570002379002B47D12388B3F5804F4BD820884F
:10658000FFF7B0FF844215D003799BB92A4B1B68F3
:1065900083420FD0294B1B68834244D0008820805F
:1065A000B0F5804F06D0FFF79DFF05462046FFF768
:1065B0009FFF68806088FFF795FF0546844211D0F1
:1065C00003797BB91D4B1B68A3422FD020882880FC
:1065D000B0F5804F06D0FFF785FF04462846FFF749
:1065E00087FF608038BD164B40F2DF121549164810
:1065F00033F01CF9B8E7124B4FF4F072134912480C
:1066000033F014F9B4E70E4B40F2E11210490E4892
:1066100033F00CF9AFE70A4B4FF4F2720D490A4818
:1066200033F004F9ABE7054B1C60B7E7034B186088
:10663000CCE700BFE8600020E4600020E0600020BC
:10664000004404086C440408A03C04088444040882
:10665000A0440408BC44040838B50B4C24F00304DF
:106660000A4B1C604FF48045258000236380237112
:106670002846FFF737FF064B18600123037105809A
:106680004580044B1C6038BDEF600020E8600020AE
:10669000E4600020E0600020002844D038B50446C3
:1066A00010F0030F1FD1A0F108051F4B1B68AB4270
:1066B00021D800F10C031D4A126893421BD810F830
:1066C000043C03B32846FFF71BFF20B3002304F864
:1066D000043C174B1B68AB4201D9154B1D60284683
:1066E000FFF73CFF0EE0134B40F2732212491348B0
:1066F00033F09CF806E00F4B40F27F2210490F4820
:1067000033F094F838BD0B4B4FF423720D490B480E
:1067100033F08CF8F6E7074B40F295220A49074818
:1067200033F084F8EEE77047E8600020E460002072
:10673000E060002000440408E8440408A03C040889
:106740000C45040828450408504504082DE9F84381
:106750000446CB1C9BB223F003030B2B05D99DB23F
:10676000B5F5804F02D9002499E00C258D42C0F088
:1067700095804D4B1B68A34203D84C4B1B68A3422A
:1067800006D84B4B40F2D1224A494B4833F04EF8E1
:10679000454B1B68A34200F28280444B1B68A34216
:1067A0007DD9A4F10800FFF7A3FE064634F8088C53
:1067B000A8EB00081FFA88F8A8F108081FFA88F863
:1067C000454529D845456DD869D034F8087C384608
:1067D000FFF788FE81460379002B33D1B7F5804F50
:1067E00022D0B9F800703544ADB20835ADB2334BA4
:1067F0001B684B4520D02846FFF774FE0023037129
:106800000780468024F8085C0088B0F5804F46D0A9
:10681000FFF768FE458042E0254B4FF43972284966
:10682000254833F003F8CDE7214B40F2F522254906
:10683000214832F0FBFFD4E72846FFF753FE1F4BF9
:106840001860D8E705F11403434528D83544ADB2A4
:106850000835ADB2B7F5804F18D02846FFF742FE95
:10686000164B1B68834201D9144B18600023037137
:1068700034F8083C0380468024F8085C0088B0F5B2
:10688000804F0CD0FFF72EFE458008E0084B40F209
:1068900016320C49084832F0C9FFDEE700242046D2
:1068A000BDE8F8830024FAE7E8600020E4600020F7
:1068B0000044040884450408A03C0408E06000206B
:1068C0009C450408BC450408002800F09680F8B5F3
:1068D0000246C31C9BB223F003039EB20B2B04D9C8
:1068E000B6F5804F02D9002086E00C269642C0F013
:1068F0008680444B1868FFF7FBFD05464CE0424B91
:1069000040F287324149424832F090FF60E0012373
:1069100003713C4B1868A0420FD0274408373D4B09
:106920001B689F421FD814F0030524D15DBB04F1FE
:10693000080061E00088FFF7D5FD03791BB1354AF7
:1069400012688242F6D12F4A1060324A126882429F
:10695000E3D0002BE1D02C4B40F2B5322E492C482D
:1069600032F064FFD9E7284B40F2B9322B4928486E
:1069700032F05CFFD7E7244B40F2BB322849244871
:1069800032F054FFD2E7204B40F2BD322549204877
:1069900032F04CFFCBE725883746C6F580439D4251
:1069A00029D22846FFF79EFD04460379002BF2D139
:1069B00003885B1B083BB342EDD306F114029342FC
:1069C000A5D32E44B6B20836B6B2B6F5804F96D0EF
:1069D0003046FFF787FD002303712388038045803D
:1069E0002680012323710088B0F5804F91D0FFF7F6
:1069F00079FD46808DE70020F8BD0020704700201B
:106A0000FAE700BFE060002000440408BC45040829
:106A1000A03C0408E4600020D0450408EC450408CC
:106A20001C4604084C46040810B583681C6824B151
:106A300022681A6014F0030F01D1204610BD044BE8
:106A40004FF48C720349044832F0F0FEF5E700BFC2
:106A500070460408DC460408A03C040838B5054626
:106A60000C4611F0030F05D1AB681B682360AB68BF
:106A70001C6038BD034B4FF4B6720349034832F033
:106A8000D5FEF1E77046040800470408A03C04085E
:106A9000836800221A604368033323F0030307E08E
:106AA00081680968196081680B6001880B440132B4
:106AB00041889142F4DC704710B5002406E0054B94
:106AC00053F82400FFF7E4FF0134A4B2082CF6D9F0
:106AD00010BD00BFF0CA040810B5044610B1FFF79E
:106AE000A3FF10BD044B4FF49E720449044832F0DA
:106AF0009DFE2046F5E700BF7046040820470408C5
:106B0000A03C040808B5082805D8074B53F8200016
:106B1000FFF78AFF08BD054B40F2571204490548AC
:106B200032F084FE0020F5E7F0CA0408704604083D
:106B300034470408A03C040808B518B109B1FFF7B0
:106B40008DFF08BD034B40F295120349034832F014
:106B50006DFEF6E77046040820470408A03C0408D0
:106B600008B5082806D821B1064B53F82000FFF7D6
:106B700075FF08BD044B4FF4D5720449044832F048
:106B800055FEF6E7F0CA04087046040854470408A6
:106B9000A03C04080B688268934202D08360012005
:106BA0007047002070470B68C268934202D0C360F0
:106BB00001207047002070476FF00B00704738B518
:106BC00004460D4601F0DAFA2946204605F0C0FADF
:106BD00038BD000038B50C46054680B195F82D301B
:106BE00013F0040F0AD013F0010F07D014F0010FB7
:106BF00004D06A6812B113F0080F08D138BD064BF3
:106C000040F26D320549064832F010FEE6E7291DD4
:106C10002846FEF7F1F9F1E770470408DC4704085D
:106C2000A03C040870B582B0044615460E4639B142
:106C300075B1326863689A4212D1002002B070BD0B
:106C4000104B40F2CB121049104832F0EFFDEFE745
:106C50000C4B4FF4E6720C490C4832F0E7FDE8E7C4
:106C600001922B6001A92846FFF7A9FF3EB13368C6
:106C7000636001212046FFF7ADFF0120DEE700231E
:106C8000F6E700BF7047040800480408A03C040869
:106C9000704700002DE9F04182B0044616461D46BB
:106CA0000F46D9B1E6B1EDB10FB13B68E3B901AA26
:106CB00039462046FFF7B6FF4FF001080022314663
:106CC0002046FFF767FF002229462046FFF76BFFAB
:106CD000B8F1000F0BD002B0BDE8F081074FE1E73B
:106CE000064EE0E7054DDFE74FF00008E6E701AAB2
:106CF00039462046FFF796FFEDE700BFECCA0408CF
:106D000070B5059C064610B3002C29D0002930D060
:106D1000002A30D0002B30D000207060B060F060CE
:106D2000364D7561B08486F82D00F06104983062AC
:106D30003348007886F83000069830613046FFF717
:106D4000A9FF3046A04700283ED0002050E02D4B40
:106D500040F227122C492D4832F068FD304647E0BA
:106D6000284B4FF494722A49284832F05FFD0020E6
:106D70003EE02849CCE7274ACCE7264BCCE7002366
:106D800086F8303024E01F4B40F28B1222491F4816
:106D900032F04CFD09E094F8302096F830309A42F9
:106DA0000ED024687CB1B442EDD00135FF2DF2DD68
:106DB000144B40F28D121949144832F037FDEAE7BE
:106DC000013386F830303CB196F83030FF2BD6D006
:106DD000134B1C680025E5E796F83030FE2B08D0F1
:106DE0000133074A13700E4B1A6832601E6030463A
:106DF00070BD034B00221A70F5E700BFB96B0008A5
:106E0000B33101207047040810480408A03C04086E
:106E10002C480408ECCA04085048040864480408D4
:106E2000B8310120014B1860704700BFB431012018
:106E300008B528B190F82D3013F0010F08D008BD27
:106E4000074B4FF454720749074832F0EFFCF6E75E
:106E500043F0010380F82D300321FFF7BBFEEEE77E
:106E60007047040894480408A03C040808B560B1C1
:106E700090F82D3013F0010F06D003F0FE0180F8DA
:106E80002D1013F0080F08D108BD054B40F29B32BE
:106E90000449054832F0CAFCF6E7FEF735F8F3E797
:106EA00070470408B0480408A03C040810B530B18D
:106EB000044690F82D3013F0040F08D010BD0A4B93
:106EC0004FF4787209490A4832F0B0FCF6E743F013
:106ED000040380F82D300321FFF77CFEE369002BCB
:106EE000ECD020469847E9E770470408D0480408EA
:106EF000A03C040808B560B190F82D3013F0040FE1
:106F000006D003F0FB0380F82D30C36903B1984726
:106F100008BD044B40F206420349044832F086FCA7
:106F2000F6E700BF70470408F4480408A03C0408D2
:106F300000B1C16170470000024658B1064B1868A5
:106F400038B190F830300133DBB2934203D000689F
:106F5000F6E7704700207047B8310120014B01224D
:106F60001A707047BC31012010B4002404604160E5
:106F7000028143819DF8043003739DF80830437308
:106F800001238373C47310BC704702E0C91A89B22D
:106F9000006810B143898B42F8D902B11180704763
:106FA00008B5D0B10346B1F5803F1DD231B31FFA09
:106FB00081FC0089604480B2604521D393F90CE0E4
:106FC000BEF1000F12DBEAB15A68511A59605A89B2
:106FD00062445A811881002007E00B4B40F2DF1217
:106FE0000A490B4832F022FC012008BD5A68511AA8
:106FF00003F110028A42E9D90120F6E70020F4E704
:107000000120F2E70120F0E718490408C84204080B
:10701000A03C040808B5074B00221A70064B1868FC
:1070200000E0C06820B1436F002BFAD000F00EFFE3
:1070300008BD00BFBC310120C4310120F0B583B0D0
:1070400006460D461446412A01D0012A0FD10720D9
:10705000FFF758FD074638B10023019300942B46F3
:107060002A463146FFF780FF384603B0F0BD044B97
:107070004FF4A5720349044832F0D8FBE7E700BF9C
:107080001849040884490408A03C040810B582B0DB
:1070900084468E46184604990CF1030C2CF0030C20
:1070A0000EEB0C04BDF814309C420CD801B16144C5
:1070B000044602230193009273467246FFF754FF81
:1070C000204602B010BD0024FAE708B50022FFF701
:1070D00067FF08BD08B598B10346B1F5803F16D2E9
:1070E00001B388B25A89824213D3D3F804C06144F1
:1070F0005960121A5A811A89121A1A81002007E05F
:10710000094B40F24B220949094832F08FFB01201C
:1071100008BD054B40F255220649054832F086FB72
:107120000120F5E70020F3E718490408C8420408E5
:10713000A03C04089849040808B5002902DBFFF7C1
:107140002FFF08BD4942FFF7C5FFFAE708B5012246
:10715000FFF7F2FF08BD000070B510B1044600252E
:1071600017E0284B4FF437722749284832F05EFB6E
:107170000025284670BD234B40F2F12224492348C4
:1071800032F054FB0AE02369204698470135EDB2FE
:107190003446002CEDD0A37B002BECD0A37B013B2D
:1071A000DBB2A373002BE4D12668237B03F00F032B
:1071B000627B12F0020F0AD02369002BE3D1114B3E
:1071C00040F2FF221349114832F030FBDBE7022B7B
:1071D00006D0012B09D06BB92046FFF75DFAD5E741
:1071E00021460820FFF7BCFCD0E721460720FFF727
:1071F000B7FCCBE7034B40F20F320749034832F0AC
:1072000015FBC3E718490408C8420408A03C040859
:10721000B8490408D0490408F44904082DE9F04F9E
:1072200083B00E469046B2F5C17F4FD004460DD8CC
:10723000012A41D0412A3FD0524B40F227125249F5
:10724000524832F0F3FA4FF000093BE0B2F5207FEC
:10725000F2D1C11C01F4FE71F21C93B223F00303BE
:107260000B449BB203F1100080B222F00302934260
:10727000C0F08180824200F28180FFF725FB8146C9
:1072800000B304F110010144033100230193CDF850
:1072900000803346324621F00301FFF765FED9F83E
:1072A000043013F0030F0DD0364B4FF49172384970
:1072B000364832F0BBFA05E0424631460020FFF77F
:1072C000BDFE8146484603B0BDE8F08F0546002765
:1072D000B94621E0FFF742FEB9F1000F02D048465F
:1072E000FFF73AFFB946EDE7264B4FF48072294984
:1072F000264832F09BFA0BF1030B2BF0030BBBF586
:10730000807F2ED0B9F1000F33D0CAF80070341B43
:10731000A6B20025002ED5D0BA460820FFF7F2FB12
:1073200007460028D6D0EC1C24F00304A4B2C4F510
:107330008074A4B2B44228BF3446AB4605F11001B4
:107340000144033100230193CDF8008023463246E7
:1073500021F00301FFF708FE7B6813F0030FCAD08A
:10736000C2E7084B4FF481720B49084832F05EFACD
:10737000C8E7B946CBE74FF00009A3E74FF0000993
:10738000A0E700BF18490408984A0408A03C040874
:107390006C4A0408084A0408384A0408F8B50E463E
:1073A0000446B8B12789B7422ED935466389AB4226
:1073B00018D2EB1A9DB22389F21B1344238124684F
:1073C000002CF3D11A4B40F2AF121A491A4832F08E
:1073D0002DFAEBE7164B4FF4CC721849164832F0F1
:1073E00025FADFE7227B12F00F0F05D1AB4203D065
:1073F000637B13F0020F08D065812581206808B1F6
:10740000FFF7AAFE00232360F8BD63681B1BE91881
:1074100089B22046FFF79AF904460028ECD1044BC4
:1074200040F2BD120649044832F000FAE4E700BF1A
:1074300018490408CC4A0408A03C0408B44A0408CB
:10744000E44A04080346002002E0013080B21B68D1
:10745000002BFAD17047000070B108B5837B01336F
:10746000DBB2837303B108BD044B40F242320449DE
:10747000044832F0DBF9F6E7704700BF184904080A
:10748000004B0408A03C040838B510B10D46044672
:1074900061B9154B40F259321449154832F0C6F91A
:1074A00019E0238928890344238114462268002A8D
:1074B000F7D1228963899A420ED1236833B10A4BEE
:1074C00040F263320B490A4832F0B0F923892A8925
:1074D00013442381256038BD034B40F262320649D4
:1074E000034832F0A3F9E8E718490408144B0408EC
:1074F000A03C04087C4B04084C4B040810B50C4617
:10750000FFF7C2FF2046FFF7A7FF10BD2DE9F041AE
:1075100048B10C46054631B102890B899A4202D323
:107520000027B84629E03B4B40F2C9323A493B4874
:1075300032F07CF96FF00F0069E0364B40F2D9323F
:107540003749364832F072F92BE0324B40F2DA32EA
:107550003449324832F06AF926E02D6815B14FF00F
:10756000000829E0002C3AD14FF000081DB16A89CB
:107570002B899A423DD0002C48D06E89A6EB080694
:107580006389DB1B9E4200D31E46686861683246F1
:1075900039444044F9F7A4FAB04437446B89434571
:1075A000CBD36389BB42D0D36389BB4201D8246863
:1075B00000276B894345D0D0002CD7D0628923891E
:1075C0009A42D3D12368002BD0D0124B40F2E9323B
:1075D0001549124832F02AF96FF0050017E00D4BFB
:1075E0004FF4797211490D4832F020F96FF00F0015
:1075F0000DE02B68002BBED0064B40F2EE320A495C
:10760000064832F013F96FF0050000E00020BDE8F5
:10761000F08100BF184904088C4B0408A03C040802
:10762000BC4B0408D44B0408004C0408F04B04087D
:107630002DE9F84330B188469146054669B10027E7
:107640003E462AE01B4B40F20A421B491B4832F0DF
:10765000EDF800273846BDE8F883164B40F20B42A0
:107660001749164832F0E2F80027F3E76C89E41A6C
:10767000A4B2A14500D24C4669682246194408EBE1
:107680000600F9F72DFA2744BFB22644B6B2A9EB9B
:1076900004041FFA84F900232D68B9F1000FD9D032
:1076A000002DD7D0002BE1D06A899A42DED89B1AF0
:1076B0009BB2F1E7184904082C4C0408A03C0408CC
:1076C0004C4C040808B5FFF760FC08BD2DE9F843F1
:1076D00048B188469146054679B10389934216D34D
:1076E000164600272EE0224B40F2B34221492248A1
:1076F00032F09CF86FF00F002FE01D4B40F2B442C7
:107700001E491D4832F092F86FF00F0025E0184B2B
:1077100040F2B5421A49184832F088F84FF0FF306D
:107720001BE0134B40F2BD421649134832F07EF87D
:107730000BE0224608EB07016868F9F7D1F9361B20
:1077400027442D6836B1002DEBD06C89B442F0D3BC
:107750003446EEE74F4502D10020BDE8F883044BE4
:107760004FF499620849044832F060F80020F4E7C9
:1077700018490408704C0408A03C0408884C04080C
:10778000A44C0408C44C0408DC4C0408F0B583B0D5
:107790000E4614460DF106021946FFF793FF58B343
:1077A00007460189BDF806301A19914227DB428944
:1077B000934213D27D89BDF80630EA1A944215DD52
:1077C00095B278682A4631461844F9F789F9621B60
:1077D00092B2711962B9002003B0F0BD094B40F2BA
:1077E000E3420949094832F021F8E3E72546E8E792
:1077F0003868FFF76BFFEFE74FF0FF30ECE74FF033
:10780000FF30E9E718490408F44C0408A03C0408D8
:1078100038B514460A462189FFF700FD054618B120
:107820002146FFF773FE08B9284638BD034B40F2E6
:1078300024520349034831F0F9FFF5E718490408D9
:107840000C4D0408A03C040800B583B00DF10602FD
:10785000FFF79BFB48B14189BDF80620914207D94B
:107860004368985C03B05DF804FB4FF0FF30F9E724
:107870004FF0FF30F6E710B582B014460DF1060266
:10788000FFF720FF30B14189BDF80620914201D9B0
:1078900043689C5402B010BD4FF0000C0BE0164B37
:1078A0004FF440421A800FE00CF1010C1FFA8CFCDF
:1078B000BCF5804F1DD2104A138801339BB2138050
:1078C0004FF6FF729342EAD0002003280ED80B4BEC
:1078D00053F820301B6833B1D98A074A1288914285
:1078E000E2D0DB68F7E70130C0B2EEE7024B188860
:1078F00070470020704700BF2400002080CB0408A0
:1079000038B504460D4649B9074BFF2207490848D8
:1079100031F08CFF02E00023E367E4681CB1E36F01
:10792000AB42FAD1F7E738BD204D04088C4D04086E
:10793000A03C040838B5054620B12B7D012B09D1A8
:10794000012417E00D4B40F211120D490D4831F0A2
:107950006DFFF2E7094B4FF489720B49094831F08A
:1079600065FFEDE7094B53F8243029461868FFF707
:10797000C7FF0134032CF5D938BD00BF204D0408E2
:10798000B44D0408A03C0408C04D040880CB040892
:1079900010B50446037D012B04D021460220FFF7D9
:1079A000DFF810BD034BDF220349044831F03EFFEE
:1079B000F3E700BF204D0408D84D0408A03C04089C
:1079C00038B5044690B1237D042B17D0072B1DD06A
:1079D000032B2CD1204603F0F3FB0546F0B9052319
:1079E0002375204603F06AFD284638BD114B4FF43D
:1079F000CE721149114831F019FFE4E7204603F037
:107A0000DFFB054650B905232375EAE7204603F05E
:107A1000D7FB054610B909232375E2E7B5F1FF3F0F
:107A2000E2D1638B43F0080363830025DCE7002584
:107A3000DAE700BF204D0408B44D0408A03C040858
:107A4000094B186878B110B501E0204654B1C468FC
:107A5000438B13F0080FF8D023F008034383FFF79C
:107A6000AFFFF2E710BD7047C431012008B531F017
:107A7000C1FE6FEA80406FEA9040014B188008BD5C
:107A80002400002010B50446037D012B04D02146BC
:107A90000120FFF765F810BD034BD42203490448C9
:107AA00031F0C4FEF3E700BF204D0408F44D040894
:107AB000A03C040838B5044690B1656A218D681869
:107AC000E26AB4F832C0BCF5866F94BF02EB0C03D7
:107AD00002F58663C31A002B0ADB6185801A38BD64
:107AE0000E4B40F2A6320E490E4831F09FFEE4E7FD
:107AF000AB1A002B03DD002363850020EFE7551B45
:107B0000B5F5803F01D26585F7E7044B40F2B63208
:107B10000549044831F08AFEF5E700BF204D04080E
:107B2000084E0408A03C04082C4E040838B5B0B137
:107B30000C460546037D012B19D02B8D191989B2EE
:107B4000B1F5066F01D88B4219D94FF406632B8526
:107B50002846FFF7AFFFB0F5067F12D238BD0D4BB8
:107B600040F2CF320C490D4831F060FEF6E7094B88
:107B700040F2D2320A49094831F058FEDDE7298542
:107B8000E6E76B8B43F002036B83284603F096FC19
:107B9000E4E700BF204D0408484E0408A03C040858
:107BA000604E040850B110B50446406808B1FFF7B4
:107BB000D3FA21460320FEF7D3FF10BD704738B13A
:107BC00010B50468FFF7EEFF2046002CF9D110BD78
:107BD0007047000038B5054688B10320FEF792FFD4
:107BE000044650B128686968AA68EB682060616043
:107BF000A260E3606068FFF72FFC204638BD044BAD
:107C000040F282620349044831F010FEE5E700BF0C
:107C1000204D0408884E0408A03C040800B101610E
:107C20007047000080B138B50C460546037D012B36
:107C300002D0C5F8844038BD044B40F2DF720449DD
:107C4000044831F0F3FDF4E7704700BF204D04080D
:107C5000A44E0408A03C040880B138B50C46054683
:107C6000037D012B02D0C5F8804038BD044B40F2A3
:107C7000F3720449044831F0D9FDF4E7704700BFBE
:107C8000204D0408CC4E0408A03C040808B530B1CF
:107C9000074B1868074A12681044186008BD064B65
:107CA00040F6AF020549064831F0C0FDF0E700BFDD
:107CB00020000020D0310120204D0408F44E04089B
:107CC000A03C040838B505460C465AB144B1A38C13
:107CD00033B1282B0ED9283B9BB29D4228BF1D46AD
:107CE000284638BD044B40F6C5020449044831F02B
:107CF0009DFDEBE70023F0E7204D0408104F04083A
:107D0000A03C0408F8B5002850D01E4604460029BF
:107D100056D0037D002B5DD10B6843600283007A4F
:107D2000002861D0FFF708F90546002D77D00CB187
:107D300023680BB96B682360E78A27B9FFF7ACFDAE
:107D4000E08200286ED02046FFF7A0FF002161628C
:107D5000206501386064A065E0654FF406636385C3
:107D60002385E162A4F860304FF406706086221D1E
:107D70002946FFF7A7FF60860123A4F84830C4F81E
:107D800088600221204603F065F90546002844D1A9
:107D900002232375002F34D0244B1B68A34228D024
:107DA0006BB3DA68A24228D01346F9E7204B40F2C1
:107DB00035422049204831F039FD6FF00F052CE0A5
:107DC0001B4B40F236421D491B4831F02FFD6FF02E
:107DD0000F0522E0164B4FF487621949164831F01F
:107DE00025FD6FF0090518E0201DFDF759FC05463B
:107DF0009BE7DA680D4B1A6001E0E268DA60002365
:107E0000E360104B1A68E2601C6003F0EBFD0E4B60
:107E100001221A70204603F051FB2846F8BD6FF08E
:107E20000305FAE76FF00105F7E700BFCC31012049
:107E3000204D0408384F0408A03C0408544F04089F
:107E4000704F0408C4310120BF31012010B5044631
:107E5000406F18B1FFF7B3FE0023636710BD000049
:107E600010B500B30446037DE3B10A2B1AD0012BF1
:107E700018D0806F18B1FFF76FF90023A367636F05
:107E800013B12046FFF7E2FF4FF6FF732386E06E43
:107E9000FFF795FE206FFFF792FE0023E36623674E
:107EA000A4F8683010BD044B40F651020349044861
:107EB00031F0BCFCF6E700BF204D0408A04F0408D9
:107EC000A03C040838B505460C4649B185B12B687D
:107ED000A34215D0CBB1DA68A24214D01346F9E719
:107EE000254B40F683022549254831F09FFCEDE7FC
:107EF000214B40F684022349214831F097FCE6E704
:107F0000DB682B6001E0E268DA600023E360204672
:107F1000FFF7A6FF237D0A2B05D0012B03D0638B2F
:107F200013F0010F21D1237D012B1AD0E36E33B161
:107F3000114B40F693021449114831F077FC236F3E
:107F400033B10D4B40F6940210490D4831F06EFCF0
:107F5000636F33B1084B40F696020D49084831F083
:107F600065FC00232375E38238BD43F0020363837D
:107F7000204603F0A3FAD6E7204D0408BC4F0408BE
:107F8000A03C0408D84F0408F84F04081050040817
:107F90002C5004082DE9F04784B0F8B10D46044692
:107FA000037D012B22D0237D0A2B27D0D4F85080CB
:107FB000D4F82490D4F890602769002B47D1B4F806
:107FC00016A0BAF1000F4CD02D4B1B68A3421DD058
:107FD00013B3DA68A2421DD01346F9E7294B40F2E9
:107FE0003D222949294831F021FC2DE0254B4FF451
:107FF00010722749254831F019FCD4E7214625485D
:10800000FFF760FF2046FFF73DFD1DE0DA681C4BDF
:108010001A6001E0E268DA600025E560AA46206F98
:1080200008B1FFF7CCFDE06E08B1FFF7C8FD606F47
:1080300008B1FFF7C4FDB5B92046FFF723FD1EB117
:108040006FF00C013846B04704B0BDE8F087B4F8D3
:1080500016A021461048FFF735FF104B01221A7079
:10806000DDE70025DBE7231D228B0292CDF804A07B
:10807000009323464A464146204603F09DF9DBE73C
:10808000CC310120204D040844500408A03C0408D1
:1080900060500408C0310120C4310120BF310120EB
:1080A00008B50121FFF776FF08BD000008B50A4BAF
:1080B0001B684FF0000C604600E0DB6843B1196AB2
:1080C000064A1268521A6245F7D394461846F4E7F6
:1080D00008B1FFF7E5FF08BDC0310120D031012014
:1080E00010F0800F01D108B970477F2010B501381A
:1080F000C2B2104B1B684FF0000C604607E00E4AFE
:108100001268186AA2EB000C0A461846DB6863B1D5
:10811000597D9142F3D3F9D1074C2468D3F820E07C
:10812000A4EB0E0EE645F1D3E9E708B1FFF7B8FF7F
:1081300010BD00BFC4310120D031012070B50C4604
:10814000054660B90A4B4FF410620A490A4831F0FB
:108150006DFB04E0E6682046FFF7A2FF34462CB131
:1081600022682B689A42F5D0E468F8E770BD00BF3A
:10817000204D040894500408A03C040800B338B50E
:108180000D460446036803B938BD0E4B1968FFF766
:10819000D5FF0D4B19682046FFF7D0FF002DF3D017
:1081A0002B68002BF0D0094B1B6800E0DB68002B2C
:1081B000EAD0196822689142F8D12A681A60F5E776
:1081C000704700BFC4310120CC310120C8310120EB
:1081D00038B50446A0F10803DBB2012B04D8104BDC
:1081E0001B680021084608E00E4B40F2DD620E4994
:1081F0000E4831F01BFBF2E7DB685BB11A7DA2424F
:10820000FAD10B4A12681D6A521B8A42F4D31146F6
:108210001846F1E710B10021FFF7BCFE38BD00BFE2
:10822000C4310120204D0408C8500408A03C0408B3
:10823000D031012038B505460120FEF763FC044625
:1082400060B39C220021204631F0DAFF65754FF4BF
:108250008663A4F864304FF4066262852285FF22AB
:10826000E2724FF4067262860622A4F84020E2878A
:108270004FF6FF7222860122A4F848201A4A12689B
:1082800022621A4A1278A277A4F84A30184BC4F82E
:108290008430184BC4F89430204638BDFFF7D0FB2B
:1082A000FFF704FF0120FEF72DFC04460028C8D18B
:1082B0000920FFF78DFF0120FEF724FC044600286B
:1082C000BFD10820FFF784FF0120FEF71BFC044606
:1082D0000028B6D12846FFF703FF0120FEF712FC65
:1082E00004460028ADD1D7E7D0310120BD310120AF
:1082F0009584000800DD6D0008B54020FFF79AFF67
:1083000008BD000030B585B00D460446D0B125B19A
:10831000237D042B1ED0072B1CD0237D012B6AD07C
:10832000022B74D0002B7ED1E38A002B5ED0404B11
:108330001B68A34252D0002B56D0DA68A24251D01B
:108340001346F8E73B4B4FF4AF723B493B4831F0E3
:108350006DFADCE7A36FE3B1638B13F0100F1DD050
:10836000231D228B0292E28A019200932346626AC5
:10837000216D204603F020F82046FFF771FD304BB9
:108380001B68A34212D0BBB1DA68A24212D01346D6
:10839000F9E7238DB3F5066FBFD0DDE7254B4FF42A
:1083A000B2722849254831F041FAD9E7DA68244BFE
:1083B0001A6001E0E268DA600023E360224B0122E8
:1083C0001A70224B1B68A34205D02046FFF75AFBC8
:1083D000002005B030BD01F0EBFFF9E7DA68144B7F
:1083E0001A6001E0E268DA600023E3602046FFF7EC
:1083F00049FB0020EDE72046FFF79CFA2146144890
:10840000FFF760FD2046FFF7C3FA0020E1E72146B1
:108410000B48FFF757FD0C4B01221A702046FFF75F
:1084200031FB0020D5E72046FFF7CAFAD1E700BFAD
:10843000CC310120204D0408D8500408A03C040889
:10844000C4310120F8500408BF310120D43101208B
:10845000C831012008B560B10346027D012A03D06E
:10846000428B42F01002428301211846FFF74AFF77
:1084700008BD054B4FF4F4720449054831F0D6F9B4
:108480006FF00F00F4E700BF204D040814510408FA
:10849000A03C040810B551B1144608468AB11189B0
:1084A000FFF744FB2046FEF757FE002010BD084BA7
:1084B0004FF4D3620749084831F0B8F96FF00F0064
:1084C000F4E70BB10020F1E7FFF7C4FFEEE700BFD0
:1084D000204D04082C510408A03C0408F8B518B33A
:1084E0000446866F777B00238367D0F884502DB3D2
:1084F000324601460069A84705463DBB17F0200FEC
:108500002AD0238DB3F5066F01D001332385D4F82B
:1085100084600EB300231A4621462069B04710F14B
:108520000D0F19D1054617E00C4B40F209620C49BA
:108530000C4831F07BF96FF00F050DE00023324657
:1085400001461846FFF7A6FF0546D6E715F10D0FC1
:1085500002D0A6676FF004052846F8BD204D040838
:1085600048510408A03C040870B51C4A1378013334
:1085700013701B4B1C6813E043F002036383204617
:1085800002F09CFF638B23F00303638313E023F06B
:10859000080363832046FFF713FA10E0E5682C46D2
:1085A000DCB1A27F0D4B1B789A42F7D0A377638B87
:1085B00013F0010FE0D1638B13F0080FE7D1E568EA
:1085C000A36F002BEBD0074E002333702046FFF73C
:1085D00085FF3378002BE2D0CBE770BDBD310120A1
:1085E000C4310120BF3101202DE9F04184B09B4A04
:1085F0001368013313609A4A137801331370994B4F
:108600001C68002694E1984B40F2BE429749984876
:1086100031F00CF992E1944B40F2BF4295499448F5
:1086200031F004F98EE1904B4FF4986292499048F2
:1086300031F0FCF88AE12646E46879E194F84230AA
:10864000052B40F28E8101256FE0874B40F2D54229
:108650008A49874831F0EAF89AE1204602F01EFC88
:1086600060B1002384F8983094F89930062B00F21A
:10867000A180013384F89930002556E0204602F0AD
:108680001DFF0028EDD100254FE0B4F930309BB23A
:1086900047F6FE72934201D801332386B4F93020A5
:1086A000B4F940309A4240DB204602F0BBFD20B1D5
:1086B000236F002B39D1E36EBBB3237D022B14D083
:1086C00094F842200C2A28BF0C22B4F93C10B4F9CB
:1086D0003E3003EBE1036A498A5C934047F6FE7241
:1086E00093421EDC1BB2A4F8403000232386B4F86A
:1086F0006030B4F84820934228BF13465B08A4F8C2
:108700004A30618E4A0092B2934201D2A4F84A20C4
:10871000A4F848100023A4F86A30204603F01AF8A1
:1087200003E047F6FF73DEE70125227D062A43D0EA
:10873000637A13F0080704D0042A4AD0072A48D0E5
:108740000027636F53B1236A444A1268D21AB4F9FE
:10875000403003EB4303B2EB430F68D2237D032B7E
:1087600069D0092B70D0002D40F09280E568237FFE
:108770000133DBB22377627F9342C0F0D7800023BE
:108780002377404A1370D4F88C30002B00F0C68059
:108790002146206998473B4B1B78002B7FF42FAF75
:1087A000002800F0BD8026462C46C1E00125BCE72C
:1087B0000025BAE70025B8E7638B13F0100FB7D098
:1087C000216A264B1B685B1A282BB1D90135EDB203
:1087D000AEE7224B1A68236AD21AD4F8941001F536
:1087E000242303F6B8432848A0FB0303B2EB531F2E
:1087F00003D90135EDB20127A3E794F89B30234854
:1088000000FB0311204BA3FB0131B2EB511F01D838
:10881000002796E7204602F0D3FF30B994F89B304A
:10882000013384F89B3000278BE7002789E7204637
:10883000FFF70CFB92E7216A084A1268521A282AAD
:108840008FD90135EDB28CE7226A044B1B689B1A65
:10885000F02B88D90135EDB285E700BFD03101207A
:10886000BD310120C4310120204D0408705104089D
:10887000A03C04089C510408C85104082C52040868
:1088800098CB0408BF310120D34D6210F8240100B9
:10889000D4F890502046FFF7E3FA1EB36F4B1B68E5
:1088A000A34217D0E368F3605FBBD4F81080E76899
:1088B0002046FFF7E7F86A4B00221A701DB16FF0EF
:1088C0000C014046A847664B1B78002B7FF497AEFF
:1088D0003C462DE0634B40F26D526349634830F0F3
:1088E000A5FFDFE75D4B1B68A34206D05D4B40F25E
:1088F00071525F495D4830F099FFE268574B1A604A
:10890000D2E7231D626A216D208B0290E08A0190DC
:1089100000932346204602F04FFDC6E700203AE7C9
:10892000204602F0CBFD26462C4601E026462C468A
:10893000002C50D0237D002B3FF465AE237D012B0E
:108940003FF469AE237D0A2B3FF46DAEA27F494B05
:108950001B789A423FF46FAEA377237D022B3FF43E
:108960006DAE94F842300B2B3FF6DEAE94F8995082
:10897000002D3FF48AAE236F33B13A4B40F2D4421C
:108980003D493A4830F052FFE36E002B3FF45DAEB4
:1089900094F89A300B2B3FF609AF94F89930013BCD
:1089A000364AD25C94F89830934202D2013384F86C
:1089B000983094F898309342FFF4FAAEB4F860100F
:1089C00000297FF44AAE204602F028FF00283FF439
:1089D00048AE0025A9E62A4B1D6807E02A6A294B04
:1089E0001B689B1AF02B0ED82C46ED68002D31D059
:1089F0002B7D0A2BF2D01B4B40F2A15222491B487F
:108A000030F014FFEAE72846FFF72AFA9CB11C4B26
:108A10001B68AB4207D0EB68E360EE682846FFF7BF
:108A200031F83546E2E70F4B40F2AF5217490F4895
:108A300030F0FCFEEFE7124B1B68AB4206D0094B4F
:108A400040F2B3521249094830F0F0FEEA680C4B8C
:108A50001A60E2E704B0BDE8F08100BFC431012034
:108A6000BF310120204D040864520408A03C0408D2
:108A700090520408BD310120F851040890CB04083D
:108A8000C0310120D0310120BC520408EC5204084E
:108A90001453040808B5FFF767FD064A137801333D
:108AA000DBB2137013F0010F00D108BDFFF79CFD7E
:108AB000FBE700BFBE3101200A4A1388591C118010
:108AC000094A116819B1094A1288934204D2084A26
:108AD00012681344187D7047DBB2D2B29B1ADBB226
:108AE000C85C7047EC310120F0310120F4310120E5
:108AF000F831012038B50446E8B1214B1B88002B22
:108B00003DD0204B00221A801E4B1A881C4B1B881C
:108B10009A4234D2FFF7D0FF0128F5D0022812D0B4
:108B200068B3FFF7C9FF012829D9164B1A881044EA
:108B300002381880E8E7144B40F27D72134914485C
:108B400030F074FED9E7FFF7B7FF042817D10D4BBB
:108B50001B8801330A4A1288934210DAFFF7ACFFF0
:108B60000502ADB2FFF7A8FF284380B2431E9BB2B7
:108B7000B3F5067F01D34FF406706086C4E738BDB5
:108B8000F6310120EC3101203C530408A8530408BD
:108B9000A03C040810B5044630B1114B1B7813F00B
:108BA000100F09D1002010BD0E4B40F25A220E4981
:108BB0000E4830F03BFEF0E7638B13F0100F06D148
:108BC000D4F890301BB16FF00E0120699847214610
:108BD0000748FFF777F92046FEF754FF0120E2E748
:108BE000DC3101203C530408C4530408A03C0408B1
:108BF000C4310120234B1B7813F0040F41D130B551
:108C000085B00446A0B11F4B1B7813F0020F29D08A
:108C10001D4B1A68636AD11A002904DB218D0B44AD
:108C2000D31A002B0CDD194B1B8813BB05B030BDCC
:108C3000174B40F2EE221749174830F0F7FDE2E7F4
:108C4000164B1968164B114800880D880295498803
:108C50000191191F0091024412490968204602F04F
:108C6000ABFBE3E713F0010FDDD00F4B1B68236272
:108C7000D9E7638B43F002036383204602F01EFCB6
:108C8000D4E77047DD310120E8310120DE310120D9
:108C90003C530408EC530408A03C0408F8310120BC
:108CA000CC5F0020E4310120D0310120474B1B78FC
:108CB00013F0040F40F08880F0B585B0044648B149
:108CC000424B1B7813F0100F0CD113F0020F1DD183
:108CD00005B0F0BD3E4B40F281223E493E4830F0A7
:108CE000A5FDEDE73D4B19683D4B3E4A10883E4AD5
:108CF00012680D88029549880191191F009102445C
:108D00003A490968204602F057FBE1E7607DFFF72A
:108D100091FA0546002849D0354B5A6902601B6913
:108D20004360E38AC3822D4E33681B880383032389
:108D300003752D4F3B6801334362C362FEF7A6FF04
:108D4000A86528656864E8653B68013B6B65236935
:108D50002B61EC67637A03F00C036B72237A2B723E
:108D6000244B1A68EA601D6002F03CFE224B01228F
:108D70001A702846FFF7BEFE3368DB89A5F860301D
:108D8000A5F862306E8E2C1D2046FCF789FC01464A
:108D900022463046FEF796FF68861221284602F0EA
:108DA00059F960B9284602F089FB91E7A369002BC5
:108DB0008ED04FF0FF3200212069984788E70021CC
:108DC0002846FFF7E7F883E7704700BFDD31012051
:108DD0003C5304080C540408A03C0408F83101205A
:108DE000CC5F0020DE310120E8310120E431012098
:108DF000B85F0020C4310120BF3101202DE9F843C4
:108E000006460C46994608E0264B40F25742264952
:108E1000264830F00BFD21E03C46002C3ED0E368B4
:108E20005868FBF7E7F80546B4F80880E3689889C6
:108E3000FBF7DBF810F0030F2ED0012398444544D4
:108E40001B4B1B68ED1A002D28DC27686068FEF7B5
:108E5000F9FA0546B6F866308342D5D3B6F86630DF
:108E60005B1BA6F866302389124A11880B441380D5
:108E70002046FEF797FEB6F86630002BCCD0002FC8
:108E8000CAD1B9F1000FC7D1064B40F261420A497D
:108E9000064830F0CBFCBFE70023CFE72046BDE813
:108EA000F88300BF3C5304082C540408A03C040879
:108EB000E4310120E03101205454040870B50C461F
:108EC000054660B1EB689889FBF78FF810F0010F49
:108ED00012D02046FEF773FE00242C6070BD1D4B9F
:108EE00040F21F421C491D4830F0A0FCEAE726680A
:108EF0002046FEF757FE3446CCB12B89184A12683B
:108F00001344E1684A68208902449B1A002B0EDB57
:108F10008889FBF76AF810F0010FE8D0EB689E89AA
:108F20000120FBF762F8EB6806439E81DFE7002C27
:108F3000D3D02B890A4A11680B44E26852689B1A05
:108F4000002BCADD521A91B229816868FEF726FA11
:108F5000C3E700BF3C53040874540408A03C040851
:108F6000E8310120F8B5044600286FD0237D032B9B
:108F700074D9A84B1B7813F0100F3CD0B4F86000E4
:108F8000A26D8618616DA44B1B68CD1A002D0ADBFB
:108F900099426BD0A14909688A4214D1A04A12684B
:108FA000D28990420FD29E4A1268D28990B2A4F818
:108FB0006020B4F86210884201D9A4F86220636589
:108FC000964B1B68A365954B1B68616C5A1A002A67
:108FD00052DD012A03D4226D9A1A002A7EDD204632
:108FE00002F032FA636B33B1A26B8C490968521AF2
:108FF000002AC0F236818B4B1B88002B00F0358491
:10900000227D062A00F23184616A834A12688E1A30
:10901000012E05D41344CB1A0133002B40F34781B2
:10902000521A002AC0F285817B4B1B68616A5A1A6A
:10903000002A06DB228D0A449A1A0132002A40F3E4
:109040007D81204602F000FA00F01FBC764B40F212
:109050007B427649764830F0E9FB87E7724B40F275
:109060007C427449724830F0E1FB82E76B49096841
:10907000511A00298EDA96E76A4A12882AB9A26D37
:10908000B4F860000244B24203D0002384F84330B5
:10909000A8E7B4F93020002AF7DB8B42F5D194F829
:1090A0004330FF2B02D0013384F8433094F843302F
:1090B000032B08D9B4F84810628E0A4492B2914248
:1090C00007D8A4F84820022B8CD9204602F038F9A2
:1090D00088E74FF6FF72A4F84820F4E7628B12F09D
:1090E000040F09D022F004026283B4F84A20A4F8E5
:1090F00048200022A4F86A20002084F84200B4F935
:109100003C50E28F02EBE502A4F840209AB289B20B
:10911000521A92B284F843006364237D032B17D95B
:10912000B4F84830B4F84A108B424BD2618B11F43A
:10913000006F40D00121608E11FB00F189B2914295
:1091400094BF5818981882B2934236D8A4F8482091
:10915000E36E394A216F2046FFF750FE0346206731
:10916000364AE16E2046FFF749FEE066226F002A8C
:1091700049D00023238600232377002847D0B4F862
:1091800064302F4909880B44A4F86430638B13F4CE
:10919000006F3FF427AF002A54D0E56CD3685868BD
:1091A000FAF728FF2D1A002D3FF71CAF638B23F42D
:1091B0000063638316E70221BDE74FF6FF73A4F84F
:1091C0004830C5E7B4F86A100A4492B2914210D808
:1091D000A4F86A20B4F86A209342B9D8D21AA4F845
:1091E0006A20628E1A4492B2934207D8A4F84820AB
:1091F000AEE74FF6FF72A4F86A20EBE74FF6FF7375
:10920000A4F84830A4E74FF6FF732386B3E7A4F829
:109210006830B4E7DD310120E8310120E43101207C
:10922000F8310120DE3101203C5304089C5404082D
:10923000A03C0408B8540408D4540408DC540408BE
:10924000E031012040B1E56CC3685868FAF7D2FEFE
:109250002D1A002D3FF7C6AE638B23F400636383A2
:10926000C0E6884A16889BB2F21A92B2B4F93C0062
:10927000C0F3CF05521B11B280B210FA82F212B2C3
:10928000A28700290FDBB4F93E30A1EBA3019BB20A
:1092900013FA81F1E187D21012FA81F1A4F840109B
:1092A00000236363A7E69B1B1D4429B2EBE7764BC3
:1092B0005D6895B14FF6FE739E4216D8B6B2724BFA
:1092C0005B681B89B34218D36F4B1A89921B1A81B2
:1092D0005B681A89921B92B21DE06C4B40F294526B
:1092E0006B496C4830F0A2FAE4E7684B40F29552C3
:1092F0006949684830F09AFAE0E7644B40F29752C7
:109300006649644830F092FADEE7F31A9EB22A8189
:1093100000236B812D686B89B342F6D33146284612
:10932000FDF7D8FE636A5E4A1360574AD2685360FD
:109330007AE6638B43F00203638375E68B4205D0C4
:10934000656F002D00F0AA810026CCE14E4B1D89EF
:10935000DB689889FAF749FE10F0030F14D0012357
:109360002B449BB24F4A1380228D93420ED8636FD9
:10937000002B5DD0444BDB689889FAF736FE10F07D
:10938000010F52D1656F9EE00023E9E73E4BDB6899
:109390009889FAF72AFE10F0010F2FD1228D3A4B4F
:1093A0001A81DB689889FAF720FE10F0020F03D0CB
:1093B000354A1389013B1381334E31897068FDF7BB
:1093C000EDFF3589F3689889FAF70FFE10F0030F67
:1093D00025D001232B449BB2324A1380304A1268B5
:1093E0001344626A218D0A449342C0D0274B40F255
:1093F000CB522D49274830F019FAB8E7224EF368CE
:109400009D892846FAF7F1FD00F03E00FAF7EDFDE0
:10941000F26825F47C5540EA05039381BEE70023FA
:10942000D8E703686367FEF7BDFB606F0028F8D1DB
:109430001C4B1A881A4B1B6813446362238D9A4293
:1094400000F2AD80238D174A12889B1A238520468F
:10945000FEF730FB0C4B5B681A8922B1134A13608C
:10946000094B00225A60084BDB689889FAF7BDFD6A
:1094700010F0010F00F0C1800D4A137843F0200373
:109480001370BAE0D0310120FC3101203C530408B4
:10949000E4540408A03C0408F454040804550408E7
:1094A000E8310120DE31012014550408D8310120B3
:1094B000DC31012000231F449E4B1F802E6828466C
:1094C000FEF770FB354665B39A4B1B889A4A1268C3
:1094D0001344E9684A68288902449B1A002B20DB60
:1094E0008889FAF782FD10F0010FE7D0934BDB6813
:1094F0009889FAF77AFD10F0020FDFD18F4EF368EA
:109500009F890120FAF771FDF36807439F8137892E
:10951000F3689889FAF769FD10F0030FCAD00123A8
:10952000C9E74DB1844B1968824B1B880B44EA682C
:1095300052689B1A002B01DC656779E7521A7F4B52
:109540001A81DB689889FAF750FD10F0020F03D0FA
:109550007A4A1389013B1381784F39897868FDF77E
:109560001DFF3E89FB689889FAF73FFD10F0030F55
:1095700013D0012333449BB26E4A13806E4A1268A3
:109580001344EA6852689342D6D06D4B40F2FC52C5
:109590006C496D4830F04AF9CEE70023EAE7684BA2
:1095A00040F207626949684830F040F94AE7002311
:1095B00035E0002341E0624B40F22B62644962488F
:1095C00030F034F93CE0002343E0624B19600023A3
:1095D0006B60EB689889FAF708FD10F0010F07D06F
:1095E0005D4A137843F020031370237D042B42D08F
:1095F0002B6863672846FEF7D5FA656F002D3DD0CE
:10960000EA685368616A8B4238D14B490B602E89F6
:109610009089FAF7EAFC10F0030FC8D001231E442A
:10962000636A33446362278D2E89EB689889FAF761
:10963000DCFC10F0030FBCD001231E44B742BAD3A8
:109640002E89EB689889FAF7D0FC10F0030FBAD096
:1096500001231E44238D9B1B23852046FEF72AFAF7
:1096600069680B89002BB4D03A4B18680028ACD03D
:10967000FDF70AFFABE707232375B9E7638B13F008
:10968000010F07D023F001039BB2638343F0020371
:109690006383FAE043F001036383F6E02748FEF7B3
:1096A00099FA606704E0254B1A892B899A4203D8FE
:1096B000204601F0C9FEE8E02048FEF78BFA034699
:1096C0000028F5D02EB1306029461846FFF7F6FB8A
:1096D000EEE76067F8E7991A00293FDB29682E4614
:1096E00000294CD00D46002DE2D0E8684268934234
:1096F000D9D0002EEFD0F1684968591A0129EDD46C
:10970000991A01310029E9DC0C48FEF763FA074693
:109710000028CDD0F368596833890B44064A126893
:109720009B1A002B24DC376029463846FFF7C6FB1E
:10973000BEE700BFDE310120E8310120FC3101200D
:109740003C5304084C550408A03C04088855040800
:10975000A8550408D8310120DC3101204B48FEF720
:1097600039FA0028A4D060672946FFF7A7FB9FE7D6
:10977000521A91B231817068FDF710FED3E79A1A40
:10978000002A01DC0D46AEE78089FAF72EFC10F0C6
:10979000010F8DD13D48FEF71DFA2860002887D0C3
:1097A000EB6859682A890A44394B1B68D21A002A87
:1097B00040DC384B1B88364A12681344626A218D9C
:1097C0000A449B1A002B7FF773AF2B68DB689889DC
:1097D000FAF70BFC10F0010F33D1626A238D1344AA
:1097E0009BB22A682A4909685B1A13812B68198978
:1097F0005868FDF7D3FD2B681D89DB689889FAF757
:10980000F4FB10F0030F2ED001232B449BB2214A0E
:1098100013801F4A12681344626A218D0A449342DE
:109820003FF446AF1C4B4FF4DF621C491C482FF03D
:10983000FDFF3DE75B1A99B229816868FDF7AEFD2F
:10984000B7E72B68DB689E893046FAF7CEFB00F05D
:109850003E00FAF7CAFB2B68DA6826F47C5640EA29
:1098600006039381B9E70023CFE7094B1B68626ABF
:10987000991A002905DB218D0A449B1A0133002B1C
:1098800003DD638B43F002036383F8BDFC310120E9
:10989000E8310120DE3101203C530408145504084E
:1098A000A03C040870B584B00446C8B1994B1B783D
:1098B00013F0040F3AD0217D022919D0626A964B29
:1098C0001B689A421DD0991A002916DB218D0A4483
:1098D0009B1A002B11DC638B43F0020363830CE0C3
:1098E0008E4B4FF447728E498E482FF09FFFDDE775
:1098F000226D8D4B1B689A4203D00025284604B088
:1099000070BD59B1894A137843F008031370638B13
:1099100023F0010363836FF00D05EFE77F4B4FF4F6
:109920004E7283497F482FF081FFEBE713F0020F5F
:1099300004D0237D023BDBB2012B1DD8638B13F0D7
:10994000100F02D17B4B1B682362002384F89B30ED
:1099500084F89A302046FFF7CDF8237D023B072B91
:1099600000F24082DFE813F00E00B30059016A01F3
:10997000C1015901F0012402638B43F002036383A8
:109980000025BBE7634B1B7813F0100208D013F0DF
:10999000020F05D0636C0133634909688B4203D021
:1099A000002A75D10025A9E75B4B1B685A1C62622F
:1099B000E2626164604A1268D289A4F86020A4F867
:1099C0006220013B636504232375668EE5182846F3
:1099D000FBF766FE01462A463046FEF773F96086BD
:1099E000420041F21C13934238BF1346B3EB800F81
:1099F0002BD983009BB2A4F84830B4F8663073B317
:109A0000B4F86630013BA4F86630256F7DB32B684F
:109A100023672846FEF7C6F8236F002B34D00023B7
:109A2000238684F84230D4F8883043B1002221469E
:109A300020699847054610F10D0F3FF45FAF638B27
:109A400043F002036383002558E741F21C139A4256
:109A500002D943009BB2CEE741F21C13CBE72F4B58
:109A60004FF45B7235492F482FF0E0FEC8E7E56EF2
:109A700015B12B68E366CCE7284B4FF45D72304993
:109A800028482FF0D3FEF4E74FF6FF732386CAE78A
:109A9000294B19682B4B2C4A10881F4A12680D88D5
:109AA000029549880191191F009102441E490968D5
:109AB000204601F081FC94F84230052B01D90025A5
:109AC0001CE700252586204601F060FE16E7114BB5
:109AD0001B7813F0100F00F08F80134B1968636C24
:109AE000CB1A012B03D4236DCB1A002B2EDD124B86
:109AF0001868144B144A1588074A1268068802969B
:109B000040880190181F00902A44204601F054FC20
:109B10000025F3E6DD310120E83101203C53040843
:109B2000D0550408A03C0408E4310120DC310120B8
:109B3000EC550408D0310120F83101200C560408FE
:109B400024560408CC5F0020DE3101200423237555
:109B5000E36F002B37D09B696BB3E36F9B69002BDE
:109B600039D00022214620699847054668BB204627
:109B7000FFF7F8F99C4B1B8813B1013B9A4A1380FD
:109B8000638E590041F21C128A4238BF0A46B2EB7A
:109B9000830F27D99B009BB2A4F84830934B1B78C6
:109BA00013F0200F3FF4AAAE638B43F002036383EC
:109BB00007232375A2E68E4B4FF46A728D498E48B7
:109BC0002FF034FEC9E76FF0050515F10D0F05D133
:109BD0006FF00C0592E66FF00F05F6E72046FEF7F2
:109BE0005FFAF5E741F21C12914202D95B009BB289
:109BF000D2E741F21C13CFE713F0020F00F00A8105
:109C0000636A013B7D4A1268934201D0002575E6E4
:109C1000204601F051FB002570E62046FFF7A2F92F
:109C2000724B1B7813F0200F00F0F680638B43F02B
:109C3000020363830723237500255FE62046FFF7B1
:109C400091F96A4B1B7813F0200F39D06C4B1B78BD
:109C500013F0100F04D0226D6A4B1B689A4207D094
:109C6000638B43F00203638308232375002545E6D5
:109C7000E36E002BF4D1638B43F002036383204631
:109C8000FEF7EEF8604B1B68A34205D053B1DA68CB
:109C9000A24205D01346F9E7DA685B4B1A6001E08F
:109CA000E268DA600025E560584B01221A700A2349
:109CB0002375574B1A68E2601C6001F093FE1DE6A5
:109CC0004F4B1B7813F0100F00F0A880226D4D4B06
:109CD0001B689A4201D0002510E6E36E0BB1002507
:109CE0000CE606232375002508E62046FFF73AF91F
:109CF0003E4B1B7813F0200F01D10025FEE5638B4E
:109D000043F0020363832046FEF7AAF83E4B1B682C
:109D1000A34205D053B1DA68A24205D01346F9E751
:109D2000DA68394B1A6001E0E268DA600025E56024
:109D3000364B01221A700A232375354B1A68E260EC
:109D40001C6001F04FFED9E52046FFF70BF92C4BC4
:109D50001B7813F0100F63D0226D2A4B1B689A42B8
:109D600001D00025CAE5E36E0BB10025C6E520460B
:109D7000FEF776F8244B1B68A34205D053B1DA688E
:109D8000A24205D01346F9E7DA681F4B1A6001E0DA
:109D9000E268DA600025E5601C4B01221A700A2394
:109DA00023751B4B1A68E2601C6001F01BFEA5E5E1
:109DB0002046FFF7D7F8124B1B7813F0100F31D065
:109DC000226D104B1B689A4201D0002596E5E36E88
:109DD0000BB1002592E5054A137843F01003137088
:109DE00000258BE5002589E5E0310120DC310120EB
:109DF0003C53040838560408A03C0408E83101200C
:109E0000DD310120E4310120C4310120BF310120C6
:109E1000C0310120002571E500256FE500256DE5C5
:109E200000256BE5002569E5F0B585B0054650B124
:109E30006A688B4B1A606B89132B0BD82846FDF789
:109E40008BF905B0F0BD874B8322874987482FF0F7
:109E5000EDFCEDE7864B19685869FBF7DEFD00283D
:109E6000ECD1834B5B6903F0F003E02BE6D07C4B35
:109E70001B689889FAF7B9F8C0F307318900C9B2AD
:109E80001329DBD92B899942D8D8A1F114039BB2AD
:109E9000784A1380784A002010606A8991422ED94E
:109EA0002B68002B67D014212846FDF713F96C8925
:109EB000724B1C806F4B1F883E1BB6B22146284652
:109EC000FDF708F928684389B342B7D342686A4B63
:109ED0001A603146FDF7FEF82B89E41B23442B81E1
:109EE0006B89002B4ED12A892B681B899A420BD093
:109EF0005C4BE02262495D482FF098FC04E05F4A29
:109F000013802846FDF7E6F8554C26683088FAF7A6
:109F10006CF8308026687088FAF767F870802668D9
:109F20007068FAF767F87060564B18602668B0687A
:109F3000FAF760F8B060544B18602668F089FAF7B9
:109F400054F8F08123689889FAF74FF800F03F023F
:109F50004E4B1A702B894E4A138010F0030F06D017
:109F60005A1C92B24A490A8093423FF667AF494B66
:109F70001C6800262AE03B4BC22247493B482FF091
:109F800055FC90E7374BDF22444938482FF04EFC10
:109F9000A9E7344BFB22424934482FF047FC1AE032
:109FA000304BFC223F4931482FF040FC16E02D4B4E
:109FB000FD223D492D482FF039FC12E0218B284B22
:109FC0001B681A88914218D02646E468002C76D087
:109FD000237D002BDDD0237D0A2BE1D0237D012BB7
:109FE000E5D0227A002AE9D0214B5B6893F8303023
:109FF0000133DBB29A42E1D0E6E7E28A5B889A421B
:10A00000E2D162681A4B1B699A42DDD12268184B73
:10A010005B699A42D8D1E368A34218D02EB1E368B5
:10A02000F3601C4B1A68E2601C60E368A3423FD0F7
:10A03000002C46D10A4B1B689889F9F7D6FF10F01F
:10A04000040F00F096812846FDF786F8F9E6054BE7
:10A0500040F20D12154905482FF0E8FBDEE700BF7E
:10A06000F83101203C53040858560408A03C040869
:10A07000B85F0020F6310120F0310120F4310120D9
:10A080008C560408E8310120E4310120DD31012043
:10A09000DE310120C43101207056040880560408C6
:10A0A000AC560408D456040800570408285704087E
:10A0B000954B40F21512954995482FF0B7FB002CAF
:10A0C00053D0944A00231360298911815560924925
:10A0D0000968D160914A1360914A1370914A1380C4
:10A0E000914B1B7813F0080F03D06B7B43F00103F7
:10A0F0006B73A36F6BB12046FEF7F0F910F10D0FF3
:10A1000000F09A80A36F23B1884B1B88002B40F08E
:10A110009380874B1C602046FFF7C4FB10F10D0FA6
:10A1200013D07F4B1B7813F0080F00F08C80D4F80D
:10A1300090301BB16FF00D012069984721467D4892
:10A14000FDF7C0FE2046FDF79DFC0023784A136012
:10A15000724A13606F4B586800283FF472AEFCF7E8
:10A16000FBFF6C4B00225A606BE6734B1C680EE0E1
:10A17000654B40F21F12714965482FF057FB0AE00A
:10A18000218B654B1B681A88914210D0E4681CB380
:10A19000237D0A2BECD1227A002AF1D0684B5B6830
:10A1A00093F830300133DBB29A42E9D0EEE7E28A2D
:10A1B0005B889A42EAD16268614B1B699A42E5D199
:10A1C00022685F4B5B699A42E0D12046FEF712FDA0
:10A1D0002846FCF7C1FF34E65A4B1E68304621463C
:10A1E00007E0C28A4C4B1B685B889A420ED001463E
:10A1F000C06890B1027A002AF3D0514B5B6893F8A3
:10A2000030300133DBB29A42EBD0F0E703684C4ABE
:10A210005269934201D0002BE9D100283FF408AFE6
:10A2200021B1C368CB60C660464B1860FEF73EFDA7
:10A230002846FCF791FF04E6638D002B85D120466C
:10A2400001F002F981E7374B1A8862B1D4F8803007
:10A2500033B121462069984710F10D0F3FF475AFD7
:10A26000304B00221A802046FEF794FC00287FF431
:10A270006CAF2A4B1B68F3B1A36F33B1224B4FF481
:10A28000F372314922482FF0D1FA638B13F0100F8B
:10A290002AD1D4F88450002D2ED000231F4A1268F2
:10A2A00021462069A84710F10D0F3FF44EAF10B1C1
:10A2B0001A4B1B68A3671A4B1B7813F0200F06D0AC
:10A2C000A36F002B42D05A7B42F020025A73184BE6
:10A2D00000221A602046FEF75DFC00287FF435AFAF
:10A2E000204601F0EBF830E70C4B1868FCF734FF20
:10A2F0002046FDF7D5FE28E70023084A12682146CC
:10A300001846FEF7C7F8CEE73C5304085457040834
:10A31000A03C0408FC310120F8310120D831012093
:10A32000DC310120E0310120DD310120DE3101206E
:10A33000D4310120C4310120C031012080570408EC
:10A34000B85F0020C8310120B0570408238DB3F551
:10A35000066F01D001332385D4F88450002DB6D088
:10A3600000231A4621462069A84710F10D0FAED1EF
:10A37000EBE60A4B19680A4B0A4A10880A4A126827
:10A380000C88029449880191191F009102440749E1
:10A390000968002001F010F855E600BFF8310120EF
:10A3A000CC5F0020DE310120E8310120E4310120C2
:10A3B000024A137843F0100313707047DC31012018
:10A3C00038B50C460546B8B12B7D042B05D0072BBC
:10A3D00003D0022B01D0032B41D1002C42D0B5F881
:10A3E0006430A34210D3B5F86630082B13D833B3CA
:10A3F0002B6FBBB1002036E01B4B40F233121B49E0
:10A400001B482FF013FADFE76B8B43F080036B835D
:10A410004FF0FF3027E06B8B43F080036B834FF0EE
:10A42000FF3020E0EB6E0BB100201CE00E4B40F241
:10A43000551210490E482FF0F9F9002013E02B6F48
:10A4400043B1094B4FF4AC720B4909482FF0EEF9B8
:10A45000002008E0EB6E002BF3D1002003E06FF04A
:10A460000A0000E0002038BDCC5704083C5804081E
:10A47000A03C04085C5804089858040810B5044629
:10A4800028B163689B7B012B09D1002010BD054BCF
:10A4900040F29A52044905482FF0C8F9F1E701202B
:10A4A000F4E700BFCC570408CC580408A03C0408CB
:10A4B00010B5144619B114F0010F08D110BD084BA6
:10A4C00040F25672074908482FF0B0F9F3E7044B01
:10A4D00040F27572054904482FF0A8F9EEE700BF75
:10A4E000CC570408F4580408A03C04081C5904087C
:10A4F0002DE9F84306460C461546089F9DF828901E
:10A500009846CBB1FFB1AC4229D29DF8243013F06C
:10A51000020F08D17B8B13F0400F3AD1B9F1000F35
:10A5200001D0FB6EB3B104F21B2323F003039D4261
:10A5300028BF1D46A9B213E0174BE8221749184857
:10A540002FF074F9DEE7144BE922164914482FF076
:10A550006DF9D8E73B6F002BE5D1214600E021469D
:10A560004FF420723046FCF759FE054670B103687F
:10A5700033B1094B40F20B120B4909482FF056F941
:10A580006B891B1BA8F800302C816C812846BDE824
:10A59000F8832146E4E700BFCC570408305904088B
:10A5A000A03C040854590408745904082DE9F047E4
:10A5B0000E46174698469DF820A0814600283ED0BA
:10A5C000002E43D04FEA8A0505F004050320FCF76E
:10A5D00099FA0446002840D080F80AA000230360BE
:10A5E00046603389AB423CD33189491B2181142118
:10A5F0003046FCF76AFD00283AD163685E68E66081
:10A60000B9F81600F9F7F1FC3080E668B9F81800DF
:10A61000F9F7EBFC7080E6684046F9F7EBFC7060F8
:10A62000A8080530E56847EA0030F9F7DEFCA881A4
:10A63000E36800229A74DA742046BDE8F0870F4B75
:10A64000A3220F490F482FF0F1F8B9E70B4BA422D2
:10A650000D490C482FF0EAF8B4E73046FCF77CFDD2
:10A66000EAE7064BB022094906482FF0DFF8BBE7BE
:10A670002046FDF797FA0024DEE700BFCC57040818
:10A6800088590408A03C0408A8590408CC590408B7
:10A690002DE9F04106460C469846114489B2143122
:10A6A0004FF4207289B22220FCF7B8FD074648B368
:10A6B00004F113034289934227DA7D68BDF818003C
:10A6C000F9F793FC2880BDF81C00F9F78EFC688030
:10A6D000C5F804803046F9F78DFCA860A40805345D
:10A6E0002403A4B29DF820002043F9F77EFCA88142
:10A6F000BDF82400F9F779FCE88100232B746B7412
:10A70000AB74EB743846BDE8F081044B40F2237221
:10A71000034904482FF08AF8CFE700BFCC5704085C
:10A72000E4590408A03C0408F0B585B00D4616466F
:10A730001F460446A0B1638D039310230293238B1D
:10A740000193E38A00933B4632462946606AFFF74D
:10A750009FFF18B1636A628D1344E36205B0F0BDD8
:10A76000034B40F24272034903482FF05FF8E2E7DF
:10A77000CC570408145A0408A03C040808B508B1D2
:10A78000007A18B91046FAF78BFF08BDFCF7D4FB26
:10A79000FBE700002DE9F04184B00C461646054663
:10A7A00048B184B1BEB12846FFF768FED8B1002099
:10A7B00004B0BDE8F081404B4FF4B7623F494048D8
:10A7C0002FF034F8EDE73C4B40F2B9523D493C489C
:10A7D0002FF02CF8E6E7384B40F2BA523A493848A5
:10A7E0002FF024F8DFE7EF68606AF9F703FCB86040
:10A7F000EF68608DF9F7F9FBF881636A628D1344A5
:10A80000E362D5F80C8008F11407AB7A13F0010F5E
:10A8100034D1B4F93030002B3FDB636B002B3FD0D9
:10A82000EB686A6851685B1A9BB25189C91A5181F9
:10A8300069680A89D31A0B816A68EB685360002241
:10A840001A745A74EB68AA7A12F0010F31D01822E8
:10A850001344BB4206D0184B40F21C621B491848F7
:10A860002EF0E4FF029606230193A37A0093E37A85
:10A87000221D21466868FBF7BBF899E7221D314687
:10A880004FF40670FDF71EFA40F00170F9F7B2FBC5
:10A89000C8F8140008F11807BBE700232386BCE7BB
:10A8A0000B4B1B686363EB685868F9F7A3FBA06365
:10A8B000B6E71422CCE700BFCC5704083C5A040882
:10A8C000A03C04085C5A04087C5A04081C5904087B
:10A8D000D0310120F0B585B0044615461E460F461E
:10A8E000C9B1324629462046FFF748FF0246E8B183
:10A8F000CCB1E37AA17A029206220192009132460B
:10A9000029463846FBF774F804463846FCF724FC21
:10A91000204605B0F0BD074B40F287720649074854
:10A920002EF084FFDDE70021FF23E4E76FF003044E
:10A93000EBE700BFCC570408A05A0408A03C040869
:10A940002DE9F04F91B0089107930023ADF83E3008
:10A95000002851D092460746B0F862305B08B0F844
:10A9600032B05B4528BF5B4603B19B46089B002B7A
:10A970004DD051463846FFF723FD0A90002840F09D
:10A980009381B7F86660D7F86C80B8F1000F00F0DB
:10A99000D380434609931B68002BFBD19846099B43
:10A9A0009C7AA40004F004041B8923449B4539DBF2
:10A9B000099B1B8923449BB2ABEB03039BB20B9314
:10A9C000B7F86850ADF83E50002D3BD09D4231D8CD
:10A9D000BDF83E301A46534528BF52460B998A426D
:10A9E00028BF0A4695B25B1BADF83E304B1B9BB2AD
:10A9F0000B93DDF8249026E0B14B4FF4CF72B149B0
:10AA0000B1482EF013FF6FF00F030A934CE1AC4BEB
:10AA100040F2AD12AD49AC482EF008FF6FF00F03C5
:10AA20000A9341E1A64B4FF4F372A949A6482EF0D0
:10AA3000FDFEBDE7A24B4FF4FC72A649A2482EF0E2
:10AA4000F5FEC5E7C146BDF83E300BB1554540D1D6
:10AA5000554580F04F810B9A002A00F05581099BE3
:10AA60001B89002B00F05281AAEB05049442A8BF79
:10AA700014461FFA84F9079B13F0010F31D1099B8B
:10AA8000D3F80480424613461268002AFBD1904650
:10AA90001A7B3F2A05D85A685B891344089A934267
:10AAA0003CD0012249460020FCF7B8FB8046002834
:10AAB00000F0CB81089B2B444360FCF7C3FC3318A8
:10AAC0009EB200230B9305EB0904A4B2DDF8249099
:10AAD00013E17B4B4FF400727F497B482EF0A6FEBA
:10AAE000B6E701230293079B019300970DF13E0304
:10AAF00049460020FFF7FCFC8046002800F0A381B7
:10AB00004A46089B59194068F5F7EAFF4046FCF7AA
:10AB100099FC33189EB200230B93D4E715B9CDF8F6
:10AB20002C90D0E7664B40F231226C4966482EF0FB
:10AB30007DFECDF82C90C6E7B7F868402CB90B9491
:10AB40002546C146CDF82480D7E05D4B40F24A222D
:10AB500063495D482EF06AFEC146CDF8248000238B
:10AB60001C460B931D46C8E0069BB3FA83F35B09B2
:10AB70000293079B019300970DF13E035A46294625
:10AB80003620FFF7B5FC8146002800F0608143893C
:10AB9000AB4207D32A46089B1919D9F80400F5F7E8
:10ABA0009FFF26E0464B40F266224E4946482EF073
:10ABB0003DFEEFE7424B40F271224B4942482EF0F6
:10ABC00035FE012229463620FCF728FB8046002866
:10ABD00000F04081089B234443604FF42072002121
:10ABE0003620FCF71BFB8146002833D04146FCF79A
:10ABF0004BFC4846FCF726FC304486B2092E2FD881
:10AC0000FB6D00220092234449463846FFF7CEFCF4
:10AC10008146002800F02181069B002B68D0059B0F
:10AC2000002B45D0059BC3F800902544ACB2CDF86D
:10AC3000149054456DD2AAEB0405ADB25D4528BF12
:10AC40005D46079B13F0010F8ED1BDF83E30002BFF
:10AC5000B7D0AFE74046DDF83080FCF77DFA04E07E
:10AC6000DDF830804846FCF777FA7B8B43F08003B1
:10AC70007B83B8F1000F02D04046FCF76DFA069BCB
:10AC800013B11846FCF79BFFB7F86630002B00F0B5
:10AC9000F2803B6F002B40F0F280FB6E002B00F047
:10ACA000DF804FF0FF330A930A9811B0BDE8F08FB0
:10ACB000034B40F2AB220D4903482EF0B7FDB1E73C
:10ACC000CC570408CC5A0408A03C0408E45A0408F1
:10ACD000185B0408305B0408505B0408705B0408D0
:10ACE0009C5B0408CC5B04080C5C04081C5C040836
:10ACF00006909AE72C4600230B93002306930593B6
:10AD0000CDF830800D9594E72C46F6E70B932C4652
:10AD1000F3E7DDF830800D9DDDB1099B5C68DDF85F
:10AD200020B000E0246884B123892B442381236868
:10AD3000002BF7D1606863892A4659461844F5F715
:10AD4000CFFE63892B446381ECE7099A13892B4476
:10AD50001381BDF83E30A7F86830B8F1000F3CD041
:10AD6000099B002B31D04146099C6068FCF78CFBA5
:10AD70002389B8F8082013442381099B069A1A6096
:10AD8000FB6D5344FB65B7F86430A3EB0A03A7F8E7
:10AD90006430A7F8666016B13B6F002B48D0B9F15C
:10ADA000000F81D0D9F80C30002B3FF47DAF079A0B
:10ADB00012F0020F7FF478AF9C890820F9F715F99B
:10ADC000D9F80C3004439C816EE72F4B4FF4387256
:10ADD0002E492F482EF02AFDC5E70B9B13B3099B84
:10ADE0002BB15B681BB1099B5B680B980BE0264B92
:10ADF00040F2E622274926482EF018FDF3E71A898B
:10AE000002441A810B4619680029F8D11A890B9956
:10AE10000A441A815A890A445A81099A13890B44AF
:10AE20001381AAE7099B002BA7D1069BFB66A7E726
:10AE3000FB6E002BB3D1144B40F21232164914486A
:10AE40002EF0F4FCABE706900FE706900DE7DDF877
:10AE500030800AE7DDF8308007E7DDF8308004E76E
:10AE6000094B40F227320C4909482EF0DFFC4FF025
:10AE7000FF330A9318E74FF0FF330A9314E74FF0BC
:10AE8000FF330A9310E700BFCC570408305C040876
:10AE9000A03C0408685C0408A05C04082DE9F04F9D
:10AEA00083B00C46074600283DD0FD6E002D00F013
:10AEB000BB80002C3FD02B89A34240F2B8807B8E10
:10AEC000A34242D32B89002B47D095F80A904FEA32
:10AED000890B0BF0040BB5F808A0AAEB0406B6B278
:10AEE0000BEB06014FF4207289B23620FCF796F97D
:10AEF000804670B1686803892A899B1A14FA83F323
:10AF0000D8F804109BB232465944FCF791FBB0428A
:10AF10002BD0B8F1000F00F08E804046FCF71CF9F2
:10AF20004FF0FF3084E0454B40F24B3244494548F6
:10AF30002EF07CFCB9E7414B40F253324249414884
:10AF40002EF074FC6FF0050072E03C4B40F25B3277
:10AF50003E493C482EF06AFCB4E7384B4FF4577238
:10AF60003B4938482EF062FCAFE7EB689889F9F767
:10AF70003CF8C3B200F03F0610F0080B03D003F01A
:10AF800037064FF0080B16F0010F03D006F0FE064F
:10AF90004BF0010BEB685868F9F72CF8CDF80090EE
:10AFA00023185A4641463846FFF700FB81460028E1
:10AFB000AFD06868FCF746FAB7F866301B1AA7F8F6
:10AFC000663068680189A4EB0A04A4B2214489B2FE
:10AFD000FCF7E4F92B8923442B81EB689C893046EC
:10AFE000F9F703F8EB6804439C816868FCF72AFAD8
:10AFF000B7F866300344A7F86630D9F80400FCF7C8
:10B0000021FAB7F866300344A7F866302B68C9F810
:10B010000030C5F80090D9F800300BB1002007E0EF
:10B020000020A7F8680003E04FF0FF3000E00020A8
:10B0300003B0BDE8F08F4FF0FF30F9E7CC570408BC
:10B04000C05C0408A03C0408E45C0408085D040833
:10B05000185D04082DE9F04383B004460D4611F055
:10B06000030F50D0002C56D015F002075BD1B84624
:10B070004FEA880606F004064FF420723146362067
:10B08000FCF7CCF88146002850D043899E4254D822
:10B09000CDF80080E36D2A4649462046FFF786FA40
:10B0A0000646002851D0C36813F0030F54D13389EA
:10B0B000002B59D1E36E002B5ED01A461B68002B83
:10B0C000FBD116600023A4F8683017B915F0010F02
:10B0D00009D0E36D0133E36515F0010F03D0638BF5
:10B0E00043F0200363837068FCF7ACF9B4F8663072
:10B0F000184480B2A4F8660000284CD0236F002BBF
:10B100003CD0002048E0264B40F211422549264819
:10B110002EF08CFBA6E7224B40F213422349224833
:10B120002EF084FBA0E74FF00108A1E7638B43F00A
:10B13000800363834FF0FF302EE0194B40F2394219
:10B140001B4919482EF072FBA2E7638B43F0800382
:10B1500063834FF0FF301FE0114B40F2424215492C
:10B1600011482EF063FBA2E70D4B40F24342124917
:10B170000D482EF05BFB9DE7E666A3E7E36E0BB19F
:10B18000002009E0064B40F265420C4906482EF0CB
:10B190004DFB002000E0002003B0BDE8F08300BFBD
:10B1A000CC570408285D0408A03C0408805D04080E
:10B1B000A05D0408DC5D0408F45D0408205E04085A
:10B1C00070B5054688B1EB6E53B11C461B68002B69
:10B1D000FBD1E3689889F8F708FF10F0070F0CD04F
:10B1E00001212846FFF736FF70BD0B4B40F2EB32D2
:10B1F0000A490B482EF01AFBE5E7E3689E89012017
:10B20000F8F7F3FEE36806439E816B8B43F020035F
:10B210006B830020E8E700BFCC570408485E0408B1
:10B22000A03C0408F8B5054658B12C6F002C34D06A
:10B23000236873B12046FFF721F9002830D1246834
:10B24000F6E71A4B40F2636219491A482EF0EEFAFB
:10B25000EBE72046FFF712F928BBEB6E23602B6F5C
:10B26000EB6600232B676B8B43F400636B83E3680F
:10B270005868F8F7BFFE06462789E3689889F8F70B
:10B28000B4FE10F0030F06D001231F443E44EE64C9
:10B2900000206863F8BD0023F7E76FF00500F9E7C9
:10B2A0006FF00500F6E76FF00500F3E7CC570408F0
:10B2B000645E0408A03C0408F8B5074650B13E6F30
:10B2C0008EB33046FFF7DAF880BB33683B6707F18F
:10B2D0006C0508E0174B40F2C162174917482EF081
:10B2E000A5FAECE72D682B685BB1DB685868F8F7C6
:10B2F00081FE0446F3685868F8F77CFE241A002C97
:10B30000F0DB2B6833602E6033684BB197F8423026
:10B31000FF2B02D0013387F8423000207863F8BD5C
:10B32000A7F86830F2E76FF00500F8E76FF0050066
:10B33000F5E700BFCC570408885E0408A03C040869
:10B3400010B5044630B1236F1BB1638B13F0040FAB
:10B3500008D010BD154B40F2F962154915482EF082
:10B3600065FAF0E72046FFF7A7FF0028F1D1B4F80F
:10B370006030B4F84820934228BF13465B10A4F80D
:10B380004A30628EB3EB420F02D25300A4F84A3027
:10B39000B4F84A3002EB42021344A4F84830638BFD
:10B3A00043F00403638300232386D2E7CC570408C9
:10B3B000A05E0408A03C04082DE9F04184B00446D6
:10B3C0000E4615460A9F98462BB367B33046F8F7EA
:10B3D00011FE034646F20802039214220292BDF8BF
:10B3E00030200192BDF82C20009200221146284600
:10B3F000FFF74EF9054658B100231A46014620468C
:10B40000FFF756F83B46424629462046FFF762FAC8
:10B4100004B0BDE8F081084B40F2C4720749084807
:10B420002EF004FAD1E7044B40F2C57205490448F6
:10B430002EF0FCF9CAE700BFCC570408C05E040830
:10B44000A03C0408DC5E040838B50446E0B1206D79
:10B45000F8F7D0FD0346002211462046FFF764F9B5
:10B460000546C8B100231A4601462046FFF720F8DA
:10B47000231D224629462046FFF72CFA98B1638BFC
:10B4800043F00303638338BD094B40F2EA72094974
:10B4900009482EF0CBF9DAE7638B43F003036383AB
:10B4A0006FF00100EFE7638B23F003036383EAE7A8
:10B4B000CC570408F85E0408A03C04082DE9F047C6
:10B4C0000546002837D02B7D012B3CD09B4B1B68B9
:10B4D000AB4200F02E81B5F84860B5F860309E426E
:10B4E00028BF1E46EC6E002C35D02A1D2946284662
:10B4F000FFF744F98046002800F01D810DB12B684C
:10B5000013B9D8F804302B60E3685868F8F772FD77
:10B510006B6CC01A23891844B0423CD9B5F860302E
:10B520009E4229D06B8B13F0020F18D02846FFF7EC
:10B530008BFF034618E0824B40F2E142814982488A
:10B540002EF074F9BFE77E4B40F2E3427F497E481C
:10B550002EF06CF9BAE76B8B13F0020F07D16B8BEF
:10B5600023F080036B8300231846BDE8F08728464C
:10B57000FFF76AFF0346F7E72B6F002BD2D195F850
:10B580009930002BCED185F89830012285F899208A
:10B5900085F89A30C6E7002385F899302B6F002B89
:10B5A00000F0C5801F461B68002BFBD134E0644BC4
:10B5B00040F23652664964482EF038F93FE011896E
:10B5C0006A8E914247D2B5F86420002A43D0B5F87C
:10B5D0006620082A3FD813F0A00F3CD1EB6E002B59
:10B5E000BDD1A5F86830BAE7E368B3F80C90102035
:10B5F000F8F7FBFCE36849EA0009A3F80C902DE09A
:10B600006A8B42F080026A83AEE7002346E0286539
:10B610004BE02C672746EC6E002CDFD0E3685868BF
:10B62000F8F7E8FC6B6CC01A23891844B042D5D8EF
:10B63000E3689889F8F7D9FC10F0040FB7D12B6FA5
:10B640004BB16B8B13F0440F05D1EA6E002ABAD0D0
:10B6500011680029B3D02B7D022BC5D14246294663
:10B660002046FFF797F803460028C9D12368EB6608
:10B670002B7D022B03D06B8B23F003036B83E368DA
:10B680005868F8F7B7FC8146B4F808A0E3689889D1
:10B69000F8F7ABFC10F0030FB7D00123534409EBCC
:10B6A00003002B6D1B1A002BB1DBB4F80890E36884
:10B6B0009889F8F79AFC10F0030F02D1B9F1000F46
:10B6C00031D0002323602B6F002BA2D0E368586891
:10B6D000F8F790FC8146FB685868F8F78BFCA9EBFB
:10B6E0000009B9F1000F02DB3C60274693E705F142
:10B6F000700ADAF8003083B1DB685868F8F77AFC32
:10B700008146E3685868F8F775FCA9EB0009B9F1C0
:10B71000000F02DADAF800A0EBE7DAF80030236075
:10B72000CAF8004077E72046FCF73CFA73E71F466B
:10B7300072E7002318E76FF0030315E7D431012007
:10B74000CC570408185F0408A03C0408305F0408C4
:10B75000585F040810B5044650B194F84230FF2BEE
:10B7600002D0013384F842302046FFF7A7FE10BD17
:10B77000034B4FF4D362034903482EF057F8ECE72C
:10B78000CC570408705F0408A03C040810B50446B8
:10B7900020B12046FFF746FD40B110BD054B40F2F9
:10B7A000AD62054905482EF041F8F2E72046FFF763
:10B7B000D1FFF2E7CC570408945F0408A03C0408CA
:10B7C00038B50446C0B1206D0138F8F713FC0346C4
:10B7D000002211462046FEF7A7FF0546A0B1002330
:10B7E0001A4601462046FEF763FE231D22462946DF
:10B7F0002046FFF76FF838BD054B40F62402054997
:10B8000005482EF013F8DEE74FF0FF30F3E700BFF6
:10B81000CC570408B05F0408A03C04082DE9F041AF
:10B820000446A8B1E56E002D5BD094F89A30FF2B4A
:10B8300002D0013384F89A30EB689889F8F7D5FB89
:10B8400010F0010F0CD02B89002B3BD0002208E018
:10B85000264B40F64F02264926482DF0E7FFE1E748
:10B8600000225FFA82F8EB685B6882F00102002137
:10B870002046FEF759FF0646A8B34768B8F1000F07
:10B8800022D0B7F80C801120F8F7AFFB28F47C58D1
:10B8900040EA0800B881EB685868F8F7ABFB013064
:10B8A000236D1B1A002B1ADB00231A463146204653
:10B8B000FEF7FEFD231D224631462046FFF70AF81B
:10B8C000BDE8F0810122CCE7686803892A899B1AC8
:10B8D0009BB2012207F11401FBF7AAFEDBE720650A
:10B8E000E2E70020ECE74FF0FF30E9E7CC5704082F
:10B8F000CC5F0408A03C0408F8B504460F46164681
:10B900000620FBF7FFF880B105460023036087603F
:10B91000C6604460104B1A6872B15368E31A002B7A
:10B920000FDA02600C4B1860F8BD0C4BBE220C49BC
:10B930000C482DF07BFFF7E71860F5E72B601560EA
:10B94000F2E7002AF0D01368002BF7D05968611A8B
:10B950000029F3DB1A46F4E714320120F05F0408F3
:10B9600060600408A03C040838B504464368984762
:10B97000F8F76EF984462568094B18682844A0EB4F
:10B980000C03002B06DA2246064905EB0C00FFF7F4
:10B99000B3FF38BD22460349FFF7AEFFF9E700BF0A
:10B9A0001032012069B9000870B504460D461646EC
:10B9B000B0F1804F07D2F8F74BF9324629462044C0
:10B9C000FFF79AFF70BD044B40F229120349044867
:10B9D0002DF02CFFEFE700BFF05F0408A060040823
:10B9E000A03C040808B50A4B1B6853B9094B1B68F7
:10B9F00043B1074B01221A6000220749FA20FFF7E2
:10BA0000D3FF08BD054B1B68002BF2D1F9E700BF3F
:10BA10000C320120C431012021BA0008C0310120BC
:10BA200008B5FDF737F8084B1B682BB10022074912
:10BA3000FA20FFF7B9FF08BD054B1B68002BF5D1B5
:10BA4000044B00221A60F6E7C431012021BA000835
:10BA5000C03101200C32012010B5012408E0064B52
:10BA600003EBC402054953F83400FFF79DFF01348E
:10BA7000032CF4D910BD00BFA8CB040869B9000895
:10BA800070B5F8F7E5F8054611E00E4B1968C1B13D
:10BA90004B68EA1A002A14DB08680A4A10608C68AE
:10BAA000CE68094A13600620FBF75AF834B9074BF1
:10BAB0001B78002BE9D0FBF7ADFAE6E73046A0474C
:10BAC000F5E770BD1432012010320120BC31012095
:10BAD0000020104A1388591C11804FF6FF729342C0
:10BAE00009D00D4B1B6893B1598A0A4A12889142BA
:10BAF00006D0DB68F7E7074B4FF440421A80F0E7C7
:10BB0000013080B2B0F5804FE3D300207047014B85
:10BB1000188870472600002018320120F8B50E461C
:10BB200015460746C8B1FEB13C7A3CB11E4B5B6876
:10BB300093F830300133DBB29C4225D1DDB12FB315
:10BB40003B682BB3184A5269B2F1FF3F22D0B1686B
:10BB500053400B4220D0002017E0144B8722144999
:10BB600014482DF063FEDEE7104B8822124911487D
:10BB70002DF05CFED8E78FB13B688BB10A4A526961
:10BB800093420FD0284600E00020F8BD0120FCE7DA
:10BB90000120FAE70120F8E70120F6E70120F4E7A9
:10BBA0000120F2E70120F0E7B85F0020D860040828
:10BBB00044610408A03C04086861040808B52DF03D
:10BBC00019FE6FEA80406FEA9040014B188008BD73
:10BBD000260000202DE9F04F83B00F468146D0B1FA
:10BBE00007B3B9F80A30072B23D9D9F80440534BCF
:10BBF00019685869F9F711FF80462088F8F7F5F9B8
:10BC000082466088F8F7F1F905464D4B1C684FF005
:10BC1000000B5E4619E04B4BCF224B494B482DF0B1
:10BC200005FEDDE7474BD022494948482DF0FEFD8F
:10BC3000D7E74846FBF790FA03B0BDE8F08FA3467C
:10BC4000A38A534526D02646E468002C30D0638A68
:10BC5000AB42F8D1424639462046FFF75FFF002845
:10BC6000F1D0237C13F0040FEAD1BBF1000FE6D032
:10BC7000B8F1000FE4D0314B5B69B3F1FF3FDFD186
:10BC8000DBF800207B689A42DAD022689342D7D151
:10BC9000A346D5E763681BB1284A12699342D2D103
:10BCA00036B1E368F360264B1A68E2601C6011E06D
:10BCB0007CB108214846FBF70DFAB0B924B3A56959
:10BCC000F5B1E069CDF800A0224B4A462146A847CD
:10BCD000B2E75C46002CECD17A68184B5B699A425B
:10BCE000E7D04846FBF738FAA6E7164B4FF4B87290
:10BCF000194916482DF09AFD4846FBF72DFA9BE7A7
:10BD00004846FBF729FA97E7B8F1000F05D10B4B2E
:10BD10005B6903F0F003E02B03D14846FBF71CFA04
:10BD20008AE7064B9989083109B24846FBF70EFAB3
:10BD300003214846F9F78EFCEFE700BFB85F00200B
:10BD400018320120D860040890610408A03C04085F
:10BD5000A8610408C85F0020C461040870B50446E7
:10BD60000D4621B12CB1254B1B6819460CE0244D22
:10BD7000F8E7244B40F2B732234924482DF056FD12
:10BD80006FF00F0015E0C96819B1A142FBD101267F
:10BD900000E000267AB9FFF79BFE0246F8B1E5B154
:10BDA0002B682360628236BB144B1A68E2601C6009
:10BDB000002070BDDB68002BF1D0A342FAD0598A75
:10BDC0009142F7D11868296888420BD069B17BB1DC
:10BDD0000028EFD16FF00700EBE70023E1E76FF0F9
:10BDE0000700E6E76FF00700E3E76FF00700E0E722
:10BDF0006FF00700DDE70020DBE700BF183201200D
:10BE0000ECCA0408D8600408E0610408A03C0408F7
:10BE10002DE9F04F85B0DDF838B0DDF83CA0002802
:10BE200045D00C46904699460646002949D0002A3E
:10BE300051D0BAF1000F58D0BBF1000F5FD0428A49
:10BE4000002A66D022894FF6F7739A427FD80821DC
:10BE50002046FBF73AF9002862D125466B89072B6B
:10BE60006DD96F68708AF8F7C0F838804846F8F7DF
:10BE7000BCF878800023BB71FB712889F8F7B5F80E
:10BE8000B880CDF808B011230193B37A0093F37A08
:10BE9000424651462846F9F72BFD0746A54202D0F7
:10BEA0002846FBF759F9384605B0BDE8F08F2B4B13
:10BEB00040F2D1222A492B482DF0B8FC6FF00F0731
:10BEC000F1E7264B40F2D222274926482DF0AEFC5E
:10BED0006FF00F07E7E7214B40F2D32223492148B7
:10BEE0002DF0A4FC6FF00F07DDE71C4B4FF435720B
:10BEF0001F491C482DF09AFC6FF00F07D3E7174B32
:10BF000040F2D5221B4917482DF090FC6FF00F0727
:10BF1000C9E70146FFF722FF0746002892D0C2E793
:10BF20004FF4207208212220FBF778F9054688B1EA
:10BF30002389002B92D02146FBF7E0FA8EE7074BCE
:10BF400040F20D320C4907482DF070FC89E74FF0A4
:10BF5000FF37A8E74FF0FF37A5E700BFD860040818
:10BF6000F8610408A03C0408186204083862040858
:10BF70005C62040880620408A462040870B582B0A0
:10BF8000069D98B10446D9B122B36DB3002835D0CF
:10BF900006689EB306F0F00CBCF1E00F2ED0D5F889
:10BFA00004C066452BD06FF003002DE0174B4FF413
:10BFB0002072174917482DF039FC6FF00F0023E06D
:10BFC000124B40F28122144912482DF02FFC6FF0E1
:10BFD0000F0019E00D4B40F2822210490D482DF060
:10BFE00025FC6FF00F000FE0084B40F283220C4954
:10BFF00008482DF01BFC6FF00F0005E0281D019094
:10C0000000952046FFF704FF02B070BDD860040819
:10C01000D4620408A03C0408F06204080C6304081D
:10C020002C630408F0B583B098B10D4614461E4643
:10C030000746C1B10AB3007A48B3FAF77DFF50B39F
:10C0400000903346224629463846FFF797FF03B053
:10C05000F0BD124B4FF40672114912482DF0E6FB69
:10C060006FF00F00F3E70D4B40F219220E490D4817
:10C070002DF0DCFB6FF00F00E9E7084B40F21A22CD
:10C080000A4908482DF0D2FB6FF00F00DFE7104699
:10C09000F9F706FBD3E76FF00300D8E7D860040890
:10C0A0004C630408A03C040864630408806304082B
:10C0B00008B510B18161C26108BD044B40F28A42EB
:10C0C000034904482DF0B2FBF6E700BFD86004082E
:10C0D0009C630408A03C040808B550B101460F4B0E
:10C0E0001A68824211D1D2681A600020FAF738FD2E
:10C0F00008BD0B4B40F2A1420A490B482DF096FBBC
:10C10000F6E7CB68D360F0E71A46002AEDD0D36893
:10C11000002BF9D08B42F4D01A46F6E718320120F2
:10C12000D8600408B4630408A03C040810B50020DB
:10C13000FAF7E8FC044628B1202200212EF060F82E
:10C14000FF23E372204610BD08B5FFF7EFFF08BDDF
:10C15000024688B103687BB171B10B6863B1074BCC
:10C160001B6800E0DB683BB11068D3F800C0844571
:10C17000F8D108681860F5E7704700BF1832012051
:10C1800070B5044643890E2B1CD90D46C37B1BB9E1
:10C1900091F830300133C37360688689037813F0F7
:10C1A000010F0AD0012B12D006221E492DF07EFF6E
:10C1B00018B9637B43F008036373082E12D0B6F5F9
:10C1C000C16F1FD02046FAF7C7FF002070BD43782B
:10C1D000002BF2D183785E2BEFD1637B43F0100309
:10C1E0006373EAE795F82D3013F0080FEAD00E21BB
:10C1F0002046FAF76FFF0028E4D129462046F9F7D8
:10C20000ABFAE2E795F82D3013F0080FDAD00E21E3
:10C210002046FAF75FFF0028D4D129462046F8F7D8
:10C220008FFED2E7D0CB04082DE9F04105460C463D
:10C2300016461F46BDF81800F7F7D7FE80460E21B8
:10C240002046FAF742FFE8B96168A1F80C803B6824
:10C250000B60BB888B803368C1F80630B3884B8194
:10C2600095F82C30062B05D1AB6921462846984716
:10C27000BDE8F081054B4FF49972054905482DF052
:10C28000D5FAF1E76FF00100F2E700BFCC630408D4
:10C290003C640408A03C04080B6803EB820C0B68A8
:10C2A00063450ED210B41C1D0C601A6803681C1D77
:10C2B00004601C6862401A600B686345F3D310BCCD
:10C2C0007047704710B582B01446034610F0030F54
:10C2D00002D111F0030F04D04B4013F0030F16D01E
:10C2E00030E0019000919208694601A8FFF7D4FF61
:10C2F0000198009904F0030424E011F801CB0346EF
:10C3000013F8012B82EA0C020270013C184610F06F
:10C31000030F01D0002CF0D101900091A2086946D2
:10C3200001A8FFF7B9FF0198009904F0030409E0A0
:10C3300011F801CB034613F8012B82EA0C020270BC
:10C34000013C1846002CF3D102B010BD042801D1E5
:10C35000202070476FF0AD007047009B082A0BD07B
:10C3600030B1B3F800C000F80C1019880131425404
:10C370001A8802321A80704748B1B3F800C000F83A
:10C380000C20B3F800C00CF1010C00F80C10B3F84D
:10C3900000C00CF1020C1FFA8CFCA3F800C028B1FD
:10C3A00000F80C201A880132053181541A880232B3
:10C3B0001A807047032904D008290AD0012904D023
:10C3C000704710700323537070471070012353702F
:10C3D00070470823137050707047042801D0002064
:10C3E00070474FF4CF70704791B1D0F8A43213600A
:10C3F000D0F8A832591CC0F8A8125360D0F8A8226F
:10C40000934217D9D0F8A4320133C0F8A432704750
:10C41000D0F8AC321360D0F8B032591CC0F8B0126A
:10C420005360D0F8B022934204D9D0F8AC32013333
:10C43000C0F8AC32704748B19DF800200270C1F3DB
:10C4400007424270C1F307228270C170704710B476
:10C45000106801EB000C041D1460029A944210D87D
:10C460000A5C1A709CF801209CF802301B0243EA17
:10C4700002439CF803201343019A1360002010BC70
:10C4800070476FF08300FAE70722002A09DB811862
:10C4900091F884320133DBB281F884320BB9013A6E
:10C4A000F3E7704710B50C46C0B2FFF74FFF002806
:10C4B00003DD24F00301401A10BD4FF0FF30FBE70D
:10C4C00000207047172802D140F20E2070476FF409
:10C4D000AF7070470020704708B590F9C432002B48
:10C4E00031DB8A68D36940F285218B420CD040F25F
:10C4F0008E218B4208D040F206218B4214D0134883
:10C500001FF076FD00201FE0B0F9E832002B05DBBC
:10C5100052689BB29A4201D3002015E00C481FF0EC
:10C5200067FD6FF4CC700FE0B0F9EA32002B05DB49
:10C5300052689BB29A4201D3002005E005481FF0E3
:10C5400057FD054800E0002008BD00BFB86404089E
:10C55000706404089464040866FEFFFF10B5044686
:10C56000372900F2D482DFE811F03800550074005A
:10C570009100B600D202D202D202D202D202D2027C
:10C58000D30035015D017A0101022902D202D202F3
:10C59000D2025102D2020501D202D202D202D2024A
:10C5A000D202D202D202D202D202D202D202D202EB
:10C5B000D202D202D202D202D202D202D202D202DB
:10C5C000D202D202D202D202D202D202D202D202CB
:10C5D000D202D202D202D2026E0290F8C43213F01A
:10C5E000300F0CD090F8CA3113F0010F0CD190F835
:10C5F000CA3143F0010380F8CA3100208BE2B84809
:10C600001FF0F6FCB74886E2B7481FF0F1FC6FF464
:10C61000C57080E290F8C43203F03003102B0DD0C7
:10C6200090F8CA3113F0060F0DD190F8CA310122EB
:10C6300062F3420380F8CA3100206CE2AB481FF07D
:10C64000D7FCA84867E2AA481FF0D2FC6FF4C57077
:10C6500061E290F8C43213F0300F0CD090F8CA3178
:10C6600013F0080F0CD190F8CA3143F0080380F89A
:10C67000CA3100204FE29F481FF0BAFC99484AE2B5
:10C680009D481FF0B5FC6FF4C57044E290F8C432C9
:10C6900013F0300F0FD090F8CA3113F0100F0FD1F4
:10C6A00013F0800F12D190F8CA3143F0100380F8D4
:10C6B000CA3100202FE291481FF09AFC89482AE2F3
:10C6C0008F481FF095FC6FF4C57024E28D481FF071
:10C6D0008FFC8D481FE290F8C43213F0300F0CD05D
:10C6E00090F8CA3113F0200F0CD190F8CA3143F002
:10C6F000200380F8CA3100200DE284481FF078FC46
:10C70000784808E282481FF073FC6FF4C57002E2BB
:10C7100090F8CB3113F0020F15D190F8CB3143F0E4
:10C72000020380F8CB3190F8C43203F03003102BB1
:10C730000FD0002B40F0F08194F8CA3113F0060FAF
:10C7400012D00020E7E173481FF052FC6FF4C5706F
:10C75000E1E190F8CA2112F0080FEAD16E481FF00B
:10C7600047FC6FF4BA70D6E16C481FF041FC6FF4DF
:10C77000BA70D0E190F8C43213F0300F13D090F8B3
:10C78000CB3113F0040F13D190F8CB3143F00403F5
:10C7900080F8CB31DBB213F0020F0FD013F0080F8B
:10C7A00012D10020B7E15E481FF022FC4D48B2E1F3
:10C7B0005C481FF01DFC6FF4C570ACE15A481FF0D7
:10C7C00017FC6FF4BA70A6E158481FF011FC6FF423
:10C7D000BA70A0E190F8C43213F0300F11D090F885
:10C7E000CB3113F0080F11D190F8CB3143F008038F
:10C7F00080F8CB3190F8CA3113F0080F0CD000202C
:10C8000089E14B481FF0F4FB364884E149481FF0AA
:10C81000EFFB6FF4C5707EE147481FF0E9FB6FF452
:10C82000BA7078E190F8C43213F0300F0CD090F861
:10C83000CB3113F0100F0CD190F8CB3143F0100333
:10C8400080F8CB31002066E13C481FF0D1FB254841
:10C8500061E13B481FF0CCFB6FF4C5705BE190F8E1
:10C86000C43213F0300F2FD090F8CB3113F0200FDB
:10C870002FD190F8CB3143F0200380F8CB31DBB2DD
:10C8800013F0020F0DD190F8DD31043BDBB2022B27
:10C8900004D990F8C83213F0020F5BD029481FF07A
:10C8A000A7FB94F8CB3113F0080F40F0378194F8D0
:10C8B000E131012B03D094F8DD31012B50D1224816
:10C8C0001FF096FB002026E120481FF091FB054851
:10C8D00021E11F481FF08CFB6FF4C5701BE100BF06
:10C8E000D0640408A8FEFFFFF06404081065040883
:10C8F00030650408506504087065040890650408F4
:10C90000B8650408E0650408BAFEFFFF186604086D
:10C910003C66040860660408806604089C66040897
:10C92000B8660408E066040808670408306704086D
:10C930005C67040884670408AC670408D4670408CB
:10C94000FC6704086C680408A868040824680408E4
:10C950004868040873481FF04BFB6FF4BA70DAE0C4
:10C9600071481FF045FB6FF4BA70D4E090F8C43200
:10C9700003F03003102B10D090F8CB3113F0400FA0
:10C9800010D190F8CB3143F0400380F8CB31DBB2CB
:10C9900013F0020F0CD00020BDE064481FF028FB0C
:10C9A0006348B8E063481FF023FB6FF4C570B2E042
:10C9B00061481FF01DFB6FF4BA70ACE090F8C43210
:10C9C00003F03003102B10D090F9CB31002B11DB8A
:10C9D00090F8CB3143F0800380F8CB3190F8CA3126
:10C9E00013F0060F0CD0002095E054481FF000FB18
:10C9F0004F4890E052481FF0FBFA6FF4C5708AE090
:10CA000050481FF0F5FA6FF4BA7084E090F8CC311A
:10CA100013F0010F0BD190F8CC3143F0010380F8F3
:10CA2000CC31DBB213F0040F07D0002073E046488E
:10CA30001FF0DEFA6FF4C5706DE044481FF0D8FABD
:10CA40006FF4C47067E090F8CC3113F0040F29D173
:10CA500090F8C63213F0020205D190F8CC3143F0C1
:10CA6000040380F8CC3194F8C43203F03003102B67
:10CA70001ED06BB994F8C53213F0080F03D194F9A6
:10CA8000CB31002B2FDAD4F8C412314B8B4330D08A
:10CA9000002A45D094F8CC3143F0040384F8CC311B
:10CAA000002038E02B481FF0A3FA6FF4C57032E085
:10CAB00094F8C51211F0080F0AD194F8CB1111F0B7
:10CAC000200FD6D124481FF093FA6FF4BA7022E0F9
:10CAD00094F8CA1111F0080FCBD120481FF088FA42
:10CAE0006FF4BA7017E01E481FF082FA6FF4BA7044
:10CAF00011E094F9C732002B04DA94F8CB3113F02B
:10CB0000400FC5D117481FF073FA174803E01748C4
:10CB10001FF06EFA164810BD0020FCE70020FAE76F
:10CB20000020F8E780680408C0680408E868040882
:10CB3000A8FEFFFF10690408386904085469040856
:10CB40007C690408A4690408CC690408E86904083D
:10CB500040000040106A0408306A0408586A04085B
:10CB6000886A0408B46A040886FEFFFFD46A0408D1
:10CB700076FEFFFF2DE9F041D0F88C30ABB10446D2
:10CB80000E4617464FF00A08D4F88C50636F3A46A9
:10CB900031462046A847051E39DAAB1D052B30D893
:10CBA000DFE803F03326331D093320481FF020FA55
:10CBB0004FF0FF352BE0B8F1000F2BDD236893F821
:10CBC0004B3013F0010F28D094F8DA3243BB94F8BD
:10CBD000C63213F0020F26D108F1FF38D4E794F8DB
:10CBE000C63243F0040384F8C6324FF0FF350EE03E
:10CBF00094F8C63243F0080384F8C6324FF0FF358C
:10CC000005E00B481FF0F4F901E04FF0FF3528462E
:10CC1000BDE8F0816FF4A175F9E76FF4A175F6E74F
:10CC20006FF4A175F3E76FF4A175F0E7EC6A0408FF
:10CC3000186B040810B50C46486808B11FF04AFA92
:10CC40000023636010BD10B50C46486808B11FF0A2
:10CC500041FA00236360A06808B11FF03BFA00238B
:10CC6000A36010BD10B50C46486808B11FF032FA39
:10CC700000236360A06808B11FF02CFA0023A360B2
:10CC800010BD10B50446006815F08EFE206808B18E
:10CC90001FF020FA00232360606808B11FF01AFA21
:10CCA00000236360A06808B11FF014FA0023A3609A
:10CCB000E36843B1442203E0002203F8012B0A4653
:10CCC000511E002AF8D1E06808B11FF003FA0023D2
:10CCD000E36010BD2DE9F041054690F8C63213F02F
:10CCE000020F02D00D26042403E00526FBE76400B2
:10CCF000E4B2B442FBD3D5F80031D5F80421D043D7
:10CD000083423DD81344DA438A423CD3CF18FB43D5
:10CD10009C423BD8E0191FF0D1F980461E481FF015
:10CD200067F9B8F1000F34D00CB1A31B9844D5F8C3
:10CD30000031C3B995F80C313BB1D5F8FC0095F83A
:10CD40000D31C01A01D01FF0C5F9012385F80C314F
:10CD500094B1A41B85F80D41C5F8FC80C5F8087195
:10CD60000020BDE8F081D5F804211A44D5F8FC1064
:10CD70004046F3F7B5FEDDE7002385F80D31EBE71C
:10CD80006FF08300EDE76FF08300EAE76FF0830058
:10CD9000E7E76FF07C00E4E7346B0408D0B1F8B546
:10CDA0000D46C9B1466886B1C6B17788C7B10024BF
:10CDB000631CBB420CD204F5987002222946304411
:10CDC0002DF074F970B10234F2E703681E6CEBE7E2
:10CDD000002006E000207047002002E0002000E074
:10CDE0000020F8BD0120FCE708B590F8C53213F02B
:10CDF000200F16D0C36893F87420202A01D0002099
:10CE000010E0D0F8801191F85C20202A01D0002099
:10CE100008E03C3103F154002DF048F918B100202E
:10CE200000E0002008BD0120FCE738B505461446A7
:10CE30000F2919D025290CD00A2920D1104621F01C
:10CE4000EEFAD5F85C23D5F88810204621F0A6FA32
:10CE500038BD10461CF0DAFBD5F85C23D5F88810F5
:10CE600020461CF0B2FBF3E710461BF047F8D5F85C
:10CE70005C23D5F8881020461BF024F8E8E76FF013
:10CE8000AC00E5E710B50C46086808B11FF022F9C0
:10CE900000232360606808B11FF01CF90023636061
:10CEA000A06850B194F8253013F0040F06D1A068A3
:10CEB00008B11FF00FF90023A36010BD19F008F9A5
:10CEC00094F8253023F0040384F82530EFE72DE9AA
:10CED000F04383B0DDF828800B9F002858D00C4623
:10CEE00015461E468146002955D08868002855D031
:10CEF000C969A369994254DCD4F800C00CEBC102A3
:10CF000094F8253013F0040F14D0D9F80030DB6BFF
:10CF10000022009232462946A06819F0FFFD05461E
:10CF2000D8B110F1960F18D010F1970F15D000203E
:10CF3000044620E0D9F8883052685CF8311019F0C6
:10CF400089F894F8253043F0040384F82530A36869
:10CF5000D9F85C23C3F88023D7E7A46894F8A833F2
:10CF600013F0040F12D004F53B74D9F800302146B9
:10CF7000D86B0AF0E9FEB8F1000F01D0C8F8004004
:10CF800007B13860284603B0BDE8F0834034ECE7D1
:10CF90006FF0AC05F6E76FF0AC05F3E76FF0AC05AA
:10CFA000F0E76FF08305EDE72DE9F04383B0044629
:10CFB000884691461E4608461EF070FB071E7BDD24
:10CFC00016F1410F7AD806F1400528461FF076F891
:10CFD000C4F82001002874D0C4F82451E368D3F8C1
:10CFE00014C09D69D9691A6AC0F800C045608160A3
:10CFF000C260D3F824C09D6AD96A1A6BC0F810C009
:10D0000045618161C261D4F82051E368D3F834C02E
:10D01000986BD96B1A6CC5F820C06862A962EA6285
:10D02000D3F844C0986CD96C1A6DC5F830C06863E9
:10D03000A963EA63D4F82001324649464030F3F749
:10D040004FFD9DF82800FFF73BFA0546C0B9C4F82C
:10D050002C7194F8C93213F0010F04D1D4F82801CF
:10D0600008B11FF037F894F8C93223F0010384F8AF
:10D07000C932D4F82C011FF021F8C4F8280118B3E4
:10D0800025B10025284603B0BDE8F083D4F82C3143
:10D090000093D4F82831D4F82421D4F82011404644
:10D0A0001EF07FFB0546D4F8200108B11FF012F8EE
:10D0B0000023C4F82031E5E7054DE3E76FF07C0578
:10D0C000E0E76FF07C05DDE76FF07C05DAE700BF95
:10D0D000B8FEFFFF2DE9F04182B00446BDF824C040
:10D0E000B0F8D801BCEB00054DD40F461646984663
:10D0F00020220899D4F860031FF0D3F9034618B131
:10D10000184602B0BDE8F08132463946D4F86003D3
:10D110001FF0D8FA03460028F2D169460023009395
:10D1200001938DF800600822D4F860031FF0CAFA5A
:10D1300003460028E4D10023009301932A46414688
:10D14000D4F860031FF0BEFA03460028D8D18DF84A
:10D1500000502B128DF801302B0C8DF802304FEA65
:10D16000156C8DF803C008226946D4F860031FF0DF
:10D17000A9FA03460028C3D10A99D4F860031FF026
:10D18000E6F90346BCE76FF49673B9E760B108B5FA
:10D19000034690F8C50210F0400F01D1002008BDF1
:10D1A00018460DF089F9FAE76FF0AC0070470000FF
:10D1B00008B590F8DA31072B08D0092B16D0BBB18F
:10D1C0000C481EF015FF6FF0BF0008BDD0F8AC2270
:10D1D000D0F8B03240F6E51199424FF4B57393415F
:10D1E00001D30020F1E713F009FBEEE70020ECE7A4
:10D1F0000020EAE74C6B040890F8CE31032B01D0F5
:10D200000020704790F8CF310BB900207047012003
:10D21000704790F8CE31032B01D00020704790F872
:10D22000CF31022B01D8002070470120704782B017
:10D23000ADF804009DF80430032B02D0002002B0AA
:10D2400070479DF80530032B01D80020F7E7012037
:10D25000F5E700002DE9F843044615461E4690F810
:10D26000C63213F0020F24D1D0F8E0200B68D35C53
:10D270002B70D0F8E0300A6813445B786B70D0F8FC
:10D28000E0300A6813449B78AB70D0F8E0300A684D
:10D290001344DB78EB70D0F8E0300A6813441B7954
:10D2A0002B710B6805330B60EA782B7943EA022374
:10D2B000338095F8018094F8CE71B84539D094F850
:10D2C000C43213F0300303D194F8DD22032A40D98D
:10D2D000B4F8C42202F48662B2F5826F3DD094F8AD
:10D2E000C62212F0020F02D02A78162A3DD0102B47
:10D2F0003FD194F8DC32012B3BD12B78152B38D160
:10D30000B84536D1AA7894F8CF319A4231D23388D1
:10D3100044F2464293423DD813B92B78172B2DD1B6
:10D320002B78143B032B2FD8002084F8BD02BDE8D6
:10D33000F88395F8029094F8CF319945E7D0B4F886
:10D34000CE01FFF774FF0028B9D0B9F1030FB6D1B1
:10D35000DDE712481EF04CFED9E794F8DC22032AE0
:10D36000BDD80F481EF044FED1E70E481EF040FE27
:10D37000CDE70D481EF03CFE0C48D8E70C481EF0E7
:10D3800037FE6FF4AA70D2E70A481EF031FE6FF440
:10D390009B70CCE76FF4AA70C9E700BF7C6B0408F0
:10D3A000B06B0408E46B0408146C0408BAFEFFFFB9
:10D3B000286C0408486C0408E0B170B50E461C46A1
:10D3C0000546027093F8CE314370B4F8CE01FFF7F2
:10D3D0002EFF58B10323AB7094F8C63213F0020F3E
:10D3E00003D1C6F30723EB702E7170BD94F8CF31D3
:10D3F000AB70F1E770472DE9F04182B005460C466D
:10D4000017461E46DDF8248000230093434616226B
:10D410000431FFF7D1FFCDF804809DF82030009350
:10D4200023463A463146681DFFF705F802B0BDE8CD
:10D43000F0812DE9F04182B005460C4616461F46A4
:10D440004FF00008CDF8008016220431FFF7B4FF3A
:10D4500001970096234642462146681DFEF7EBFFE2
:10D4600002B0BDE8F08110B50446B0F8CE01FFF778
:10D47000DEFE28B92046FFF7CCFE18B9022010BD09
:10D480000420FCE70420FAE738B50C4690F8D452A3
:10D49000012D04D0A54214BF0020012038BDB0F8F2
:10D4A000CE01FFF7C4FE18B9082CF3D10120F5E72F
:10D4B000082C14BF00200120F0E790F8BC3253B1D3
:10D4C00021B190F8C13043B90020704790F8D530B1
:10D4D0002BB90020704700207047012070470120C1
:10D4E000704738B504460D460021FFF7E6FF78B1D6
:10D4F000D4F8B822D4F8E830D4F8C0115B1A2B4421
:10D500001344B4F8BC01834214BF0020012038BD8D
:10D510000022EFE7F8B507460C461E46002A40D029
:10D52000B0F8CE01FFF783FE0546F0B1182C0FD8F6
:10D530000123A3402E4A1A40002A50D12D4A1A40F6
:10D5400042B131463846FFF7CCFF40B1002537E005
:10D55000372C46D028481EF04BFD284D30E0284897
:10D560001EF046FD6FF4BA752AE0162C12D801237E
:10D57000A340244A1A401ABB13F00B0F0CD03146BB
:10D580003846FFF7AEFFD8B91D481EF031FD6FF4E5
:10D59000BA7515E0372C13D017481EF029FD174D2A
:10D5A0000EE018290ED801238B40174A1A40D2B931
:10D5B00013F00B0F08D03146FFF793FF48B1002559
:10D5C0002846F8BD372910D00B481EF011FD0B4D31
:10D5D000F6E70B481EF00CFD6FF4BA75F0E7002576
:10D5E000EEE70025ECE70025EAE70025E8E700BFC5
:10D5F00010B941016F001000D46A040876FEFFFFE5
:10D600005C6C040834F8510074F9510182B0ADF833
:10D610000410BDF804300380012383700023C3701D
:10D6200002B0704770B504460E461546A822002188
:10D630002CF0E6FD26609DB365644FF4FA73E36653
:10D64000032384F84C300123A3606FF00103A3632C
:10D650008023A4F84E304FF4C072A4F85020A4F8F0
:10D6600052301C23A4F854302023A4F8743009232A
:10D6700084F848301D4BE3651D4B2366B378012BBE
:10D6800010D06FF00103C4F89C3028460AF012F95C
:10D69000E063C0B1B378012B1BD06564002070BD7E
:10D6A0006464CAE794F84A3043F0080384F84A30C7
:10D6B000DBB243F0020384F84A30DBB243F04003AC
:10D6C00084F84A30DDE70B481EF092FC6FF4B3702B
:10D6D000E5E73378032BE0D17378002BDDD094F8A5
:10D6E0004D3043F0010384F84D30D6E7C50C0208F5
:10D6F000A90C0208806C040810B50446006808B143
:10D700001EF0E8FC00232360206C08B11EF0E2FC50
:10D7100000232364A06908B11EF0DCFC0023A36190
:10D72000206908B11EF0D6FC00232361606838B17F
:10D730001FF09BFB606808B11EF0CCFC0023636007
:10D74000E26A52B1136843B1926803E0002203F821
:10D75000012B0A46511E002AF8D104F12C0018F0C2
:10D760000AFE04F1200018F006FE04F1240018F06F
:10D7700002FEE06B0AF082F80023E363616CD4F8E8
:10D78000A0000DF067FA10BD10B583685A1E8260C4
:10D79000012B03D008481EF02BFC10BD044607489F
:10D7A0001EF026FC2046FFF7A7FF002CF5D02046F0
:10D7B0001EF090FCF1E700BFC46C0408986C0408EC
:10D7C0000023C0F8B030C0F8C430C0F8BC30C0F896
:10D7D000D030C0F8603380F8C13080F8D53080F8A0
:10D7E0006433704710B50446D0F88810B030FFF7A6
:10D7F00048FAD4F8881004F1C400FFF742FAD4F8CC
:10D80000603343B1502203E0002203F8012B0A46A3
:10D81000511E002AF8D1D4F8600308B11EF05AFC5A
:10D820000023C4F8603310BD0023036043608360AD
:10D83000C360FF23037243728372C3720373704722
:10D8400010B584B004460020ADF80E0011F0010FB1
:10D850000ED044B104202070BDF80E0001304FF00E
:10D86000030C04F800C0BDF80E000230ADF80E0045
:10D8700011F0020F0FD0A2B944B1BDF80E3004224E
:10D88000E254BDF80E3001330122E254BDF80E30EF
:10D890000233ADF80E30BDF80E20069B1A8004B09E
:10D8A00010BD0DF10E020092082204212046FEF761
:10D8B00054FDE1E7036C0BB10020704710B504463E
:10D8C0004FF4AC701EF0FAFB206430B14FF4AC7230
:10D8D00000212CF095FC002010BD03481EF088FBB1
:10D8E0006FF49770F8E700BFE86C040843680BB169
:10D8F0000020704710B504464FF4AC701EF0DEFBFC
:10D90000606048B123686BB1196C59B14FF4AC72C7
:10D91000F3F7E6F800200BE006481EF069FB6FF411
:10D92000977005E04FF4AC7200212CF069FC0020E8
:10D9300010BD00BF086D04082DE9F04F85B0044606
:10D94000ADF80C1016461D46BDF83CA0BDF844705D
:10D95000BDF84CB0BDF858809DF80C30032B00F09A
:10D96000A2804FF000090398FFF761FC002C00F043
:10D97000A48094F8563113F0010F40F091800028F4
:10D9800000F0A180B8F1000F00F09B8013232371F9
:10D990000123637102235A1CE1181320087102331A
:10D9A0009BB214FA82F203211171199A1AB9BBF1D0
:10D9B000000F00D00025B9F1000F6ED067B1B8F1AB
:10D9C000000F09D05A1CE118C020087102339BB225
:10D9D00014FA82F22B21117165B1B8F1000F09D050
:10D9E0005A1CE118C020087102339BB214FA82F26B
:10D9F0002F211171BAF1000F0DD065B1B8F1000FF0
:10DA000009D05A1CE1180020087102339BB214FAA5
:10DA100082F29E2111714FB15A1CE118CC2008717D
:10DA200002339BB214FA82F2A92111714DB15A1C32
:10DA3000E118CC20087102339BB214FA82F2A821BB
:10DA400011714DB15A1CE118CC20087102339BB200
:10DA500014FA82F2AA2111714FB15A1CE118CC209C
:10DA6000087102339BB214FA82F2142111714DB184
:10DA70005A1CE118CC20087102339BB214FA82F2CE
:10DA8000132111714DB15A1CE118CC2008710233D9
:10DA90009BB214FA82F21521117123806388A3B11D
:10DAA00005B0BDE8F08F9DF80D30022B02D84FF085
:10DAB000000958E74FF0010955E709481EF098FAA8
:10DAC000EEE7434667E700236FE7A31C0093334666
:10DAD0004A461F2104F59870FFF7B2FEE0E700BF49
:10DAE0001C6D0408F0B58FB0ADF83410BDF850408F
:10DAF000BDF85850BDF85C60BDF86070BDF864C0FA
:10DB00001A99A1B90B9101210A91099108910791E4
:10DB1000CDF818C00597049103960295BDF85410EE
:10DB2000019100940D99FFF707FF0FB0F0BD0B9125
:10DB300001210A91099108910791CDF818C0059724
:10DB4000049103960295019100940D99FFF7F4FE5C
:10DB5000EBE7FF2313700378082B03D00B70437897
:10DB60001370704790F801C0ACF1090C5FFA8CFC9F
:10DB7000BCF1020F05D80A2313704378053B0B70E4
:10DB80007047137043780B7070470000042805D06D
:10DB900008B503481EF02CFA002008BD0620704787
:10DBA000386D040890F8DF017047000038B504466E
:10DBB0000D46FFF7F7FF94F8DB315BB9B4F8D801F5
:10DBC00094F8C63213F0010F04D194F8DA31092B1E
:10DBD00000D00830A84201D8002038BD02481EF00D
:10DBE00007FA6FF4BB70F8E74C6D0408F8B505460A
:10DBF000D0F8E860B0F8BC71374490F8DB3183B9F5
:10DC0000B0F8D831FB1AD5F8E4209A4210D37BB192
:10DC1000013B9E4212D2D5F8E020D25C72B9013BA2
:10DC2000F7E7D0F8B842FFF7BDFF2318FB1AEAE781
:10DC3000074C20461EF028FA204608E0D5F8E020E0
:10DC4000D25C85F8C521FF1AC5F8B8720020F8BD6E
:10DC5000B8FEFFFF042806D106230B7032B1012362
:10DC60001360002070476FF0AC00704700207047D1
:10DC70002DE9F04387B007460D4691461E46DDF874
:10DC800038801F481EF0C2F90F9C082C18D0FB6F7B
:10DC90000193119B0093D8F800303246494628463C
:10DCA00021F0C5F80446002C02DDC8F8004000242D
:10DCB000214613481EF0C8F9204607B0BDE8F0839E
:10DCC00000238DF81330059305AA0DF11301109868
:10DCD000FFF7C0FF04460028EED1FB6F0393119BB2
:10DCE0000293059B01939DF813300093D8F8003000
:10DCF00032464946284621F0C8F80446D3E700BF1B
:10DD0000686D0408F0B585B00F4616461D460A9C9E
:10DD100016481EF07BF9082C01D00A2C18D10023DC
:10DD20008DF80B30039303AA0DF10B010B98FFF74D
:10DD300091FF0446B8B90C9B0193039B00939DF897
:10DD40000B302A463146384620F0A8FF044606E04C
:10DD50000C9B2A463146384620F06AFF044621468D
:10DD600002481EF071F9204605B0F0BD706D040840
:10DD7000F0B589B00D4616461F4600240794344876
:10DD80001EF044F9002D5DD0002F5ED0B6F5C07FA7
:10DD900021D80F9B082B24D0119B07AA3146284677
:10DDA00020F046FF041E0FDD0E9BA34207D107990A
:10DDB00029B11A4638462CF079F9044620B1254895
:10DDC0001EF016F96FF4C974214621481EF03CF983
:10DDD000204609B0F0BD20481EF00AF96FF0830418
:10DDE000F6E700238DF81730069306AA0DF1170108
:10DDF0001098FFF72FFF04460028E9D1119B0193EB
:10DE0000069B00939DF8173007AA3146284620F05C
:10DE100045FF041ED8DD079D9DF81760119828F076
:10DE20002CFB02904FF0FF330193009623462A46C5
:10DE30000E99384620F0CAFC04460028C4D06FF47E
:10DE4000A474C1E76FF0AC04C2E76FF0AC04BFE7A5
:10DE50007C6D0408A86D04088C6D04082DE9F04160
:10DE600082B004460F4690461D46099E19481EF092
:10DE7000CDF82B680193E16F304621F018F8044685
:10DE800018B1204602B0BDE8F081334601AA4146F0
:10DE9000384620F0B3FE461EF60F731E5FFA83FC71
:10DEA0000340089A1360764206400BE0295D04F1B6
:10DEB00008036B4413F8042C4A400CEA0202514058
:10DEC00029550134032CF1DD314602481EF0BCF81F
:10DED0003446D6E7CC6D04082DE9F04182B0074600
:10DEE0000C4615461E46DDF820800D481EF08EF8C3
:10DEF000FB6F0193099B0093D8F800303246294606
:10DF0000204620F080FF041E02DDC8F800400024F7
:10DF1000214603481EF098F8204602B0BDE8F08183
:10DF2000D46D04082DE9F04182B007460C46154631
:10DF30001E46DFF8308040461EF068F8099B0193CA
:10DF4000FB6F0093089B3246294620461CF0C8FB15
:10DF50000446014640461EF077F8204602B0BDE870
:10DF6000F08100BFDC6D0408F0B583B004460D46B7
:10DF700016461F460D481EF049F8099B019304F50B
:10DF80004E730093089B3A46314628461DF0C2F86E
:10DF9000054610B9D4F8383333B1294603481EF08A
:10DFA00053F8284603B0F0BD014DF6E7E46D0408D0
:10DFB000B6FEFFFF70B505460C4616460B481EF030
:10DFC00025F8E96F20461DF030FB054628B12946AB
:10DFD00006481EF039F8284670BD069B059A314662
:10DFE00020461BF0B5FF0546F1E700BFF06D0408C1
:10DFF00070B504460E46154614481EF007F8C5B124
:10E000002B69B3B11D685B6832462946E06F1CF08E
:10E0100044F9054638B933692BB1DB6AC4F83C339F
:10E020000023A4F8F632294608481EF00DF82846C9
:10E0300070BDB4F85053D4F83C0308B90023E3E7AB
:10E04000002211461DF0FAFA0346DDE7006E0408CF
:10E050002DE9F04182B005460C4616461F46DFF812
:10E06000308040461DF0D2FF099B0193089B00932E
:10E070003B463246E96F204619F0A7FF04460146A9
:10E0800040461DF0E1FF204602B0BDE8F08100BF30
:10E090000C6E04082DE9F04484B00C4615461F466A
:10E0A0000A9EDDF82CA015481DF0B0FF4CB10E9B68
:10E0B0000BB10F9B2BB952463146204619F02FFF6A
:10E0C00005E0534632460F990E9819F033FF90B988
:10E0D000CDF808A0019600972B460D9A0C99204682
:10E0E00019F095FF0446214604481DF0ADFF204677
:10E0F00004B0BDE8F084024CF5E700BF1C6E0408D4
:10E10000AAFEFFFF70B588B0026890F84A30C3F3EA
:10E110008004C3F3C005C3F34006C3F380139178B2
:10E1200006910021059104930396029501940091B4
:10E13000117892F801C00123426B41EA0C21006C76
:10E14000FFF7D0FC08B070BD002843D0F0B589B00F
:10E150000446D0F86C214068F8B194F8C732C3F394
:10E160004006C3F3800703F0010CC3F3C00394F827
:10E17000C912C1F3C00194F8C452C5F30115069544
:10E1800005910493CDF80CC00297019600230093EB
:10E190000123B4F8CE11FFF7A5FC94F8C43213F0B4
:10E1A000300F1AD1D4F8603143B11B6833B1D4F8C1
:10E1B00064314BB11B683BB101200FE008481DF0F2
:10E1C00017FF6FF49E7009E006481DF011FF6FF411
:10E1D0009E7003E06FF0AC007047012009B0F0BD05
:10E1E000246E0408406E04082DE9F04104460D46F3
:10E1F0001746B9481DF00AFF002C00F06781002D7A
:10E2000000F06781D4F80080B8F1000F05D0B34862
:10E210001DF0EEFE206809F0B9FC284609F0B0FCBC
:10E220000646256094F8CA3113F00E0F03D12B680F
:10E230001B88A4F8CE31B5F87430A4F850332B6F96
:10E24000C4F83C33AB6FC4F85433EB6EC4F8B4314C
:10E250006B6EC4F88430B8F1000F03D02B689B7844
:10E26000032B07D02B689A7894F8C43262F3051315
:10E2700084F8C4322B68DA7894F8C53262F38203EA
:10E2800084F8C53295F84C3084F8DB3295F84A2092
:10E2900094F8C63262F3C71384F8C63295F84A3050
:10E2A000C3F3800394F8C72263F3410284F8C722C2
:10E2B00095F84A30C3F3C003D2B263F3820284F804
:10E2C000C72295F84A30C3F34003D2B263F3000289
:10E2D00084F8C72295F84A30C3F38013D2B263F3AF
:10E2E000C30284F8C72295F84A30C3F30013D2B2B0
:10E2F00063F3041284F8C72295F84A30C3F340133D
:10E30000D2B263F3451284F8C722B5F84E30A4F8B0
:10E31000E232B5F85030A4F8E432B5F95230A4F83E
:10E32000E832B5F95430A4F8EA3295F84930C3F32D
:10E33000001394F8C42263F3820284F8C42295F88F
:10E340004930C3F34013D2B263F3C30284F8C4224A
:10E3500095F8492094F8C43262F3861384F8C432E5
:10E3600095F84930C3F3400394F8C42263F3C7120D
:10E3700084F8C42295F84930C3F3800394F8C52289
:10E3800063F3000284F8C52295F84930C3F3C00353
:10E39000D2B263F3410284F8C52295F849309B0953
:10E3A00094F8C42263F3010284F8C42295F84A3039
:10E3B000DB0994F8C82263F3820284F8C82295F836
:10E3C0004B30C3F34003D2B263F3C30284F8C822D4
:10E3D00095F84B30C3F38003D2B263F3451284F84F
:10E3E000C82295F84D30C3F3001394F8CA2263F3A2
:10E3F000C30284F8CA2204F59E7305F1100292E864
:10E40000030083E8030004F5A27305F1180292E803
:10E41000030083E803002B6AC4F860316B6AC4F818
:10E420007431AB6AC4F87831EB6AC4F8643195F89A
:10E43000303084F8683195F8312094F8693162F30E
:10E44000000384F8693195F83130C3F3400394F840
:10E45000692163F3410284F869216B6BC4F86C3164
:10E46000AB6BC4F870316FB9606828B1296CC1B169
:10E470004FF4AC72F2F734FB94F8C43203F030037B
:10E48000302B13D1A96DB1B9EB6DC4F88C302B6E64
:10E49000C4F8903095F8483084F8C4313046BDE86F
:10E4A000F0814FF4AC722BF0ABFEE5E72046FFF7AE
:10E4B0004BFE0646E6E720460AF012FC0028E3D1B0
:10E4C00007481DF095FD6FF0AC06E7E76FF0AC066E
:10E4D000E4E76FF0AC06E1E75C6E0408686E0408E0
:10E4E000A86E040810B50446006F40B1403021F01A
:10E4F00000F8206F08B11DF0EDFD0023236710BD6B
:10E5000010B50446036F0BB1FFF7ECFFB0201DF010
:10E51000D5FD206760B1B02200212BF071FE206F85
:10E52000D4F85C23D4F88810403020F098FF10BD58
:10E5300002481DF05DFD6FF07C00F8E7C46E040832
:10E5400070B504460E46154631481DF05FFD0DB905
:10E55000E36893B1E36F83B3E36F8BB300250023CC
:10E5600084F8CE32D4F880212AB194F8C432C3F3AF
:10E57000011382F83030284670BDD8201DF09EFD72
:10E58000E060A0B1D82200212BF03AFEE3684FF4FE
:10E59000C0709860E5681DF091FD6860E368586898
:10E5A00090B34FF4C07200212BF02AFED2E7194835
:10E5B0001DF01EFD6FF07C05DDE77368E367CBE7B8
:10E5C00010201DF07BFDE067C0B1002303604360B5
:10E5D0008360C36094F8C83243F0800384F8C83283
:10E5E000D4F85C23D4F88810E06F1EF04BFE05468B
:10E5F0000028B4D008481DF0FBFCBCE707481DF01C
:10E60000F7FC6FF07C05B6E76FF07C05B3E700BF61
:10E61000046F0408106F0408386F0408246F04089E
:10E62000F8B504460D4617464FF4637200212BF0EF
:10E63000E7FD6B6CC4F8883004F1D803C4F8E0300F
:10E640000523C4F8EC3004F1F402C4F8FC20C4F84B
:10E6500008314FF0FF33C4F8A431C4F8A831D5F81D
:10E660009C30C4F85C3394F8CA3243F0040384F855
:10E67000CA3204F5D273636704F5D473A367C4F890
:10E68000AC4095F84D2094F8C93262F3410384F808
:10E69000C93295F84D30C3F3400394F8C92263F3AF
:10E6A000861284F8C92295F84D30C3F3C003D2B264
:10E6B00063F3C71284F8C92295F8902082BB95F8BD
:10E6C000A42094F8C93262F3041384F8C9324FF0DD
:10E6D000FF33C4F88831C4F88C31C4F89031C4F8E1
:10E6E00094312046FFF76CF804F5E970FFF79CF8C9
:10E6F0003A4629462046FFF723FF0646E0B90FB900
:10E700002B6CF3B13A4629462046FFF76DFD0646CD
:10E71000012820D0014624481DF04CFC3046F8BDAD
:10E72000520005F17C0104F53E70F2F7D9F995F835
:10E73000903084F80C33C2E701461C481DF03AFCC7
:10E74000ECE72846FFF7B6F806460028E6D128464B
:10E75000FFF7D8FCD6E794F8CE31FE2B14BF002388
:10E76000012394F8C62263F3410284F8C6222046AE
:10E77000FFF7C6FE064650B9D4F8880009F086F9BE
:10E78000C4F8800140B10A481DF014FCC6E70146F8
:10E7900008481DF00FFCC1E7314607481DF00AFC90
:10E7A0006FF07C06BAE700BF646F0408486F040886
:10E7B000B86F0408DC6E0408806F040838B504469E
:10E7C000C568002D49D021B1B0F8CE01FEF72FFD6C
:10E7D00058B1E3685B6873B34FF4C072511E12B353
:10E7E000002203F8012B0A46F8E7D4F88031D5F867
:10E7F00054C0A86DE96D2A6EC3F83CC01864596412
:10E800009A64D5F864C0A86EE96E2A6FC3F84CC04C
:10E81000186559659A65E268D4F8803192F87420D9
:10E8200083F85C20D5E7E368586808B11DF052FC16
:10E83000E36800225A60E368186808B11DF04AFCDA
:10E84000E36800221A60E368D82203E0002203F89C
:10E85000012B0A46511E002AF8D1E06808B11DF0CC
:10E8600039FC0023E36038BDC8B110B514467AB155
:10E87000106868B10F290FD025290AD00A2901D1C3
:10E880001FF0CDFD206808B11DF024FC002323609B
:10E8900010BD1AF0BBFEF5E719F030FBF2E7704748
:10E8A000F8B5002844D00C4615460746002A42D049
:10E8B000136843B90F290CD025290DD00A293DD161
:10E8C00041F65C000AE022481DF092FB6FF0BF06A3
:10E8D00016E04FF4126001E04FF444601DF0EEFBCF
:10E8E000286070B30F2C15D0252C0BD00A2C2BD1FF
:10E8F000D7F85C23D7F888101FF050FD06468EB974
:10E900003046F8BDD7F85C23D7F888101AF05DFEC2
:10E910000646F4E7D7F85C23D7F8881019F0D2FA46
:10E920000646ECE72A4621463846FFF79DFFE7E713
:10E930006FF0AC06E4E76FF0AC06E1E76FF0AC0611
:10E94000DEE76FF07C06DBE76FF0AC06D8E700BFD0
:10E95000DC6F040838B50D46D0F89C1089B1044628
:10E960000B682BB104319847D4F89C3000221A6010
:10E970003DB1D4F89C0008B11DF0ACFB0023C4F8F5
:10E980009C3038BD10B50446D0F8200130B11DF0E0
:10E99000A1FB0023C4F82031C4F82431D4F82801A5
:10E9A00078B194F8C93213F0010F18D00023C4F8DD
:10E9B0002831C4F82C3194F8C92263F3000284F89A
:10E9C000C92204F1A002D4F8A4102046FFF74CFF9E
:10E9D00004F5AE720F212046FFF746FF10BD1DF073
:10E9E00079FBE3E710B50446406808B11DF072FBFF
:10E9F0000023636010BD10B582B01446002300935D
:10EA0000019390F8C63213F0020F17D0009A130A40
:10EA100003F0FF13120202F0FF2213434FEA3343C5
:10EA20002360019A130A03F0FF13120202F0FF227F
:10EA300013434FEA3343636002B010BD6A46FDF7EB
:10EA4000D3FCE3E770B5066F66B10C461546FEF7DA
:10EA5000E0FB00B970BD2A46214606F1400020F0D7
:10EA60000AFDF7E76FF0AC00F4E710B5046F2CB1C6
:10EA70000533053A1944FFF7E5FF10BD6FF0AC0010
:10EA8000FBE708B5036F23B104320439FFF7DAFF5F
:10EA900008BD6FF0AC00FBE710B504460B481DF055
:10EAA000A7FAD4F8FC0094F80D31C01A01D01DF07B
:10EAB00011FB04F1F403C4F8FC300523C4F8083159
:10EAC000002384F80C3184F80D3110BDF46F040874
:10EAD00070B50446D0F8E450D0F8E830ED1A0E4690
:10EAE00021B9052D37DCD0F81C31A3BB1A481DF025
:10EAF0007FFA0EB9002D04DCD4F8E030D4F8E4201D
:10EB00000EE0D4F8E010D4F8E8302A46194404F1B5
:10EB1000D800F1F7E5FFEFE7002203F8012B0A46E2
:10EB2000511E002AF8D1D4F8E00094F8F130C01A50
:10EB300001D01DF0CFFA04F1D803C4F8E03005236A
:10EB4000C4F8EC30002384F8F03084F8F130C4F8D5
:10EB5000E830C4F8E45070BD0C70040838B50446C1
:10EB600090F8C43213F0300F23D15E481DF040FA04
:10EB70002046FEF737FE00212046FFF71FFE204605
:10EB8000FFF700FF01212046FFF7E4FE94F9C832A9
:10EB9000002B12DB2046FFF725FF2046FFF7A2FCE3
:10EBA000D4F8100108B11DF095FA04F5F273DC22D7
:10EBB00017E04D481DF01CFADAE7E06F1EF055F93A
:10EBC000E06F08B11DF086FA0022E26794F8C832BF
:10EBD00062F3C71384F8C832DCE7002203F8012B84
:10EBE0000A46511E002AF8D104F11003302203E036
:10EBF000002203F8012B0A46511E002AF8D104F125
:10EC00004003302203E0002203F8012B0A46511E84
:10EC1000002AF8D1D4F854314BB1D4F8582103E08C
:10EC2000002203F8012B0A46511E002AF8D1D4F81D
:10EC3000540108B11DF04EFAD4F84C0108B11DF092
:10EC400049FA94F83B314BB1D4F8440108B11DF0B6
:10EC500041FAD4F83C0108B11DF03CFA002584F8D3
:10EC60005853204609F0EEFF04F53C720A21204675
:10EC7000FFF7FAFD84F8F45294F8F03043BB94F8AF
:10EC80000C3153BB04F5527225212046FFF7ECFDF1
:10EC9000002584F8455304F5537225212046FFF7DB
:10ECA000E3FD84F8525304F5507225212046FFF706
:10ECB000DBFD84F84453D4F88810D4F868030BF0D3
:10ECC000C9FFD4F8801111B1206808F001FF38BDE8
:10ECD00001212046FFF7FCFED1E72046FFF7DCFECE
:10ECE000D0E700BF247004083870040838B5044623
:10ECF0000568FFF733FF14B120461DF0EBF915B19D
:10ED00002846FEF741FD38BD38B5044658481DF089
:10ED10007DF994F8F030E3BB2046FFF763FE204610
:10ED2000FFF7E0FBD4F8C43203F4C033B3F5004F6F
:10ED300003D094F9C832002B30DB94F8C83213F0BA
:10ED4000400F3BD004F53C720A212046FFF78CFDB2
:10ED5000002584F8F45204F5537225212046FFF76C
:10ED600083FD84F8525304F5527225212046FFF7A3
:10ED70007BFD84F8455304F5507225212046FFF7AA
:10ED800073FD84F84453D4F854311BB3D4F858219C
:10ED90001DE000212046FFF79BFEBDE7E06F1EF05F
:10EDA00064F8E06F08B11DF095F90022E26794F86D
:10EDB000C83262F3C71384F8C832BEE70121204687
:10EDC000FFF7FCFCBEE7002203F8012B0A46511EA8
:10EDD000002AF8D1D4F8540108B11DF07BF90023C2
:10EDE000C4F85431D4F84C0108B11DF073F9002374
:10EDF000C4F84C3194F83B317BB1D4F8440108B1EC
:10EE00001DF068F90023C4F84431D4F83C0108B17E
:10EE10001DF060F90023C4F83C3194F8C43203F0CB
:10EE20003003102B20D104F55A75D4F888200D2119
:10EE300028460CF0F3FDD4F888200B2128460CF06E
:10EE4000EDFDD4F888200A2128460CF0E7FDD4F81F
:10EE500088202B2128460CF0E1FDD4F888203321AE
:10EE600028460CF0DBFD38BD204609F0EBFEDAE762
:10EE70004C70040838B5D0F890300BB304460A251E
:10EE8000D4F80031002B54D0D4F8FC00D4F804118D
:10EE9000A36FD4F8002101442046D4F890C0E04785
:10EEA000002833DA053003284FD801A353F820F0A7
:10EEB000FFEE000881EE0008EFEE0008CBEE000840
:10EEC00029481DF095F8294818E0002D3FDD2368FA
:10EED00093F84B3013F0010F3CD094F8DA32E3BBD7
:10EEE00094F8C63213F0020F3AD1013DCCE794F802
:10EEF000C63243F0040384F8C6321C4838BD94F887
:10EF0000C63243F0040384F8C632F6E7D4F8003181
:10EF1000834208DBD4F804210244C4F804211B1AFC
:10EF2000C4F80031ACE712481DF062F86FF4C1700C
:10EF3000E4E7C4F8043194F80C310BB90020DDE7A4
:10EF40002046FFF7A9FD0020D8E70848D6E76FF470
:10EF5000A370D3E76FF4A370D0E76FF4A370CDE78D
:10EF60006FF4A370CAE700BF64700408CCFEFFFF13
:10EF700090700408D0F8FC20D0F80431D0F80011CB
:10EF80000B44D018704700002DE9F04105461746A4
:10EF900090F8C642640014F0040422D1002F23DB51
:10EFA000002921DB7E1830191DF088F880462A4898
:10EFB0001DF01EF8B8F1000F4BD014B1A4F10D03F1
:10EFC0009844BFB995F8F0306BB301212846FEF79D
:10EFD00074FA00B3D5F8E030D5F8E42018E0640006
:10EFE000E4B20C2CFBD9D9E71C481DF001F86FF0F6
:10EFF000AC0028E0D5F8E010D5F8E8303A461944DE
:10F000004046F1F76DFDDDE7002203F8012B0A46CB
:10F01000511E002AF8D1D5F8E00095F8F130C01A59
:10F0200001D01DF057F8012385F8F0306CB10D3C8C
:10F0300085F8F140C5F8E080C5F8EC600020C5F81F
:10F04000E800C5F8E470BDE8F081002385F8F130F0
:10F05000F0E76FF07C00F6E7E4700408B470040891
:10F06000F8B590F8CB3213F0020F47D104460E46A4
:10F07000D0F8E410D0F8E870D0F8EC307D1A2B44CA
:10F08000CF1B3ED4002B3EDBB7423ED23544AB42D1
:10F0900024DB002F02DDD4F8E81041BB0023C4F8C4
:10F0A000E830C4F8E470D4F8E010D4F8E4302A462C
:10F0B00019442046FDF75EFD6FF4A173984225D0F8
:10F0C000002824DB854224DBD4F8E4300344C4F870
:10F0D000E4302D1AB342E6D3002017E03A46314619
:10F0E000FFF752FF0028D4DA6FF07C000EE0D4F86E
:10F0F000E0003A4601442BF007F8CFE76FF4A17027
:10F1000004E0054802E0044800E00020F8BD0348A0
:10F11000FCE70348FAE700BFB8FEFFFFCCFEFFFFA5
:10F1200088FEFFFF08B500290BDBD0F80831D0F8C6
:10F1300000219B1AD0F804219B1A8B4207D3002090
:10F1400008BD07481CF054FF6FF0AC00F8E7FDF76E
:10F15000C1FD002801DB0020F2E76FF07C00EFE743
:10F16000FC70040808B5CC2855D0C02800F0998060
:10F17000D02800F0F481132800F0FD81002840F031
:10F180008B823D2900F205824BB2002B00F05982A0
:10F1900001393C2900F25582DFE811F02F022F02DD
:10F1A00053025302530253025302530253021B02EF
:10F1B00053025302530253025302530253025302A7
:10F1C0005302530253024B0253025302530253029F
:10F1D0005302530253025302530253025302530287
:10F1E0005302530253025302530253025302530277
:10F1F00053025302530253021F025302530253029B
:10F200003902530227025302530253023F025302B0
:10F210002F0223022B02AD293ED8A82908D3A1F141
:10F22000A803052B38D8DFE803F00C0F162C283084
:10F23000142917D0152919D013292DD13AB9012035
:10F240008CE122B9012089E1022A00F0FF81062A1F
:10F250008BD1012082E1002A00F0FA81012AF6D147
:10F2600010467BE1022AF2D1012077E1002A00F06A
:10F27000F181012AEBD1104670E1042AE7D1012087
:10F280006CE1042AE3D1012068E1042A00F0E48162
:10F29000012ADCD1104661E18F481CF0A9FE002054
:10F2A0005CE10B1FAB2B00F25581DFE813F0CB00C4
:10F2B000D500440153015301C600D000530153014E
:10F2C0005301B100BE00530153015301AC00B9001A
:10F2D000530153015301530153015301530153018E
:10F2E00053015301530153015301530137013701B6
:10F2F0003C013C012201220127012701DA00E20042
:10F30000EA00F200FA0002010A0117015301530159
:10F31000530153014E01530153014901530153015C
:10F32000530153015301530153015301530153013D
:10F33000530153015301530153015301530153012D
:10F34000530153015301530153015301530153011D
:10F35000530153015301530153015301530153010D
:10F3600053015301530153015301530153015301FD
:10F3700053015301530153015301530153015301ED
:10F3800053015301530153015301530153015301DD
:10F3900053015301530153015301530153015301CD
:10F3A00053015301530153015301530153015301BD
:10F3B00053015301530153015301530153015301AD
:10F3C000530153015301530153015301530153019D
:10F3D000530153015301530153015301530153018D
:10F3E000530153015301530153015301530153017D
:10F3F00053015301530153015301530153012F0191
:10F4000053012F012F01002A7FF4B2AE0120A5E0A5
:10F41000032A00F02381052A7FF4AAAE01209DE093
:10F42000002A7FF4A5AE012098E0032A00F018819D
:10F43000052A7FF49DAE012090E0022A7FF498AE69
:10F4400001208BE0032A7FF493AE012086E0022A9C
:10F450007FF48EAE012081E0032A7FF489AE012083
:10F460007CE0022A00F0FE80062A7FF481AE0120B3
:10F4700074E0022A00F0F880062A7FF479AE0120B9
:10F480006CE0032A00F0F280062A7FF471AE0120BE
:10F4900064E0032A00F0EC80062A7FF469AE0120C4
:10F4A0005CE0002A00F0E680062A7FF461AE0120CD
:10F4B00054E0002A00F0E080062A7FF459AE0120D3
:10F4C0004CE0032A00F0DA80052A00F0D980062AF1
:10F4D0007FF44EAE012041E030710408032A00F0B1
:10F4E000D180052A00F0D080062A7FF441AE0120A9
:10F4F00034E0002A7FF43CAE01202FE0052A00F022
:10F50000C580032A7FF434AE012027E0022A00F0F0
:10F51000BF80062A7FF42CAE01201FE0022A7FF470
:10F5200027AE01201AE0022A00F0B480032A7FF4FB
:10F530001FAE012012E0022A7FF41AAE01200DE076
:10F54000042A7FF415AE012008E0042A7FF410AEEF
:10F55000012003E067481CF04BFD002008BD012995
:10F5600004D1042A7FF407AE0120F7E762481CF0BB
:10F570003FFD0020F2E70139042905D8062A01D011
:10F580000020EBE70120E9E75C481CF031FD00209A
:10F59000E4E79D290DD89C2945D2672931D06B29F4
:10F5A0004FD1002A00F08A80012A00F089800020D3
:10F5B000D4E701F16203DBB2012B42D8002A00F04C
:10F5C0008D80012A00F08C80062A00F08B800020BC
:10F5D000C4E7002A62D00020C0E7002A60D00020E3
:10F5E000BCE7002A5ED00020B8E7002A5CD00020EB
:10F5F000B4E7002A5AD00020B0E7002A58D00020F3
:10F60000ACE7002A56D0012A56D00020A6E7002AEF
:10F6100058D0012A58D00020A0E7002A56D0012A4D
:10F6200056D000209AE7002A54D0062A54D0002051
:10F6300094E7002A58D0052A58D0012A58D0002033
:10F640008CE72F481CF0D4FC002087E7012085E7D9
:10F65000012083E7012081E701207FE701207DE78A
:10F6600001207BE7012079E7012077E7012075E79A
:10F67000012073E7012071E701206FE701206DE7AA
:10F6800001206BE7012069E7012067E7012065E7BA
:10F69000012063E7012061E700205FE701205DE7CB
:10F6A00001205BE7012059E7012057E7012055E7DA
:10F6B000012053E7012051E710464FE701204DE7B5
:10F6C00010464BE7012049E7104647E7012045E790
:10F6D000104643E7012041E701203FE701203DE7D5
:10F6E00010463BE7012039E7012037E7012035E7E5
:10F6F000104633E76071040890710408C47104086F
:10F70000F87104082DE9F04385B007460C4615460C
:10F71000984679481CF07AFC002C00F08780631929
:10F720001E7901352C442479002221463046FFF70A
:10F7300019FD30B171481CF05BFC97F9C632002B03
:10F740007CDA012221463046FFF70CFD38B16C48C7
:10F750001CF04EFC97F8C73213F0020F73D0022250
:10F7600021463046FFF7FEFC38B166481CF040FCED
:10F7700097F8C73213F0010F6AD0032221463046B2
:10F78000FFF7F0FC38B160481CF032FC97F8C73244
:10F7900013F0080F61D0042221463046FFF7E2FC47
:10F7A000054600285ED1052221463046FFF7DAFCE7
:10F7B00078B156481CF01CFCD7F8C43223F07B43C8
:10F7C00023F47F0323F47F4323F0CF03B3F1806F4F
:10F7D00050D0062221463046FFF7C4FC30B14C48D9
:10F7E0001CF006FC97F8CE31032B47D008F1040338
:10F7F0002246314638460AF0D1FF8146002845D0DE
:10F80000B7F8CE01FDF713FD20B197F8C43213F01D
:10F81000300F40D0132E0DD0C02E64D0002E68D1F2
:10F820003A34E4B2012C05D9012503E039481CF033
:10F83000DFFB0025284605B0BDE8F08336481CF004
:10F84000D7FB0025F6E735481CF0D2FB0025F1E791
:10F8500033481CF0CDFB0025ECE732481CF0C8FB18
:10F860000025E7E730481CF0C3FB30481CF0C0FB24
:10F870000025DFE72E481CF0BBFBDBE797F8CF3114
:10F88000022BB3D82B481CF0B3FBD3E72A481CF05B
:10F89000AFFB4D46CEE700238DF80F3008F108038B
:10F8A0000DF10F0201920093234632460C9938461F
:10F8B0000BF0B0F810F17D0F09D0D8F8083053B133
:10F8C000D8F80C300BB90028B4D10125B2E71B4899
:10F8D0001CF08EFBAEE79DF80F30002BF0D001231B
:10F8E000C8F80C30ECE704F14C03DBB2012B95D8DF
:10F8F000A0E701259EE700BF2472040838720408BF
:10F90000587204088071040888720408D4720408CC
:10F9100008730408206D040848720408687204081B
:10F92000787204089C720408B4720408C472040853
:10F93000EC7204081873040848730408647304081C
:10F94000F0B583B00C461D46BDF82030099E294411
:10F950000F79D11809798F4223D16F1CE1190979E8
:10F9600001331A44137999421ED10A9B00933346FE
:10F970002A462146FFF7C6FE00280ADB58B10C488C
:10F980001CF036FB25442B7933703C44237973708B
:10F99000002003B0F0BD07481CF02AFB6FF4FA709A
:10F9A000F7E76FF4FA70F4E76FF4FA70F1E700BF6D
:10F9B000A8730408C073040870B59DF810400028AF
:10F9C00073D004F040048646002A70D0002970DD10
:10F9D000002B70D0012548E0203052E0002D57D098
:10F9E00001395CB1002509E00EF1010E10F0FF00B5
:10F9F00063D02A2815D1002C61D10139002910DDEE
:10FA00009EF80000334E365C06F00306012EEBD163
:10FA10002030E9E70CF1200C0DE033B3BCF12E0FE0
:10FA20004FD013B392F800C02A4E16F80C6006F0BF
:10FA30000306012EEED05FFA8CFC0132013B8445B7
:10FA4000EBD10029E9DD01390FE092F800C0214E29
:10FA500016F80C6006F00306012E1FD05FFA8CFC2E
:10FA6000844530D10132013B0139002919DD9EF86E
:10FA70000000184E16F800C00CF0030CBCF1010F8A
:10FA8000AAD010F0FF000CD00EF1010E2A28A5D04C
:10FA9000002CDAD0002DD8D00025D6E70CF1200CB0
:10FAA000DCE793B999B1002000E0002070BD002090
:10FAB000FCE70020FAE70020F8E70020F6E7002046
:10FAC000F4E70020F2E70020F0E70020EEE7012055
:10FAD000ECE700BFF9FB04082DE9F04F83B00446C2
:10FAE0000F4690469A46DDF830901F481CF080FA89
:10FAF00004B1E46ABAF1000F04D0B4FA84F35B09EC
:10FB0000CAF800304FF0000B0FE0BAF1000F02D03E
:10FB10000023CAF8003015481CF06AFA4FF0010BB8
:10FB2000584603B0BDE8F08F2468002CF8D0104888
:10FB30001CF05EFAE568A668CDF8009043463A46A8
:10FB400031462846FFF738FF0028DED1002DEBD0E4
:10FB5000002EE9D02B782A2BE6D106481CF048FA73
:10FB60004FF0FF3BE0E700BFEC7304081C7404088F
:10FB7000007404082C7404082DE9F04707460E466B
:10FB800090461D460A9B00221A60099809F0C0F9A8
:10FB90000446002839D04FF480701CF08FFA81465B
:10FBA00078B30023037095F8253013F0040F13D0B9
:10FBB000AB688BB1D3F8841071B1D3F888A0BAF1D7
:10FBC000FF0F29DCBAF1000F06DD52464846F0F778
:10FBD00087FF002309F80A30089BE360EB69236183
:10FBE00000236361C4F80490EEB1D6F88030B3B15D
:10FBF000A3602B68E3616B69A3613C600020BDE8F2
:10FC0000F087204609F098F94C467CB120461CF05C
:10FC100061FA6FF07C00F2E74FF0FF0AD5E7336836
:10FC20009B6EA360E5E7C4F80880E2E76FF07C0014
:10FC3000E5E710B50446406808B11CF04BFA002314
:10FC40006360204609F078F910BD00002DE9F04FFF
:10FC500087B0002871D00C4615461E46074669B18C
:10FC6000D1F8888085B184B394F9C432002B2FDB9E
:10FC7000D4F884302BB14FF000090AE0D0F82C8082
:10FC8000F0E74FF0000901E04FF001093B6C002B59
:10FC900056D000230493059305AB0293CDF804805E
:10FCA000009533463A46214604A8FFF765FF824691
:10FCB00088B93B6CBBB104998F603B6C4846984750
:10FCC000A0B155B9AB462F4613E04FF00009DDE770
:10FCD0004FF00009DAE7074626E01A481CF088F9D9
:10FCE000D346574605E083462F4602E02F464FF0A5
:10FCF000010B3CB1D4F8843023B1049948469847AD
:10FD000018B1ADB9BBF1000F08D00DB96FF4A477ED
:10FD100096F8253043F0020386F82530059B4246CD
:10FD200021460498FFF785FF384607B0BDE8F08FFD
:10FD300005481CF05DF95746E4E76FF0AC07F3E7C0
:10FD40002F46F1E794740408BC7404082DE9F843C5
:10FD500004460F4616461D46DDF8208090F8C53251
:10FD600013F0400F39D04FF00C092A481CF04EF91F
:10FD7000A94549D1454506D033682B44D4F8B8226B
:10FD80001344434542D8099B33B930682A46216F52
:10FD900038442AF08BF918BB3368D4F8B8222A44C7
:10FDA0001344336094F8C43203F03003102B1CD09A
:10FDB0000F2384F8D83294F8C53213F0080F05D019
:10FDC000102384F8D932012384F8DA320021114853
:10FDD0001CF03AF90020BDE8F8834FF02409C4E78D
:10FDE0000D481CF005F90D48F5E70A2384F8D732D1
:10FDF00094F8C53213F0080FE8D1102384F8D932F3
:10FE0000012384F8DA32E1E70548E4E76FF0830084
:10FE1000E1E700BFE0740408EC740408D0FEFFFFC3
:10FE2000B8FEFFFF002070472DE9F04105460E4661
:10FE300017461C469DF81880079B03B11C6022469C
:10FE400008992846FEF7D7FDB8F1000F0FD12772A9
:10FE500095F8CE316372B8F1000F0ED095F8C73126
:10FE6000A372330AE37226730D20BDE8F08195F882
:10FE7000C531237295F8C631ECE795F8CF31EFE73D
:10FE80002DE9F04798B00546884691461F46B0F8E0
:10FE9000D8619E1B0024049414941594169417940E
:10FEA0000D940E940F942022214605A82AF0A8F95B
:10FEB00010AB10945C609C601C73029404AA0192C5
:10FEC00000949DF88020B1B22846FFF7ADFFB0F155
:10FED000000AC0F2DF8095F8C93213F004030BD199
:10FEE00083B100220DA9D5F8BC0017F0FBF9044638
:10FEF000F8B10DAB0C2215E004990EAA0868496808
:10FF000003C2EDE7049A0EAB1068516803C30C22DC
:10FF100005F523710DA8FCF7D5F9E2E7002203F8F7
:10FF2000012B0A46511E002AF8D1204618B0BDE820
:10FF3000F08705A920230A46D5F8BC0017F040FA3F
:10FF4000044650B10DAB0C2203E0002203F8012B54
:10FF50000A46511E002AF8D1E7E701220DA9D5F87B
:10FF6000BC0017F0BFF9044610B90DAC0C2316E025
:10FF70000DAB0C22511E22B1002203F8012B0A46C0
:10FF8000F8E705AB2022511E002ACED0002203F84C
:10FF9000012B0A46F7E7002304F8013B13465A1EDB
:10FFA000002BF8D133464A464146D5F8BC0017F03D
:10FFB00007FA0446E0B995F8C93213F0040F25D0CA
:10FFC00014AB0293019705AB00934346524610A928
:10FFD0002846FDF77FF80446A8B905AB202246E085
:10FFE000002203F8012B0A46511E002AF8D19CE793
:10FFF00005AB2022F8E7002203F8012B0A46511E28
:020000040801F1
:10000000002AF8D191E705AB2022F8E7202205A9C4
:10001000D5F860031CF045FA044650B105AB202228
:1000200003E0002203F8012B0A46511E002AF8D1F2
:100030007BE71023029314AB01930096434652468C
:1000400010A9D5F860031CF0DFFB04460028C4D0DB
:1000500005AB202203E0002203F8012B0A46511EC3
:10006000002AF8D161E7002203F8012B0A46511E4D
:10007000002AF8D108EB060C14AF0FCF48F80600A1
:10008000CCF80410CCF80820CCF80C302846FCF74B
:10009000FBF94AE7544648E7F0B587B004469DF8B7
:1000A0003400002A49D00E461D46174694F8DA312E
:1000B000082B08D9092B3BD100902B462046FFF78F
:1000C000DFFE07B0F0BD072B32D3B4F8D811691AA0
:1000D00089B208390023029301930093D4F8B43015
:1000E000024689B22046FFF79FFE0028E9DBA5F112
:1000F0000802B4F8D831ED1AD4F8B4100590049180
:100100000393354402950C210191D4F8B810009165
:10011000D31A07F1080206F10801D4F8B00012F072
:10012000CDFBD4F8B8305A689B6832607360C8E77A
:1001300003481BF05DFF0348C3E76FF0AC00C0E766
:100140000C750408C6FEFFFFF0B583B004460F46E9
:1001500016461D4690F8C00001281FD0022849D03D
:10016000002855D194F8C1309BB394F8DA21D31FFD
:10017000DBB2012B01D90E2A0DD1D4F8B4306BB308
:10018000D4F8B83083B3D4F8B430002B42D0D4F8CC
:10019000B830002B41D0012384F8C0309DF82430C2
:1001A0000193089B00932B46324639462046FFF7C1
:1001B00073FF022384F8C03094F8DA21D31FDBB236
:1001C000012B01D90E2A1ED1D4F8B830DBB10C2294
:1001D00016E013481BF00CFF124817E00D201BF02F
:1001E0006DFFC4F8B400CBE70C201BF067FFC4F828
:1001F000B800C8E70020DFE7002203F8012B0A4619
:10020000511E002AF8D1002384F8C03003B0F0BD9D
:100210000020F8E76FF07C00F8E76FF07C00F5E76E
:1002200030750408C6FEFFFF08B5782878D8DFE8E7
:1002300000F03D7777777777777777777C77777781
:100240007777777777773F774177777777777777AC
:10025000437777777777777777774547494B4D4F70
:1002600051535557595B77777777777777777777E4
:1002700077777777777777775D5F77777777777740
:10028000777761777777777763777777657777773A
:10029000777777777777677777777777777777690C
:1002A0006B776D6F777173777777750020483BE0D8
:1002B000204839E0204837E0204835E0204833E046
:1002C000204831E020482FE020482DE020482BE056
:1002D000204829E0204827E0204825E0204823E066
:1002E000204821E020481FE020481DE020481BE076
:1002F000204819E0204817E0204815E0204813E086
:10030000204811E020480FE020480DE020480BE095
:10031000204809E0204807E0204805E0204803E0A5
:1003200020481BF065FE002008BD1F48FCE700BF09
:100330001CCE0408F8CD0408E8CD0408D0CD04088C
:10034000BCCD0408ACCD04089CCD040884CD0408C1
:1003500070CD04085CCD040848CD040834CD0408F1
:1003600028CD040818CD040808CD0408F8CC0408EA
:10037000E4CC0408CCCC0408BCCC0408A4CC04080D
:1003800094CC040880CC04086CCC040854CC040839
:1003900040CC040820CC040808CC0408F0CB0408A6
:1003A000D8CB04084C75040808CE040800B591B0F9
:1003B000FFF73AFF68B10346074A3C2101A829F03C
:1003C0000FFD3B2802DD00238DF83F3001A81BF014
:1003D0000FFE11B05DF804FB5C7504082DE9F041D7
:1003E00004460F4615461E46B0F8BC810021FDF7B5
:1003F00064F818B1D4F8B832A8EB0308B8F1020FCA
:100400003ED12B68591C2960FA5C02332B607B5C5F
:10041000C4F888311746C4F88C213360022A1FD0F3
:1004200094F8E0220132D2B284F8E022042A1ED8E5
:100430003068FFF7BBFF3068F8B994F8C63243F074
:10044000100384F8C63200212046FDF736F820B1AB
:100450002B68D4F8B82213442B603846BDE8F081ED
:1004600094F8C63243F0080384F8C632D8E7064849
:100470001BF0BEFD6FF4D577EFE71BF005FEE2E75A
:100480006FF08307E9E700BF6C75040838B590F892
:10049000C53213F0400F0AD004460D46FCF7B9FEF2
:1004A00030B1206F294640301FF040F800E00020B6
:1004B00038BD49B108B50B46086A20B124339842CB
:1004C00001D01BF007FE08BD704700002DE9F04F7A
:1004D00095B004460D4690461E46DDF878A0DDF83E
:1004E000849090481BF092FD002C00F00F81B9F130
:1004F000000F40F08B80002D00F00B81002E00F0EB
:100500000B8194F8C63213F0010F40F0888000216F
:1005100084F8DF12342207A829F072FE0AF10502DE
:10052000089205230A930B931F9B8DF83830012303
:1005300084F8DF3294F8DF3107931344089394F87A
:10054000DB315BB994F8DA31092B01D008230D9324
:10055000B4F8D8110D9B0B441A440892B9F1000F5E
:1005600040F0C280089B43456BD80D98002876D098
:1005700010286CD810AB0F930D9A0F99E06F1CF0F8
:100580008CFE0746002840F0B08008990B9BC91AE2
:1005900089B2ADF83010239B009323469DF8382094
:1005A0002846FCF709FF0D9B002B5AD152463146D5
:1005B0000A982844F0F794FA0A9B53440A930223BA
:1005C00084F8DF321F9B162B72D0032384F8DF32AE
:1005D000B9F1000F40F08980002F40F0868004239D
:1005E00084F8DF320B9929449DF838300193229B1F
:1005F0000093BDF830300A462046FFF7A5FD0746B8
:10060000002864D1052384F8DF326EE0002D40F02D
:100610008680002E3FF475AF6FF0AC0772E0229B2E
:100620000493CDF80C90209B02931F9B0193CDF86F
:1006300000A033464246294620460DF027FC0746D7
:1006400060E039481BF0D4FC6FF083074DE01BF0ED
:1006500035FD0F9000288FD16FF07C0745E04F46A5
:1006600093E74FF0000BB3F110024BF1FF31C90FCC
:100670004A1E4942194002F010020A430F990A9893
:100680002844F0F72DFA0D9BB3F110024BF1FF3B1C
:100690004FEADB7B0BF1FF32CBF1000B0BEA030BD4
:1006A00002F010034BEA030B0A9B5B440A937DE7BD
:1006B000209B002B89D00D9B0B9A52442946204643
:1006C000FEF7D3F9074600283FF47FAF0DE00B9B00
:1006D0001D44BDF8303003E0002305F8013B13460C
:1006E0005A1E002BF8D100E0002739460D481BF0B8
:1006F000ABFC002384F8DF3207B9089F07A9204626
:10070000FFF7D7FE384615B0BDE8F08F6FF0AC07A5
:10071000F8E76FF0AC07F5E76FF0AC07F2E76FF0C2
:10072000AC07EFE78475040894750408F0B589B048
:1007300004460121FCF7C1FE20B194F8DA3273B906
:10074000062500E00625012384F8CC322946204600
:10075000FEF7E8FC064620B1304609B0F0BD4C2556
:10076000F1E72046FEF706FC0746002300932346E8
:1007700014220121FCF720FE012179712046FCF7AB
:100780009CFE10B194F8DA32B3B9D4F800312B449E
:10079000C4F8003194F8C63213F0010F21D00023C1
:1007A00084F8CC3294F8C83213F0200FD4D120460C
:1007B000FEF760FB0646CFE701228DF81C200023E0
:1007C000059304930393029314230193009207ABC0
:1007D0002A4639462046FFF779FE051ED5DA2E4611
:1007E000BAE70121204606F0B7FE0028D7D006461A
:1007F000B2E70000F0B589B004460E4615463F4802
:100800001BF004FC2846FFF70FFD002839D00246F4
:1008100029463B481BF0CEFBC4F89851C4F89C61B4
:1008200048212046FEF77EFC074600285ED1D4F81A
:10083000FC30002B5DD02046FEF79CFB07468DF870
:100840001C608DF81D50C4F89051C4F89461022EBC
:100850001CD001212046FCF730FEF0B100230593A7
:10086000049303930293152301930223009307AB90
:10087000482239462046FFF729FE00281ADA214F80
:1008800034E0294620481BF095FBC5E794F8C632B2
:1008900043F0080384F8C632DBE7002300932346C5
:1008A000152202213846FCF787FDBDF81C30A7F859
:1008B0000530072045B994F8C63213F0200F1BD13C
:1008C00043F0200384F8C632D4F800310344C4F85E
:1008D00000312046FEF7CEFA07460023C4F89831CF
:1008E000C4F89C31014605481BF0AEFB384609B000
:1008F000F0BD6FF08307F9E72F46F7E7C0750408EE
:10090000CC750408C0FEFFFFE0750408F0B593B095
:10091000044690F8C53213F0400F0FD00C263A4829
:100920001BF074FB012384F8CC3276212046FEF7BD
:10093000F9FB054620B1284613B0F0BD2426EEE7AA
:100940002046FEF717FB0746019414230093334615
:100950000022314606A8FBF76EFD94F8C43203F07E
:100960003003102B37D0294A07A92046FCF70EFC8C
:1009700005460028DFD1012284F8BC22002305931C
:10098000049303930292162301930436009606AB58
:10099000762239462046FFF799FD051E32DB94F892
:1009A000C53213F0080F18D094F8C43203F03003A6
:1009B000102B21D0D4F800312B44C4F8003120464C
:1009C000FEF758FA0546002384F8CC3201460E485B
:1009D0001BF03AFBAFE70E4AC6E7204606F0D0FF11
:1009E00094F8C43213F0300FE4D1102384F8D932D4
:1009F000012384F8DA32DDE784F8D932012384F860
:100A0000DA32D7E7034D96E7F075040834CE0408D0
:100A10003CCE0408C0FEFFFF90F8DB313BB9B0F8D4
:100A2000D83190F8DA21092A09D0083307E0B0F864
:100A3000D431B0F8D621134490F8DF21134423EACF
:100A4000E37070472DE9F04786B004464568002DF5
:100A500000F09A806D481BF0D9FA2046FCF7D9FBCC
:100A6000002800F09480B5F8029009F1060994F886
:100A7000C83213F0030F40F0BE8009F1090794F863
:100A8000C63213F0020F06D101212046FCF715FDF6
:100A900008B109F14F0701212046FCF70EFD18B1FE
:100AA0002046FFF7B9FF0744012384F8CC323946CA
:100AB0002046FEF737FB0646002840F09D80204682
:100AC000FEF758FA804623460D224946FCF7B1FC52
:100AD000012388F8093094F8D132C02B5AD0CC2B9E
:100AE00058D0012388F80A302046FCF792FB0028F2
:100AF00058D10B2208EB0201002308F802304B709A
:100B0000951C01212046FCF7D8FC002863D094F8FE
:100B1000C63213F0020F55D14FF0050AA5EB0A05B6
:100B2000002D52DD28461BF0C9FA8146002867D007
:100B30002A4608EB0A01EFF7D3FF0023059304933D
:100B40000393012302931623019300954B463A46E3
:100B500041462046FFF7BAFC074648461BF0BAFA62
:100B6000002F50DBD4F800313B44C4F8003194F836
:100B7000C83213F0200F39D0002384F8CC3231462C
:100B800022481BF061FA37E003681D6C62E74FF002
:100B900004096CE794F8DE31032BA2D1402388F8D6
:100BA0000A30A1E76B881A0A88F80B2088F80C3005
:100BB0006A8805F5987108F10D00EFF791FF6A88D2
:100BC0000D3297E74FF00D0AA8E711481BF010FA15
:100BD0006FF0830610E02F4600232A464146204648
:100BE000FDF743FF0028BDD0064605E02046FEF78E
:100BF00041F90646C0E70026304606B0BDE8F0875A
:100C00006FF07C06F8E73E46F6E700BF0076040882
:100C10001876040810B5044609481BF0F7F944B1EA
:100C20002368DB6B2BB1002105481BF00DFA002077
:100C300010BD04481BF0DCF96FF0AC00F8E700BF12
:100C4000347604084C76040800207047F8B5054651
:100C50000C461746B0F8CE01FCF7E9FA18B3182C89
:100C60000AD80123A340314A1A4092B913F04E0F1B
:100C700004D047B900260EE0372CFAD02C481BF0E0
:100C8000B7F92C4E07E02C481BF0B2F96FF4BA7696
:100C900001E017B100263046F8BD28481BF0A8F93E
:100CA0006FF4BA76F7E70646162C19D80123A3404D
:100CB000234A1A40DAB9234A1A406ABB13F0020FDA
:100CC00010D02846FFF7C0FF10B995F8DA225AB3C2
:100CD000002FE0D11C481BF08BF96FF4BA76DAE7ED
:100CE000372C04D012481BF083F9124ED3E7284664
:100CF000FFF7AAFF38B1002FCDD114481BF078F9C7
:100D00006FF4BA76C7E70FB90646C4E710481BF080
:100D10006FF96FF4BA76BEE7002FBCD107481BF01D
:100D200067F96FF4BA76B6E70646B4E731F95101D0
:100D3000D46A040876FEFFFF6C7604088C760408FB
:100D40005CF8410001001000B0760408D476040875
:100D5000FC76040838B504460D46FFF775FF38B138
:100D6000002D41D1D4F81C31002B3FD02B4640E060
:100D7000034694F8D922102A3AD194F8C42212F0EA
:100D8000300217D1B4F8CE01FCF751FA58B9204619
:100D9000FCF73FFA034660B394F8DD320F2B8CBFAB
:100DA0000023012325E094F8DD320E2B8CBF0023B5
:100DB00001231EE0102A1CD1B4F8CE01FCF737FA4B
:100DC00058B92046FCF725FA034690B194F8DC3276
:100DD000092B8CBF002301230BE094F8DC32082B95
:100DE0008CBF0023012304E0002302E0012300E084
:100DF0000123184638BD000010B504460B481BF00F
:100E000005F97CB1D4F89821D4F89C0100B910BD43
:100E10000023C4F89831C4F89C3101462046FFF7FE
:100E2000E9FCF4E76FF0AC00F1E700BF30770408AD
:100E300070B504460D4616460F481BF0E7F8C4B1DE
:100E4000D4F89C311BB12046FFF7D6FF28B93246B3
:100E500029462046FFF7CEFC70BDD4F89C311BB16B
:100E6000022BF9D0022DF7D1C4F89861C4F89C5137
:100E7000F2E76FF0AC00EFE7C07504082DE9F04130
:100E800004460D46164690F8D772022F94BF4FF0D5
:100E900000084FF0010812481BF0B8F8022F0BD9D8
:100EA00094F8BD22012A14BF0022012229462046BF
:100EB000FFF7CCFE074638B933464246294620465E
:100EC000FCF728FB074620B10A2202212046FFF743
:100ED000AFFF394602481BF0B7F83846BDE8F0814D
:100EE00040770408A8B338B50C46054601B938BDAB
:100EF00008461BF0C9F804F19703012B15D914F12A
:100F0000BC0F1ED014F1EE0F1DD014F1ED0F1CD04C
:100F10006FF4AC739C4201D02A2207E095F8C632E8
:100F200013F0010F13D0742200E02D220221284675
:100F3000FFF77EFF95F8C63243F0080385F8C63206
:100F4000D5E73022F2E73022F0E73022EEE7282220
:100F5000ECE770472DE9F04F87B005460F46924603
:100F60009846002305930493A6481BF04FF82820C9
:100F70001BF0A4F80446002800F0AA84002185F89C
:100F8000DE12282229F03CF9DAF80030E360236110
:100F900095F8DE22052A00F29E84DFE812F00600B2
:100FA00041014C012B035804970495F8C62212F016
:100FB000010F24D0B8F1000F00F09084F95C0133E8
:100FC000E3604A1C424500F28B8495F8C42202F08B
:100FD0003002102A41D04AB995F8D922102A02D0FD
:100FE000002940F07F84102A00F07E840B44E360E7
:100FF00048201BF063F86060002800F077844820E8
:101000001BF05CF82060002800F073844822002167
:1010100029F0F6F8E36821695A1A0332424500F2D2
:101020006B84FA18F85C92F801904FEA092949EAB2
:101030000049927849EA02090333E36044F61E024C
:10104000914500F25B845B1A4B44434540F0588461
:101050006D481AF0CDFF00260AE00029BBD06B4E88
:1010600000F01CBC63690133636169481AF0C0FF7A
:10107000B9F1000F79D0626995F8C4319A4280F2D3
:101080004184082A00F34084E3682169581A033038
:10109000404500F23B8407EB030C17F803E09CF893
:1010A0000100000240EA0E409CF802C040EA0C0039
:1010B0000333E3605B1A0344434500F22984236849
:1010C00003EBC2035860E368226861693B4442F85D
:1010D0003130E3680344E360A9EB0000A0F10309A9
:1010E00095F8C62212F0010FBCD06168002900F00B
:1010F000118420691A1A0232424500F20D84FA184E
:10110000FE5C527842EA06220233E3601B1A134463
:10111000434500F20384636901EBC3014A60E3685D
:10112000616860693B4441F83030E3681344E36030
:10113000A9EB0202A2F102096368626903EBC20330
:10114000596834481AF036FF6368626903EBC200DD
:1011500053F832108288002300930B2328460AF0AC
:10116000E7FF061EBFF67EAF98E36369A361002226
:10117000E261FBB995F8C43213F0300718D195F944
:10118000C932934209DB95F8C53213F0010F0FD035
:10119000B5F8CE01FCF74BF850B11F481AF028FF04
:1011A0006FF4AC712846FFF79DFE6FF4AC7601E05A
:1011B000102F16D094F8253023F0040384F825303E
:1011C0004FF46B701AF07AFFA060002800F0A8833B
:1011D0004FF46B72002129F013F8012385F8DE32F9
:1011E0001FE0B5F8CE01FCF722F80028E2D00B484A
:1011F0001AF0FEFE322202212846FFF719FE6FF494
:10120000AC76D7E75C770408707704085CFEFFFFD4
:10121000B47704088C770408D4770408F0770408BE
:101220000026A369002B00F3D880002E40F03683FF
:10123000022385F8DE32A369002B00F35B810026D0
:1012400094F8253013F0010F02D0002E40F02683D1
:10125000032385F8DE32A369002B59DDA36893F9D7
:10126000A823002AC0F2C881A36893F8A92312F02A
:10127000010F0CD095F8C42202F03002102A00F0C1
:10128000E88193F83A3313F0050F00F0ED8194F8FC
:10129000253013F0010F40F0EC8195F8C73243F090
:1012A000400385F8C73295F8C43203F03002102AA3
:1012B00000F0E281102A00F0EB8113F0800F16D1CC
:1012C000D5F810719FB1D4F80880D8F82C30002BD5
:1012D00000F0EF813846EFF7B3FC0246002300939D
:1012E00039464046FEF7F8FB012840F0DD81A3684F
:1012F000DB6940F28522934200F01E8240F28E228A
:10130000934200F0198240F20622934200F0538289
:1013100094F8253013F0010F02D0002E40F0BE8269
:10132000042385F8DE32236A0BB106B91E4628680D
:10133000234632462946C06BFEF788FC064695F9DF
:10134000C432002BC0F28582002E40F0918295F8C5
:10135000C43203F03003102B40F09082052385F84F
:10136000D7328BE220B921462846FBF7B5F806466E
:101370004EB9A36893F8A83313F0100F53D095F922
:10138000C432002B53DB002E59D1049B002B52D1C9
:101390002868234632462946C06BFEF757FC0646AE
:1013A00095F9C432002B4EDB002E5AD0C5F8A0614F
:1013B00095F9C432002B80F29780236A0BB926621C
:1013C0001E46A06814F084FE94F8253023F0040330
:1013D00084F82530A369013BA361A369012B7FF742
:1013E00024AF013BE36195F9C43204AA019205AA36
:1013F0000092DB43DB0F2A2221462846FBF767FDDC
:10140000064610F17D0FADDC10F18C0FB0DB00F162
:101410008C0248F20113D34013F0010FA8D0B0485A
:101420001AF0E6FD3AE2AF481AF0E2FDB0E7AE4846
:101430001AF0DEFDACE7AD481AF0DAFDA8E7AC48DB
:101440001AF0D6FDA4E700F5B573012B02D910F10F
:10145000B30FA9D1A7481AF0CBFD0026C5F8A061AB
:10146000A2E7A36893F8A83313F0100F0DD095F9F5
:10147000C432002B09DB2768D4F81C8007EBC80BAB
:10148000DDF81090B9F1000F04D0C5F8A061002E6E
:1014900097D08DE700230393D5F888300622DBF838
:1014A000041003A814F014FF061EC0F2F781DBF845
:1014B000042057F83810039B1868EFF711FB8E488B
:1014C0001AF096FD8D481AF093FD28680023022239
:1014D00003A9C06B06F0D6FC06460128D5D100232F
:1014E000C5F8A0314E466CE731462846FFF7FAFCB6
:1014F00026629AE682481AF07BFD0022E26195F9A5
:10150000C43204A9019105A900919342B4BF0023FC
:10151000012321462846FBF7DAFC064610F17D0F31
:1015200033DC10F18C0F11DB00F18C0248F2011357
:10153000D34013F0010F0CD072481AF059FD94F803
:10154000253043F0010384F8253079E610F1AD0F22
:10155000F2D06D481AF04CFDD5F88430002B3BD00A
:101560006A481AF045FD94F82530C3F3400262F34F
:10157000000384F82530DBB213F0010F3FF460AEB6
:1015800031462846FFF7AEFC5AE60028E1D1604814
:101590001AF02EFD95F8C43213F0300F03D1A36872
:1015A0009B6A022B0AD194F8253013F0020F0CD05D
:1015B00043F0010384F82530266A41E655481AF0C5
:1015C00017FD6FF08C032362EDE794F8253023F0CC
:1015D000010384F8253033E64F481AF009FD94F8EA
:1015E000253043F0010384F8253031462846FFF7C3
:1015F00079FC25E600262EE695F8DD21012A1AD091
:10160000012A3FF431AE95F8DE21012A07D0032AE2
:101610007FF42AAE95F8E121002A7FF425AEB3F8D5
:10162000383313F0800F7FF41FAE3C481AF0E0FC13
:101630006FF4BF7618E695F8C41201F03001102956
:10164000DED1B3F8381311F0200FD9D16FF4C07682
:10165000D6E793F83A3313F0030F7FF418AE30480F
:101660001AF0C6FC2F4E12E62F481AF0C1FC2D4E80
:101670000DE6C5F8A06111E195F8DE1101297FF4AE
:1016800019AE95F8CA1241F0010185F8CA1211E6A7
:1016900095F8E121002A3FF410AE95F8CA2242F0F5
:1016A000010285F8CA2208E620481AF0A1FC204E63
:1016B0001DE6D8F884903846EFF7C2FA0346D8F80A
:1016C0008810002200923A464846FEF775F9002835
:1016D0007FF40DAE17481AF08BFC154E07E600BFDD
:1016E0000C7804083C780408687804089C7804089E
:1016F000C8780408E87804081879040830790408E0
:101700005C790408B4790408F0790408107A0408B4
:10171000747904088C7904083C7A0408647A040813
:10172000807A04087EFEFFFFA07A0408447404084F
:10173000BEFEFFFF6C74040800230393D5F8F0226B
:101740002AB395F8F4324BBBA0684368D5F8F02271
:1017500003A9006815F000F858BB012385F8F4329E
:10176000002E7FF4D5AD95F9C432002BFFF6D0AD35
:10177000D5F8F0021DF047F8B5F9E8329842BFF607
:10178000C7AD69481AF034FC6FF4CC76C0E505F5B6
:101790003C720A212846FDF783F806E00A21284614
:1017A000FBF743FB002385F8F4320028CCD05F4ED2
:1017B000AEE55E4EACE500230393D5F84C230AB3A7
:1017C00095F852332BBBA0684368D5F84C2303A986
:1017D000006814F0EBFE38BB012385F8523326BBBA
:1017E00095F9C432002B20DBD5F84C0319F0F5FE37
:1017F000B5F9EA32984218DA4D481AF0F9FBA6F525
:10180000CD7612E005F5537225212846FDF748F8FC
:1018100006E025212846FBF708FB002385F8523314
:101820000028D0D0414E00E0404E95F8C43203F07D
:101830003003102B7FF46CADD5F83C33002B7FF4D4
:1018400067ADA368D3F83C33C5F83C3360E50026A8
:1018500069E500F5B573012B03D910F1B30F7FF4DF
:1018600073AD34481AF0C4FB0026C5F8A0616BE5DF
:1018700095F9C432002B24DAC5F8A061002128466E
:10188000FBF71BFE20B1E368D5F8B8221344E360F0
:10189000052385F8DE32E368CAF800303146264871
:1018A0001AF0D2FB34B121462846FBF7EBFA20466A
:1018B0001AF010FC2846FDF765F8304607B0BDE881
:1018C000F08F31462846FFF70DFBD5E70026E2E70B
:1018D0006FF07C06E2E76FF49676DFE7174EDDE700
:1018E000164EDBE7164ED9E7154ED7E76FF07C06AC
:1018F000D4E76FF07C06D1E7104ECFE70F4ECDE76F
:101900000E4ECBE70F4EC9E70E4EC7E70B4EC5E7AD
:101910000A4EC3E7094EC1E7084EBFE7074EBDE7D1
:101920006FF07C06BAE700BFC07A0408AAFEFFFF8A
:10193000DC7A0408E87804085C770408B8FEFFFF46
:101940005CFEFFFF90FEFFFF2DE9F04104460D46CF
:1019500016461F46DFF8248040461AF057FB3B46E8
:10196000324629462046FFF7F5FA0446014640462E
:101970001AF06AFB2046BDE8F08100BFF87A04083F
:1019800070B5044616461D4617481AF03FFB35BB96
:1019900000212046FBF791FD70B1049B9D4206D0CB
:1019A0003368D4F8B8221344049A934219D83368A0
:1019B000D4F8B8221344336094F8C43213F0300FD3
:1019C00005D0642201212046FFF732FA70BD0A22B9
:1019D00002212046FFF72CFA6FF49C70F6E70348CB
:1019E000F4E76FF08300F1E7087B0408B8FEFFFF1F
:1019F0002DE9F84305460F4690461E4690F83B31C8
:101A00007BB1D0F83C0120B11AF064FB0023C5F88B
:101A10003C31D5F8440120B11AF05CFB0023C5F835
:101A20004431D5F84C0120B11AF054FB0023C5F81D
:101A30004C31B368F1685A1A0232424500F24781CC
:101A4000F818FA5C447844EA02240233B3605B1A63
:101A50002344434500F23D81B5F8E232A34274D8F5
:101A6000B5F8E432A3427BD320461AF027FBC5F831
:101A70003C01002800F02F81C5F84041B1682246A2
:101A80003944EFF72DF8B3682344B360A5F8E64274
:101A9000B368F1685A1A023242456CD8F818FA5CF9
:101AA000447844EA02240233B3605B1A234443457A
:101AB0006BD8B5F8E432A34271D320461AF0FEFA8F
:101AC000C5F8440100287DD0C5F84841B1682246D8
:101AD0003944EFF705F8B3681C44B460F268A31A00
:101AE0000233434579D839193B5D91F8019049EAB1
:101AF00003290234B460A41A4C4444457FD8B5F895
:101B0000E4324B45C0F08D8048461AF0D7FAC5F84C
:101B10004C01002800F0A080C5F85091B1684A46F9
:101B20003944EEF7DDFF012385F83B31B3684B44C0
:101B3000B360B5F8E632B3F5807F00F0A080674867
:101B40001AF056FA0020BDE8F88365481AF050FAFA
:101B5000282202212846FFF76BF96FF4C870F2E7DC
:101B600060481AF045FA282202212846FFF760F95A
:101B70006FF4C870E7E7D5F83C0108B11AF0AAFA8B
:101B80000023C5F83C315848DDE7D5F83C0108B1E1
:101B90001AF0A0FA0023C5F83C315348D3E7534864
:101BA0001AF026FA282202212846FFF741F9D5F833
:101BB0003C0108B11AF08EFA0023C5F83C316FF4ED
:101BC000C870C0E7D5F83C0108B11AF083FA0023C9
:101BD000C5F83C316FF49770B5E7D5F83C0108B112
:101BE0001AF078FA0023C5F83C31D5F8440108B161
:101BF0001AF070FA0023C5F844313B48A3E7D5F842
:101C00003C0108B11AF066FA0023C5F83C31D5F85A
:101C1000440108B11AF05EFA0023C5F84431324895
:101C200091E733481AF0E4F9282202212846FFF709
:101C3000FFF8D5F83C0108B11AF04CFA0023C5F8BA
:101C40003C31D5F8440108B11AF044FA0023C5F834
:101C500044316FF4C87076E7D5F83C0108B11AF04A
:101C600039FA0023C5F83C31D5F8440108B11AF01F
:101C700031FA0023C5F844316FF4977063E716F02A
:101C80001DF9044600283FF45AAFC268D5F8483120
:101C90009A427FF454AF8168D5F8440128F006FADF
:101CA00000287FF44CAF62682168D5F83C0128F029
:101CB000FDF900287FF443AF4FF48073A5F8F632A6
:101CC00095F8CA3223F0040385F8CA323BE7064888
:101CD00039E7054837E76FF4977034E7C87B0408A5
:101CE000187B0408407B0408B8FEFFFF687B0408EB
:101CF000987B04082DE9F0478CB004460E469046C8
:101D00001F46A6481AF082F9002084F8DE020690E9
:101D10000790089009900A900B90D8F80050089509
:101D2000099594F8DE3184F8D632022384F8D5324E
:101D300094F8DD31022B11D0072B26D0984D29467F
:101D400096481AF081F906A92046FAF773FF204653
:101D5000FCF718FE28460CB0BDE8F08706AB3A4603
:101D600031462046FFF744FE05460028E7D101230F
:101D700084F8DE3294F8DD31062B5FD8042B80F036
:101D8000DF80022B5DD0864DD9E7032F40F25582CC
:101D90006B1C0893735D032B40F05182AB1C0893BE
:101DA00005F1030ACDF820A0F05CFAF78BFBB0F147
:101DB0000009C0F24682C4F83C930023A4F8F6322E
:101DC0000435089516F80AA00AF10403BB4200F294
:101DD0003B82D4F84823E2B194F845331BBB00257D
:101DE00000221146484619F029FC0346D4F848233E
:101DF00051460898304419F03BFB002840F02682F9
:101E0000089B53440893012384F84533002DAED03A
:101E100095E704F5527225212046FCF741FD054661
:101E20000028DDD08BE725212046FAF7FEFF0023AE
:101E300084F8453305460028D2D080E7072B40F0D0
:101E4000AB8094F8C83213F0020F79D1DDF82090FE
:101E5000099DA9EB050540F28C439D4200F2898063
:101E60002046FBF7D6F9002800F08580AB1CBB426A
:101E700000F28480B14449462046FAF78FFF10B93A
:101E80006FF4FA755BE70DF1170204F2D5214846AD
:101E9000FBF75FFE9DF81730082B25D00A2B2AD0C0
:101EA00094F8D62293426BD1089B0233089394F89E
:101EB000D502FBF76BFE0146002864D0089B099A07
:101EC000981A0230B84261D8F01816F803C040786A
:101ED00040EA0C20ADF82800023308939B1A034413
:101EE000BB420FD92F4D2AE794F8D622012AD5D12B
:101EF00084F8D632D8E794F8D622012AD0D184F8D3
:101F0000D632D1E794F8D63200932B46324420469D
:101F1000FBF74AF8054600287FF411AF94F8D63253
:101F2000013B092B22D8DFE803F005211B212121E9
:101F300021052105D4F8F03253B394F8F4324BB3B1
:101F4000002D7FF4FCAE022384F8DE3294F8DD31FC
:101F5000062B2BD8042B6BD2022B2AD0104DEEE689
:101F600094F85233002BEBD10F4DE8E66FF0840567
:101F7000E5E60C4DE3E66FF08405E0E6094DDEE6AC
:101F80006FF08405DBE66FF08405D8E6054DD6E6F4
:101F9000054DD4E6044DD2E6014DD0E6EC7B0408B5
:101FA0008AFEFFFFB8FEFFFFC4FEFFFF072B40F0D5
:101FB0008D8094F8C83213F0020F39D1079B63B1BA
:101FC00094F8D622531E092B00F28280DFE803F03A
:101FD00014804A80808080148014BDF828001AF094
:101FE0006DF80790002800F03381BDF8282008998B
:101FF0003144EEF775FDE3E794F8D5320021039103
:10200000D4F8F01202910193009206ABBDF828209B
:1020100007992046FBF776FE061E1ADA04F53C7295
:102020000A212046FCF720FC002384F8F4323546D0
:10203000002D7FF484AE032384F8DE3294F8DD3182
:10204000062B48D8042B80F08580022B46D0864D85
:1020500075E6ADF82A60D4F8F00224F00EFA0B9081
:102060002E46DBE700260296D4F84C330193D4F8D1
:102070002C310093D4F82831BDF828200799204648
:10208000FBF772FF054604F5537225212046FCF745
:10209000EBFB84F8526394F8C73213F0400F0ED074
:1020A00035B994F8CA3243F0010384F8CA32C2E762
:1020B00094F8CA3223F0010384F8CA323FE694F858
:1020C000CA3223F0010384F8CA32B1E7664D36E61E
:1020D0006FF0840533E6072B40F0AA8094F8C832ED
:1020E00013F0020F36D1BDF82820089B1344089343
:1020F00094F8D632013B092B00F29C80DFE803F014
:10210000449A2A9A9A9A9A059A05D4F82851D4F8AA
:102110002C61069FBDF82A9094F8D502FBF736FD96
:102120000B9B02934FF0FF33019300904B463A46CE
:10213000314628461CF04AFB054600287FF4FFADD7
:1021400094F8C732C3F3801394F8CA2263F30002F1
:1021500084F8CA22002D7FF4F2AD042384F8DE3225
:1021600000212046FBF7A9F920B1D4F8B822089B3A
:1021700013440893052384F8DE32089BC8F8003026
:10218000072384F8D732DAE52046FBF742F8C0B9D6
:10219000BDF82A30242B61D10698002860D0242273
:1021A000D4F8281127F082FF00285BD194F8C732B9
:1021B000C3F3801394F8CA2263F3000284F8CA229E
:1021C000C8E74FF4007019F079FF0646002842D0A6
:1021D000D4F82871D4F82C9194F8D502FAF7FDF8C8
:1021E00003464A463946304613F0C0FE0246BDF863
:1021F0002A30834206D01D4D304619F06BFF002D6A
:10220000D4D09CE5069888B1B2F5007363EB030364
:10221000DB0F591E5B42134001F400721A43314632
:1022200027F044FF0028E7D0104DE5E70F4DE3E726
:102230000D4D84E56FF0840581E50D4D7FE50D4D75
:102240007DE56FF4AF757AE5094D78E50A4D76E5E1
:102250006FF07C0573E56FF07C0570E5034D6EE56E
:10226000024D6CE5014D6AE58AFEFFFFB6FEFFFFF9
:10227000B8FEFFFFA2FEFFFFA0FEFFFFF8B5064677
:102280000F4614461D461A4819F0C0FE032D29D9E1
:1022900023685A1C2260B818BA5C4178090241EAE6
:1022A000024182781143043323600431A94201D0F2
:1022B0001048F8BD712202213046FEF7B9FD002119
:1022C0003046FBF7FAF830B12368D6F8B822134449
:1022D000AB4209D82360084C2146054819F0B4FEEA
:1022E0002046E6E70348E4E76FF08300E1E700BF3C
:1022F000007C0408B8FEFFFF6AFEFFFF2DE9F047EF
:1023000098B00546894690461F46B0F8D8619E1B96
:10231000002404940D940E940F94109420222146CE
:1023200005A827F06DFF11941294139414AB149424
:102330005C609C601C730122029204A901910092CE
:102340002246B1B22846FDF76FFDB0F1000AC0F297
:10235000EB8095F8C93213F004030BD183B100224E
:1023600011A9D5F8D00014F0BDFF0446F8B111ABA7
:102370000C2215E0049912AA0868496803C2EDE727
:10238000049A12AB1068516803C30C2205F526713C
:1023900011A8F9F797FFE2E7002203F8012B0A469C
:1023A000511E002AF8D1204618B0BDE8F08705A9D3
:1023B00020230A46D5F8D00015F002F8044650B1A3
:1023C00011AB0C2203E0002203F8012B0A46511E38
:1023D000002AF8D1E7E7012211A9D5F8D00014F0BE
:1023E00081FF044618B90DF1440C0C2316E011AB23
:1023F0000C22511E22B1002203F8012B0A46F8E7F5
:1024000005AB2022511E002ACDD0002203F8012B5B
:102410000A46F7E700230CF8013B13465A1E002B2F
:10242000F8D195F8C93213F0040F1BD00DAB02930D
:10243000019705AB00934346524614A92846FAF784
:1024400049FE074658B905AB20223EE0002203F8BA
:10245000012B0A46511E002AF8D13C46A3E705ABE2
:102460002022F7E7202205A9D5F860031AF019F811
:10247000074658B105AB202203E0002203F8012BE8
:102480000A46511E002AF8D13C468CE710230293DD
:102490000DAB019300964346524614A9D5F860034C
:1024A0001AF0B2F907460028CDD005AB202203E090
:1024B000002203F8012B0A46511E002AF8D13C469F
:1024C00071E7002203F8012B0A46511E002AF8D1B9
:1024D000B5F8D80122460AE008EB06031B5D04F1BB
:1024E0006001694411F82C1C4B401A430134A0428E
:1024F000F2DC42B9334642464946D5F8D00014F0E2
:102500005FFF04464FE7094819F072FD95F8C6329F
:1025100013F0020F02D06FF4987444E714220221E2
:102520002846FEF785FCF6E754463CE7147C040891
:10253000F0B587B004460F4616461D4690F8DA31CE
:10254000082B06D9092B3ED12B46FFF7D7FE07B043
:10255000F0BD072B37D3B0F8D811691A89B2083902
:1025600001230293002201920093D0F8C83089B26F
:10257000FDF75AFC0028EADBD4F8CC30D4F89822D6
:102580001A60D4F8CC303168726859609A60A5F14D
:10259000080CB4F8D831D4F8CC20ED1AD4F8C8100F
:1025A000059004910393354402950C21019100920A
:1025B000ACEB030306F1080207F10801D4F8C400EC
:1025C00010F0D4F8C3E7024819F012FD0148BEE745
:1025D000287C0408C8FEFFFFF8B51F46002380F8DA
:1025E000D43090F8D53063B304460D46164690F8C3
:1025F000DA21D31FDBB2012B01D90E2A0BD1D4F87B
:10260000C8301BB3D4F8CC3033B3D4F8C830CBB314
:10261000D4F8CC30CBB3012384F8D4303B463246D7
:1026200029462046FFF784FF022384F8D43094F82B
:10263000DA31073BDBB2012B14D9002384F8D43004
:10264000F8BD134819F0D4FC1248F9E70D2019F031
:1026500035FDC4F8C800D5E70C2019F02FFDC4F8EB
:10266000CC00D2E7D4F8CC303BB10C22511E22B1C1
:10267000002203F8012B0A46F8E70028DDDA6FF4A0
:102680009870DAE76FF07C00DAE76FF07C00D7E74C
:102690004C7C0408C8FEFFFFF8B504461F46B0F89E
:1026A000BC011668314494F8DA326BB1D4F8B852F0
:1026B000401B16D420B10644C4F81811C4F81C01FC
:1026C000354415600020F8BD0C4819F091FC17B195
:1026D0006FF4BA70F7E70A2202212046FEF7A8FB42
:1026E000F6E7074819F084FC0FB10648EBE70A2229
:1026F00002212046FEF79CFBF7E700BF687C040838
:10270000987C0408B8FEFFFF2DE9F04F85B0054620
:102710008A4690460193B0F8CE01FAF788FDA0B141
:1027200095F8683185F8D43295F8D43293B12846BB
:10273000FAF799FE834685F8D302B8F1000F63D00B
:102740006FF4FA730093002414E095F8DE3185F8F5
:10275000D432E9E795F8DC3185F8D33200230093D1
:10276000009805B0BDE8F08FB9F1030F29D0042E11
:102770003AD00234631C4345F2D200238DF80E3068
:102780008DF80F300AEB04070DF10F020DF10E0169
:102790003846FBF7DEF99DF80E605E45E9D39DF8FB
:1027A0000F9049462846FAF76FFE0028E1D0019BBA
:1027B000002BD9D039462846FAF7F0FA0028D3D1B1
:1027C000D7E7B5F8CE01FAF732FD0028CFD0D5F81B
:1027D0006C113046F9F766FE0028CAD185F8D3623D
:1027E00085F8D4920090BBE7009B1BB995F8D332D3
:1027F0009E42BED82846FAF70CFD85F8D36285F8CC
:10280000D49200230093B4E700230093A8E70000CC
:102810002DE9F04781460F4615461E46D2F8008046
:10282000624819F0F3FB002E00F0AF802B68591CB2
:102830002960FA5CA1EB08031344B34200F2A780BD
:1028400001EB020AC5F800A04846FAF7E2FCA0B383
:10285000AAEB08030233B34200F29B8007EB0A02A3
:1028600017F80A30547844EA03240AF10201296077
:10287000B44200F29080A1EB08032344B34200F27B
:102880008C800023224639444846FFF73DFF50B173
:10289000D9F860313BB11B682BB1D9F8643113B161
:1028A0001B68002B7BD12B681C442C600023A9F8EB
:1028B0000E3399F8D432082B13D02B68A3EB0802FF
:1028C0000232B2426ED8F918FA5C497841EA022124
:1028D00002332B60A3EB08030B44B3420DD93448F9
:1028E00051E099F8D32201239340A9F80E33E4E78D
:1028F0001C442C60CB1A023B99B299B12C68A4EB12
:1029000008030233B3424FD83B193A5D5B7843EA80
:10291000022302342C60A4EB08021A44B242E7D925
:10292000234830E0D9F8603173B11B6863B1D9F83E
:102930006431CBB11B68BBB199F8C432012262F398
:10294000010389F8C4320FE04846FAF755FC20B974
:1029500099F8C63213F0020F06D099F8C432022259
:1029600062F3010389F8C43200214846FAF7A5FD55
:1029700020B12B68D9F8B82213442B6000210B48F2
:1029800019F062FB0020BDE8F0870948FBE7084822
:10299000F9E70748F7E70648F5E70548F3E76FF476
:1029A000D470F0E70248EEE70148ECE7C07C040889
:1029B000B8FEFFFFF0B583B0D0F864311BB3044616
:1029C0000E461B68FBB190F86831012B21D96FF0DE
:1029D000AC0504F1A0073A46D4F8A4102046FBF752
:1029E00043FF94F86831032B00D04BB92521C4F87C
:1029F000A4103A462046FBF753FF0546002838D07E
:102A0000284603B0F0BD2F4819F0F2FA6FF49E7516
:102A1000F6E70A21C0F8A41000F1A002FBF740FF7E
:102A200005460028ECD1284819F0E2FA002301936A
:102A3000D4F864018368D4F8A02001A9006812F0DA
:102A40009BFA05460028C4D1204819F0D1FAD4F8E1
:102A5000A0001BF0D8FE002832DBB4F9E832834234
:102A600001DC3060CCE71A4819F0C2FA6FF4CC757B
:102A7000C6E7184819F0BCFA00230193D4F86401A2
:102A80008368D4F8A02001A9006813F007FD05466B
:102A90000028B5D1104819F0ABFAD4F8A00018F00E
:102AA0009CFDB4F9EA32834205DCD4F8A00018F0AA
:102AB0009DFD3060A4E7094819F09AFA084D9FE798
:102AC00005469DE7D87C0408F07C0408087D0408CE
:102AD000207D0408387D0408607D0408787D0408A2
:102AE00066FEFFFF2DE9F0438FB004460F46154602
:102AF00098469C4819F08AFA002084F8DE02089073
:102B000009900A900B900C900D902B680A930B93F0
:102B100094F8D8320B2B1FD9E3685A683AB394F86B
:102B2000DD21022A35D853B2002B34D0012384F89A
:102B3000DE32022A00F02881072A73D09A422FD071
:102B4000894E3146874819F07FFAE2685368002BB6
:102B500000F02882926822E2844819F049FA0A2299
:102B600002212046FEF764F96FF4BA76E9E74FF4E4
:102B7000C0709860E66819F0A1FA7060E368586860
:102B8000002800F0FB814FF4C072002127F038FBD1
:102B9000C5E7072ACAD0764819F02AFA724ED0E75C
:102BA000012384F8683107A92046FFF703FF064692
:102BB0000028C6D1079B0993E2683021916094F800
:102BC000C52212F0400F0ED00A990B9A8A1A0232CF
:102BD000424525D87A18785C527842EA00220231C0
:102BE0000A91934212D10A9A0B99521A13444345FF
:102BF00011D8E36859682E220231E06F1AF04DFBBC
:102C0000064600289DD10023089354E0594819F046
:102C1000EFF9594E95E7594819F0EAF9584E90E7FF
:102C2000574E8EE7D4F8409394F8E13143B1D4F88D
:102C30003C3340F26D12934202D0B3F5B57F68D1B8
:102C40000A9B0B995A1A0132424500F29A815A1C8A
:102C50000A92FB5C0993521A1344434500F2938194
:102C600094F8E1311BB994F84433002B5FD0D4F8C9
:102C70004823002A61D094F84533002B67D1002601
:102C8000D9F810305B68D4F8482309990A98384479
:102C900018F0EEFB002840F07881D9F810301A685F
:102CA000E3689A60012384F845330023A4F8F632E0
:102CB000002E7FF446AF022384F8DE3294F8DD3133
:102CC000022B00F0EF80072B00F08F80012B40F0EB
:102CD0000681D4F8A0300022029201930CAB00933D
:102CE00008AB099A0A9939442046FBF7B7F806461B
:102CF00010F1AD0F3FF425AF0C9B303B18BF012303
:102D00005A1E02405B4223F0C80313430D93002672
:102D100091E0032384F8683107A92046FFF74AFEB3
:102D2000064600287FF40DAFD4F8A09088E7154838
:102D300019F05EF96FF4B07603E704F552722521BD
:102D40002046FBF7ADFD0646002899D0F9E625217F
:102D50002046FAF76AF8002384F84533064600282F
:102D60008ED0EEE6907D04088AFEFFFFA47D040865
:102D7000D07D0408E07D0408C2FEFFFF007E040849
:102D8000B8FEFFFF147E04080A9B0B995A1A023200
:102D9000424500F2FC80FA18F85C527842EA0022C0
:102DA00002330A935B1A1344434500F2F2800C92FB
:102DB00004F5AE720F212046FBF772FD064600288F
:102DC0007FF4BFAED4F848310093D4F84431D4F83E
:102DD0004021D4F83C11D4F85C0115F057F90646AF
:102DE000E3684FF4C0729A6062E7D4F8401394F835
:102DF000E1310BB1D4F8A010E3684FF00008CDF832
:102E00000C8003F1080202925B68019309AB009306
:102E10000A9B3B44D4F848232046FBF7CBF80646F0
:102E200004F5527225212046FBF71EFD84F84583E8
:102E3000002E7FF486AE032384F8DE3294F8DD3171
:102E4000022B00F09380072B6CD0012B40F0948074
:102E50000A9B099A13440A93089B63B1197894F862
:102E6000D021914204D15A7894F8D1319A4202D0BB
:102E7000514819F0BDF80D9A00230D93D20F561E3C
:102E8000F6B2E168496894F8D0010870E1684968D1
:102E900094F8D10148700A9932390F440797524289
:102EA000D7B22AE00A9B3B44E268D4F83C11D4F83C
:102EB00040010590049102F10801039152680292C9
:102EC000BDF8302001920093D4F85831D4F8542141
:102ED000D4F85C112046FBF7DDF80646A8E7374E2C
:102EE0002FE608A8C15C03F138026A4412F81C2CD2
:102EF0004A403A405140C1540133032BF1DD089B55
:102F00006BB1022309E0089AD15CE2685068C25CA8
:102F1000514031404A40C25401332F2BF3DD30235E
:102F20000C9306E00A9B099A13440A93002E7FF43F
:102F300008AE042384F8DE3200212046FAF7BDFAF9
:102F400020B1D4F8B8220A9B13440A93204604F017
:102F50009DFB064600287FF4F4AD052384F8DE329D
:102F60000A9B2B600D2384F8D832EAE5BDF8303097
:102F70000A9A13440A93D9E7104EE2E56FF07C06F3
:102F8000DFE50F4EDDE50E4EDBE50E4ED9E50C4ECE
:102F9000D7E50B4ED5E5002203F8012B0A46511E5A
:102FA000002AF8D1E36800229A602046FBF7EAFC89
:102FB00030460FB0BDE8F0833C7E04088AFEFFFF78
:102FC000B8FEFFFFA0FEFFFF38B5044603681B688C
:102FD0001A78587842EA0020FAF729F9054600B134
:102FE0000125204605F086FF10F0005F00D0002587
:102FF000284638BD38B50446D0F880014368012B17
:1030000001DC012038BD04F099FD054640B1D4F83B
:103010008011206804F05CFDC4F880510120F1E7C4
:10302000024818F0E5FF0020ECE700BF607E0408CE
:103030002DE9F04F89B000230793002800F04D815F
:103040000446B0F8CE01FAF7F2F8074608BB94F848
:10305000C53213F0080F03D0D4F8803193F85C70B8
:10306000A34818F0D3FF6668C6B1D6B107F12705AB
:103070002046FDF7E9FD8146C8B107F12908002186
:10308000204608F0F3FC0546A8B1284609B0BDE883
:10309000F08F20460BF0B2FB0546F6E723681E6C66
:1030A000E3E7944818F0A4FF6FF4B975EDE7B6F8BC
:1030B0000080A844E3E70023079307AA01212046E4
:1030C00008F08CFD05460028DFD1079B08EB030BB9
:1030D0000BF1090AE368002B00F002810121204670
:1030E000FAF7EBF908B10BF14F0A012384F8CC325F
:1030F00051462046FCF716F805460028C5D1204663
:10310000FBF738FF8046234601225946FAF791F92A
:1031100094F8CE3188F8093094F8CF3188F80A3025
:10312000B4F8CE31A4F8D03194F8DC32002B7DD045
:1031300088F82B70002F40F09E802C23B9F1000FEF
:1031400000F0A88008EB0302002108F80310022118
:1031500051705918DA1C94F8D10208F801000433B0
:1031600094F8D21208F80210591C012208F8032022
:1031700094F8C62212F0400F00F09E809E1CDD23C2
:1031800008F801300023079307AB012208EB060182
:10319000204608F0A5FD054600287FF476AF079B82
:1031A0001E4401212046FAF788F9002800F08B80A0
:1031B00094F8C63213F0020F40F083800527F61B07
:1031C000304618F07BFF0546002800F08C80324620
:1031D00008EB0701EDF784FC0023059304930393A8
:1031E000012302931623019300962B465246414633
:1031F0002046FDF76BF98246284618F06BFFBAF1BE
:10320000000F73DB0C2384F8D832002384F8CC320F
:10321000D4F800315344C4F800312046FBF72AFEAD
:1032200005460146324818F00FFF2EE708F10B0B58
:1032300020225946E06F1AF030F8054600287FF446
:1032400024AFE368D8F80B50D8F80F00D8F8131063
:10325000D8F817205D619861D9611A62D8F81B50BF
:10326000D8F81F00D8F82310D8F827205D6298629C
:10327000D9621A635CE7D4F8801191F85C203C3184
:1032800008F12C00EDF72CFCD4F8803193F85C3079
:103290002C3353E7328808EB0301100A08F80300C7
:1032A0004A709D1C314631F8042B08EB0500EDF700
:1032B00017FC33882B4457E79E1C002308F8013085
:1032C00060E70D277BE70023524641462046FBF787
:1032D000CCFB0546002895D0D7E66FF0AC05D4E6C8
:1032E0006FF0AC05D1E66FF07C05CEE65546CCE636
:1032F0007C7E04088C7E040830B583B01468022BF1
:1033000021D931F804C0ADF804C0A51C15605FFADE
:103310008CFEBEF1FE0F18D14FEA1C2CBCF1FF0F42
:1033200002D0BCF1FD0F12D103341460495D21B10C
:10333000CD1C9D420DD80C441460012380F8D73277
:10334000002003B030BD0448FBE70448F9E7034818
:10335000F7E70148F5E700BFB8FEFFFFBAFEFFFF41
:1033600010B582B00446ADF8041090F8C63213F0E0
:10337000020F13D09DF80430FE2B40F0ED809DF835
:103380000530FE2B00F0EA8090F8CF2193428CBFED
:103390000122002234BF012300230FE09DF80430F6
:1033A000032B40F0DD809DF8052090F8CF319A4244
:1033B00034BF012200228CBF0123002353B972B90C
:1033C000D4F8C43203F40133B3F5806F69D0002020
:1033D00002B010BD644818F00BFE6448F8E764487A
:1033E00018F006FE94F8C53213F0040F1DD094F8BF
:1033F000C63213F0020305D19DF8051094F8DB22C4
:10340000914217D32BB19DF8052094F8DB329A42F4
:1034100010D89DF8053084F8CF31032B0FD8032B3B
:103420003AD8DFE803F014232D31524818F0E0FDBC
:103430004E48CDE7504818F0DBFD4C48C8E7FD2B5F
:1034400026D0FF2B28D14D4818F0D2FDB8E74C48C4
:1034500018F0CEFD94F8C53223F0400384F8C5324D
:10346000DBB223F0800384F8C532A9E7454818F0A1
:10347000BFFD94F8C53223F0800384F8C5329FE77E
:10348000414818F0B5FD9BE7404818F0B1FD97E7BB
:103490003F4818F0ADFD93E73E4818F0A9FD3348CA
:1034A00096E7D4F8C032002B5CD094F8CF21032AE1
:1034B00015D094F8CF31022B1BD094F8CF31012BCB
:1034C00029D094F8CF3123B9D4F8C02212F4805F08
:1034D00038D194F8DB22934239D3002078E713F0F7
:1034E000006FE6D02C4818F083FD022384F8CF311A
:1034F000DFE7D4F8C03213F0806FDED0274818F031
:1035000077FD94F8C53223F0800384F8C532012397
:1035100084F8CF31D1E7D4F8C03213F4005FD0D0B3
:103520001F4818F065FD94F8C53223F0400384F875
:10353000C532DBB223F0800384F8C532002384F85F
:10354000CF31BEE7174818F053FD084840E70A4856
:1035500018F04EFD05483BE7044839E7034837E7D4
:10356000024835E7002033E7B47E0408BAFEFFFFC7
:10357000E07E0408FC7E0408207F0408947F040891
:103580004C7F0408647F04087C7F0408B07F040833
:10359000C87F0408E47F0408F87F04082880040832
:1035A000588004088480040870B5044690F8C53239
:1035B00013F0080F34D0F9F717FC00286FD020461D
:1035C00003F08EFD002865D12046FFF713FD00288B
:1035D0005AD0E368D4F8801101F15D02A5338D3132
:1035E0001568D2F804E0D2F808C0D0681D60C3F8AE
:1035F00004E0C3F808C0D860103210338A42EFD11B
:10360000204606F0CFFFB0FA80F35B0994F8CA2297
:1036100063F3000284F8CA22082384F8D7324AE010
:10362000C36803F14C0593F85360FFF7CDFC78B104
:1036300007222149284626F039FD002838D1012EDD
:1036400036D82F2202212046FDF7F2FB1B4832E03C
:1036500023681B681A78032A2AD15B78032B27D1A9
:10366000204605F047FC10F0006F21D107221249D7
:10367000284626F01BFDD8B9D6B92F2202212046B4
:10368000FDF7D6FB0D4816E00D4818F0B1FC6FF4BD
:10369000977010E00B4818F0ABFC0B480BE00B48A0
:1036A00018F0A6FC94F8C53223F0080384F8C5325C
:1036B000204603F015FD70BD2CCE0408BAFEFFFFB6
:1036C000AC800408D48004080CFEFFFFFC800408D2
:1036D0002DE9F04F85B005460E4691461F46D2F8BB
:1036E00000808D4818F092FC222F40F20B8136F8B2
:1036F0000830ADF80C3008F1020A03992846FFF7AC
:103700002FFE044600284FD10398F9F790FD0028BA
:1037100050D1EB6806EB0A0256F80AC0546890686C
:10372000D168C3F834C09C63D8631964D2F810C060
:1037300054699069D169C3F844C09C64D864196520
:1037400008F1220308F1230AEA68F35C82F8743076
:10375000E86890F87420202A3AD89AB102F123033D
:10376000BB4200F2D18006EB0A015430EDF7B8F904
:10377000EB6893F874309A4495F8C53243F020030F
:1037800085F8C532AAEB08030333BB4200F2BE80C2
:103790000AF1010316F80A200AF10200F15C6C68D4
:1037A000FCB14FF0000C21E0462202212846FDF733
:1037B0003FFB64E002238DF80B300DF10B03009307
:1037C0003B464A46314628460BF022F9044656E06D
:1037D000524818F00DFCEB68002283F87420504C1E
:1037E0004DE02B681C6CDCE70CF1020C2388634570
:1037F0000CD904EB0C031B799342F5D10CF10103B6
:1038000023441B798B42EFD1012300E00023D3B383
:1038100085F8D12285F8D2120AF10304335C33B162
:1038200095F8C62212F0400F33D0DD2B04D095F866
:10383000C63213F0400F31D1C9F80040A4EB080B99
:10384000BB4535D395F8C93223F0020385F8C93258
:10385000032385F8D73200212846F9F72EFE30B130
:10386000D9F80030D5F8B8221344C9F800302846FA
:10387000FFF79AFE04460146274818F0E5FB20466C
:1038800005B0BDE8F08F274818F0B2FB6FF4FA746A
:10389000F5E7254818F0ACFB244CF0E7244818F075
:1038A000A7FB95F8C63223F0400385F8C632C3E77C
:1038B000284608F0CBF808B30BF1020BBB4527D81C
:1038C0003219335D92F801B04BEA032B0AF1050A75
:1038D000AAEB08035B44BB421CD8002300930223DD
:1038E0005A4606EB0A01284608F022FC0446002846
:1038F000C5D10BEB0A03C9F80030A9E74744C9F862
:103900000070A5E7064CBAE7054CB8E7044CB6E7EB
:10391000034CB4E7024CB2E720810408308104086C
:10392000B8FEFFFF48810408808104080AFEFFFFFB
:10393000A881040838B50C461546094818F066FBFE
:10394000042229462046FBF70DFC08B9012038BDAA
:10395000044818F04DFB044818F04AFB0020F6E735
:10396000D0810408B4720408C4720408F0B587B0AA
:103970000446BB4818F04AFBD4F89C308BB1D4F80D
:103980009C5094F8CC22CAB194F8DE32052B00F298
:103990008B82DFE813F02400480030014E0158010B
:1039A00034024C2018F08AFBC4F89C00002800F078
:1039B00078824C22002126F023FCE0E784F8DE2206
:1039C0006A60AA60EA602A616A61AA61EA61012309
:1039D00084F8CC32D4F89C30A24A1A60D4E794F828
:1039E000DD31022B0DD0072B50D0012B7FD1D4F825
:1039F000F032002B00F05B8294F8F43283B99A4ED7
:103A0000B2E1D4F83C31002B00F05382D4F84431B9
:103A1000002B00F05082D4F84C31002B00F04D8286
:103A2000012384F8DE324FF4C070286118F046FBA1
:103A3000A860002800F04B82E3685A68002A58D03A
:103A400094F8DD31022B66D0072B00F0C280012BE9
:103A500040F00481E36859682E220231E06F19F0CA
:103A60001CFC0646002840F07F81E3685B6894F800
:103A7000D0211A70E3685B6894F8D1215A70E3682A
:103A800030229A60002E00F0B3806DE194F8E131AD
:103A900013B3D4F84C73002F00F0118294F8523312
:103AA000002B00F00E82002F00F00F822521C4F8B9
:103AB000A41004F1A0022046FAF7F2FE0646002800
:103AC00040F052813A46D4F8A0102046FAF790FA16
:103AD00006460028A4D047E1D4F84873002F00F030
:103AE000F28194F84533002BDDD15F4E3CE15F4E0F
:103AF0003AE14FF4C0709860E66818F0DFFA706041
:103B0000E3685868002800F0E5814FF4C072002196
:103B100026F076FB94E74FF4C070C4F8240118F047
:103B2000CDFAC4F82001002800F0D78104F5AE7268
:103B30000F212046FAF7B4FE0646002840F0148113
:103B400094F8CA3203F00C03042B24D0D4F8483183
:103B50000093D4F84431D4F84021D4F83C11D4F87F
:103B60005C0114F093FA0646002840F0FD8005F150
:103B700010030193AB68009304F59273D4F82021ED
:103B8000D4F85C112046FAF763FA0646E3684FF46E
:103B9000C0729A6076E7E36F049300230393029365
:103BA0000193D4F848310093D4F84431D4F840213B
:103BB000D4F83C11D4F85C0114F04DFA0646002804
:103BC00040F0D28094F8CA3243F0080384F8CA3235
:103BD000CDE7E3684FF4C0729A60A96805F110025E
:103BE0000131D4F8A00017F0A1FB002840F0788143
:103BF000022384F8DE3294F8DD31022B38D0072B13
:103C000053D0012B7FD1E3685968AB680022029240
:103C1000D4F8F022019205F11002009230222046E1
:103C2000FAF75AF90646002E40F09E80032384F8E6
:103C3000DE3294F8DD31022B69D85BB2002B64D000
:103C4000042384F8DE3294F8C53213F0400F6BD1B0
:103C500094F8DD31022B72D0002766E0034E83E03A
:103C6000E481040847CC0008C4FEFFFF8AFEFFFF82
:103C7000D4F84C21E368D4F83C11D4F84001059005
:103C8000049103F1080103915B680293D4F8503169
:103C900001930092D4F82431D4F82021D4F85C1197
:103CA0002046FAF7F7F90646BDE794F8E1313BB351
:103CB000D4F84C23AB68E1680120039001F10800BF
:103CC00002904968019105F1100100910133D4F887
:103CD000A0102046FAF76EF9064694F8E131002B61
:103CE000A1D194F8C93213F0200F9CD104F552727F
:103CF00025212046FAF7B8FD002384F8453392E7E2
:103D0000D4F84823D6E7884E2EE0874E2CE0072BC8
:103D100040F0E880AB68002B00F0E6802A7C1A7047
:103D20002B6901332B618BE7022794F8DD31072BD8
:103D300007D0052B2CD0062B04D1002702E0022748
:103D4000F3E700272E693E4406F10903AB61012128
:103D50002046F9F7B2FB08B14F36AE61A96920469B
:103D6000FBF7E0F90646A8B13146704818F06CF947
:103D700016F16C0F00F0BE806FF4A3739E4200F04A
:103D8000B980E2685368002B00F0C1809268BBE004
:103D90000027D7E72046FBF7EDF86860296923463E
:103DA00010223944F9F745FB002F67D02A696B6868
:103DB000C2F3072159729A720B2668682A69A968AA
:103DC0003044ECF78DFE2B691E4401212046F9F7A3
:103DD00074FB88B194F8C63213F0020F50D1052756
:103DE000F01BE86118F06AF9E86000287FD0696884
:103DF000EA693944ECF774FE052384F8DE320121C8
:103E00002046F9F75AFB00283CD0EB68AA6969689C
:103E1000002005900490039001200290162001904C
:103E2000E86900902046FCF751FB0646E86808B1B7
:103E300018F050F90023EB609E4295DBAE611E4600
:103E4000D4F80031AA691344C4F8003194F8C83298
:103E500013F0200F20D01EB16FF4A3739E4283D1C4
:103E6000204603F013FC034600B933460D2284F8C4
:103E7000D822002284F8CC221E4675E709269CE74A
:103E80000D27ADE70023AA6969682046FAF7EDFD22
:103E900006460028D4D067E72046FAF7EBFF06462F
:103EA000D9E76FF07C065FE76FF496765CE7204E0B
:103EB0005AE71F4E58E71E4E56E71D4E54E71C4E5C
:103EC00052E71B4E50E71A4E4EE7194E4CE76FF083
:103ED0007C0649E76FF07C0646E76FF07C0643E717
:103EE000144E41E7104E3FE76FF0BF063CE76FF01E
:103EF0007C0639E794F8CC32002B3FF442AF0FE058
:103F0000002203F8012B0A46511E002AF8D1E3686B
:103F1000002199602046FAF71DFD2046FAF732FD90
:103F2000304607B0F0BD00BF8AFEFFFFE481040801
:103F3000C4FEFFFF9EFEFFFF08B540F20E2398422D
:103F400004D0034818F054F8002008BD1720FCE7FF
:103F5000FC81040808B530B1036923B1D86AFFF7C2
:103F6000EBFFC0B208BD024818F042F80020F9E7A4
:103F70002882040810F5A47F3BD007DD10F5A37F4D
:103F80004BD010F59B7F4AD16D20704710F5D37F41
:103F900031D015DC6FF4FA7398422ED010F5FA7F09
:103FA00005DA6FF4FC73984229D12F20704700F294
:103FB000A910022801D82F2070474FF0FF3070471A
:103FC0006FF4D273984220D010F5D37F1FDD10F527
:103FD000A67F1FDA10F5B07F08DB00F5B070114B3B
:103FE000C34013F0010F0DD02F2070474FF0FF306A
:103FF00070473220704728207047282070474FF0C4
:10400000FF3070474FF0FF3070472F2070474FF060
:10401000FF3070474FF0FF307047462070474FF039
:10402000FF3070470104080010B520B184460488B1
:104030000CB1002006E00C4817F0DAFF6FF4B970FD
:1040400010E00230631E83420ADD0CEB00031B7993
:104050008B42F6D1431C63441B799342F1D101E0BA
:104060006FF4FA7010BD00BF448204082DE9F047D8
:1040700088B00446B44817F0C9FF2046F8F72AFA7A
:10408000051EC0F25781EFB207F12603ADF81E30CE
:104090000DF11E020221204607F0D6FE002840F056
:1040A0004881BDF81E6006F1090801212046F9F794
:1040B00004FA08B106F14F08012384F8CC324146D6
:1040C0002046FBF72FF808B1054633E12046FAF702
:1040D00051FF064623460222BDF81E10F9F7A9F942
:1040E00094F8CE31737294F8CF31B37294F8C5322C
:1040F00013F0080F78D12046FEF766FFC0B1934B4E
:104100001868C6F823009A889B79A6F8272086F8B5
:1041100029302046F9F77DF886F82A00182206F1A2
:104120000B094946E06F19F0B8F850B3054601E1B4
:1041300023681B681A78032A01D02022EFE75B78F6
:10414000032B01D02022EAE7204604F0D3FE10F032
:10415000006F12D12046F9F75CF880B97B4B1868E4
:10416000C6F823009A889B79A6F8272086F829307C
:10417000002386F82A301822D1E72022CFE7202218
:10418000CDE7E368D6F80BC0D6F80F00D6F81310C9
:10419000D6F81720C3F834C09863D9631A64D6F8E8
:1041A0001BC0D6F81F00D6F82310D6F82720C3F876
:1041B00044C09864D9641A6586F82B7006F12C09FE
:1041C0005FFA85FA52464946E06F19F066F808B181
:1041D0000546AFE0E068524649465430ECF780FCB3
:1041E000E36883F8747023E0E368D3F834C0986B15
:1041F000D96B1A6CC6F80BC0C6F80F00C6F81310BE
:10420000C6F81720D3F844C0986CD96C1A6DC6F85C
:104210001BC0C6F81F00C6F82310C6F8272086F872
:104220002B70E168EAB2543106F12C00ECF758FC2F
:10423000EBB203F12C0103F12D0294F8D10270547A
:1042400003F12E0094F8D212B15494F8C62212F061
:10425000400F57D003F12F07DD2333540023ADF86F
:104260001C3007AB0222F119204607F06DFE05460F
:1042700000285FD1BDF81C301F4401212046F9F70A
:104280001CF9002846D094F8C63213F0020F3ED134
:104290004FF0050AA7EB0A07384617F00FFF8146D3
:1042A00000284BD03A4606EB0A01ECF719FC002334
:1042B000059304930393012302931623019300971C
:1042C0004B46424631462046FCF700F980464846B8
:1042D00017F000FFB8F1000F33DB032384F8D73267
:1042E000002384F8CC32D4F800314344C4F80031C0
:1042F00094F8C83213F0200F16D02946124817F050
:10430000A3FE17E003F12F0700233354A6E74FF075
:104310000D0ABFE70023424631462046FAF7A5FBC7
:104320000028DAD0054605E02046FAF7A3FD054649
:10433000E3E70546284608B0BDE8F0876FF07C0546
:10434000F8E74546F6E700BF68820408788204086B
:104350002DE9F04F85B007460D46904699464668D0
:1043600056B3304817F052FE2B88002B53D013F071
:10437000010A52D1002E52D097F8C93213F0400FE3
:1043800022D0D3462B885B4542D954463388A3427A
:1043900039D9CDF80890CDF80480CDF800B0234687
:1043A0002A4631463846FBF7CBFA6FF4FA73984247
:1043B00026D10234A4B2E9E703681E6CD1E70BF101
:1043C000020B1FFA8BFB00E0D34633885B4515D9FF
:1043D00054462B88A342F2D9CDF80890CDF804803A
:1043E00000945B462A4631463846FBF7A9FA6FF43B
:1043F000FA73984204D10234A4B2EAE76FF4FA7077
:1044000005B0BDE8F08F0BF1020B1FFA8BFBB9E78B
:104410006FF4FA70F4E70448F2E70348F0E76FF44A
:10442000B970EDE780820408B8FEFFFF70B584B074
:1044300004460E466A4600230093019302930393B9
:10444000D0F86833FFF784FF054610B1284604B062
:1044500070BD9DF8003084F8D1329DF8013084F8A9
:10446000D232019BC4F83C33204602F039FE0546A7
:104470000028EBD10123728806F598712046FEF7DB
:1044800043F905460028E1D1039B6BB194F8D7327C
:10449000022B1AD0022384F8D73204F55A71204631
:1044A00007F068F90546D1E7B4F8CE01F8F7BFFE8A
:1044B0000028CBD094F8C43213F0300FC6D1029943
:1044C000204606F0FFFA0546C0E76FF4D475BDE755
:1044D00038B505460C46C1680122A53103F04EFAF5
:1044E000B8B18646B0F88E2095F8C932C3F34003C0
:1044F0009A4261D022B995F8C93213F0020F13D154
:10450000002A79D095F8C93213F0020F17D0002095
:1045100073E03A4817F06CFD95F8C53223F00803B4
:1045200085F8C532002068E0354817F061FD95F840
:10453000C53223F0080385F8C53200205DE031481C
:1045400017F056FD304858E0023322889A420DDDBC
:10455000E11891F804C09EF890108C45F4D1591CD4
:10456000214408799EF891108842EDD19A4225D0D5
:1045700095F8C53213F0080F25D121462846FFF7DC
:1045800055FF002833DB0020B8BBE9682022343116
:10459000E86F18F082FE80BB284606F003F8B0FAF8
:1045A00080F35B0995F8CA2263F3000285F8CA22FA
:1045B0000D2385F8D83220E00023C6E7134817F012
:1045C00017FD134819E09EF8903085F8D1329EF817
:1045D000913085F8D232284602F082FD034660B958
:1045E000628804F598712846FEF78EF8CCE70948F2
:1045F00017F0FEFC064800E0002038BD8C8204085D
:10460000B08204081483040862FEFFFF4C83040890
:104610000CFEFFFF7C8304082DE9F04387B00446BD
:104620003A4817F0F3FC01212046F8F746FF68B935
:104630000925012384F8CC3229462046FAF772FD79
:10464000064628B1304607B0BDE8F0834F25F0E7B5
:104650002046FAF78FFC064623460E220021F8F783
:10466000E8FE01212046F8F728FF00283FD094F803
:10467000C63213F0020F36D14FF005090427384631
:1046800017F01CFD804600283BD03A4606EB090196
:10469000ECF726FA00230593049303930123029376
:1046A00016230193009743462A4631462046FBF7DE
:1046B0000DFF0546404617F00DFD002D24DB0823B5
:1046C00084F8D732002384F8CC32D4F800312B445C
:1046D000C4F800312046FAF7CDFB064601460B48E8
:1046E00017F0B2FCAEE74FF00D090C27C7E7002327
:1046F0002A4631462046FAF7B8F906460028DED0A9
:10470000A0E76FF07C069DE72E469BE7A483040894
:1047100030B583B00023019378B3044603687BB3BC
:10472000D3F8943073B3194817F062FC2368D3F8B8
:104730009450D3F8982001A92046A84702280CD00D
:10474000032815D001281FD1114817F051FC019AF8
:1047500001212046FCF76CFB10E00E4817F048FCE6
:10476000019A02212046FCF763FB6FF49C7005E080
:10477000094817F03DFC002000E0002003B030BDE8
:104780000020FBE70020F9E70020F7E7B8830408E2
:10479000D4830408008404082C8404082DE9F04F15
:1047A0008FB004460D4690461E461768C14817F064
:1047B0002DFC94F8C53223F0080384F8C532E36871
:1047C000002283F87420222E40F22D83EB5BADF89B
:1047D0003430A4F8D03107F10209DAB2032A0CD040
:1047E00094F8C63213F002020ED194F8CF119DF85E
:1047F000353099422CD8002307E0B3F5806FEFD312
:1048000003238DF83530EBE700232AB194F8CF016C
:104810009DF83510884203D35BB2002B00F09880DE
:1048200094F8C53213F0040F14D09DF8353094F885
:10483000DB128B422CBF002001208AB18B4211D8A1
:10484000002A4FD1032B53D8DFE803F01F313E4538
:104850000123DAE7984817F0CBFBDFF860A206E007
:104860000028EDD0964817F0C3FBDFF850A2A068EF
:1048700008B117F02FFC0023A36051468D4817F0B4
:10488000E3FB50460FB0BDE8F08F8E4817F0B0FB49
:1048900094F8C53223F0400384F8C532DBB223F02C
:1048A000800384F8C532002384F8CF3120E08648A5
:1048B00017F09EFB94F8C53223F0800384F8C532CC
:1048C000012384F8CF3113E0804817F091FB0223D5
:1048D00084F8CF310CE07E4817F08AFB032384F87C
:1048E000CF3105E0FD2B00F09380FF2B00F09D8081
:1048F000D4F86CB12046F8F7F9FF82460028B6D10B
:1049000094F8C732C3F34000C3F3800C03F0010EE8
:10491000C3F3C00294F8C912C1F3C00194F8C432C1
:10492000C3F301130B9301230A930993089307938D
:10493000069105920493CDF80CE0CDF808C00190E3
:10494000002200925A46B4F8CE116068F8F7F4FFDE
:10495000D4F8C43203F40133B3F5806F21D1D4F815
:10496000C032F3B194F8CF21032A6BD0002294F81F
:10497000CF31022B73D094F8CF31012B00F081801E
:1049800094F8CF312BB9D4F8C01211F4805F40F005
:10499000AD8094F8DB128B42C0F0AE80002A40F06C
:1049A000B180E36805EB090255F809E0D2F804C0CC
:1049B0009068D168C3F814E0C3F818C0D8611962D0
:1049C000D2F810E0D2F814C09069D169C3F824E09D
:1049D000C3F828C0D862196307F1220307F123093D
:1049E00015F803A0BAF1200F00F2BE80BAF1000F53
:1049F00000F0D0802046FCF727F9002840F0CA805C
:104A00000AF12303B34240F2B580DFF8C8A02EE7D5
:104A1000314817F0EDFA94F8C63223F0010384F818
:104A2000C632FD2384F8CF3162E72C4817F0E0FA54
:104A300094F8C63223F0010384F8C632FF2384F8C9
:104A4000CF3155E713F0006F01D100228FE72448E2
:104A500017F0CEFA022384F8CF31012287E7D4F889
:104A6000C03213F0806F86D01E4817F0C1FA94F858
:104A7000C53223F0800384F8C532012284F8CF21A7
:104A800079E7D4F8C03213F4005F3FF479AF1648E9
:104A900017F0AEFA94F8C53223F0400384F8C5321B
:104AA000DBB223F0800384F8C532002384F8CF31D1
:104AB000012265E75484040864840408BAFEFFFFF9
:104AC000207F04084C7F0408647F04087C7F04086E
:104AD00094840408B8FEFFFFB0840408CC84040862
:104AE000F87F04082880040858800408BD4817F09F
:104AF0007FFADFF8F4A2BAE6BC4817F079FADFF8DB
:104B0000E8A2B4E6D4F86CB12046F8F7EFFE82468E
:104B100000287FF4ACAE94F8C732C3F34000C3F36F
:104B2000800C03F0010EC3F3C00294F8C912C1F364
:104B3000C00194F8C432C3F301130B9301230A9309
:104B4000099308930793069105920493CDF80CE01E
:104B5000CDF808C00190002200925A46B4F8CE1158
:104B60006068F8F7E9FE1CE7A14817F041FADFF8A2
:104B700084A27CE6E068524605EB09015430EBF76D
:104B8000AFFFE36883F874A0BAF1200F38D09A48D9
:104B900017F02EFACA44AAEB07030233B34200F21D
:104BA0001181A06808B117F095FA4FF4AC7017F0B6
:104BB00085FAA060002800F008814FF4AC72002153
:104BC00025F01EFB05EB0A03A26815F80A105B78B6
:104BD00043EA012313800AF1020AA068028812F056
:104BE000010F40F0F580AAEB070313440133B342F1
:104BF00000F2F180B2F5967F09D9DFF8F8A136E628
:104C000094F8C53243F0080384F8C532BFE705EBDA
:104C10000A010430EBF764FFA268138853440021B3
:104C2000518003F10109EA5CA9EB07031344B34285
:104C300000F2D4801AB14FF0000C604609E06F48D2
:104C400017F0D6F9DFF8B8A111E6DD2A0CD08946B5
:104C50001A46531EDBB252B109F1010115F80920C1
:104C6000002AF2D10120F0E74FF0010CEFE794F8B1
:104C7000C63213F0400300D158B913B1BCF1000F94
:104C80000BD103B168B95F4817F0B2F9DFF870A132
:104C9000EDE55D4817F0ACF90CE05C4817F0A8F9B9
:104CA00008E05B4817F0A4F994F8C63223F04003FB
:104CB00084F8C632C8F80090A9EB070BB34506D2BA
:104CC000204606F0C3FEA8BB3744C8F800700C238A
:104CD00084F8D83294F8C53243F0200384F8C53202
:104CE000D9B2C1F3C0014B4817F064F994F8C5324A
:104CF00013F0080F0BD0A1682046FFF7E9FB8246AE
:104D000000287FF4B4AD94F8D8320D2B55D00A2189
:104D1000D4F8680305F032FD30B1204606F028FED5
:104D2000824600287FF4A3ADA1682046FFF77EFBF2
:104D300082469CE50121204606F098FE8246002826
:104D40007FF495AD0BF1020BB34569D805EB090271
:104D500015F8093092F801B04BEA032B09F102096A
:104D6000A9EB07035B44B34202D9DFF888A07EE5D4
:104D7000A368009301235A4605EB0901204607F07A
:104D8000D7F9824600287FF472AD2B21D4F868034E
:104D900005F0F4FC28B1204817F02AF9DFF848A004
:104DA00065E52046FFF7B4FC824600287FF45FAD3E
:104DB0000BEB0903C8F8003089E70146174817F0E4
:104DC00043F954E5DFF82CA051E56FF07C0A4EE57D
:104DD000DFF820A04BE5DFF81CA048E5DFF814A0C1
:104DE00045E500BF84800408BAFEFFFF207F040869
:104DF00030810408B8FEFFFFE88404080885040831
:104E00000AFEFFFF8C8504082885040840850408F5
:104E10005C850408DC850408A8850408548404081B
:104E2000DFF808A023E5DFF804A02AE5B8FEFFFFBD
:104E30002DE9F04B82B00446894690461D460A9FF4
:104E4000B64817F0E3F8062D36D0D8F800303B44CA
:104E50000B9A93423BD894F8BC22002A3CD0D4F859
:104E6000B82203EB020B29462046F7F777FB0646EC
:104E7000A0BB94F8D932102B34D0D4F8C422A84B5C
:104E80001340102B3BD0A74A93424BD094F8C43226
:104E900013F0300F57D194F8D832002B53D1012D95
:104EA00052D0A14817F0A4F80A2202212046FBF7AD
:104EB000BFFF6FF4BA7697E10B9B019300972B46E7
:104EC0004246494620460BF04BF806468CE197488F
:104ED00017F08EF8964E87E10022C2E7954817F04A
:104EE00087F881E1002DC8D0934817F081F80A2295
:104EF00002212046FBF79CFF6FF4BA7674E194F828
:104F0000D722002ABFD1022DBDD0002DBBD08B48A7
:104F100017F06EF80A2202212046FBF789FF6FF492
:104F2000BA7661E10E2DB1D194F8D732022BADD80B
:104F3000834817F05DF80A2202212046FBF778FF2C
:104F40006FF4BA7650E145B1D8F800103A464944BA
:104F50002046F9F796FD064608BB94F8C43203F0E4
:104F60003003102B1FD0162D00F23581DFE815F02D
:104F7000400004017B005F00330133013301330142
:104F80003301330133019C0091008600B2003301EC
:104F90002801330133013301C6003301A7006948FA
:104FA00017F026F820E1A5F10B03032BDBD894F8CA
:104FB000C53213F0080FD6D0E36893F874307BB98C
:104FC000614817F015F894F8C53223F0080384F807
:104FD000C53294F8CA3223F0010384F8CA32C2E71A
:104FE0000A2202212046FBF723FF6FF4BA76FBE08A
:104FF000564816F0FDFF0B9B00933B464246494640
:105000002046FCF7BDFC0646002E40F0E980D8F8AB
:1050100000305B4500F0E4804D4816F0E9FF94F85D
:10502000C63213F0020F00F0E3804A4ED8E04A483F
:1050300016F0DEFF3B46424649462046FEF75CF945
:10504000064600212046F8F738FA0028DCD0D8F8C8
:105050000030D4F8B82213440B9A934200F2D08067
:10506000C8F80030D0E73D4816F0C2FF3B46424644
:1050700049462046FEF72CFB0646C5E7384816F0A1
:10508000B7FF3B46424649462046FDF7C1FB064670
:10509000BAE7344816F0ACFF3B4642464946204644
:1050A000FCF728FE0646AFE72F4816F0A1FF3B4667
:1050B000424649462046FCF747FC0646A4E72B48F3
:1050C00016F096FF3B46424649462046FDF7D6F885
:1050D000064699E7264816F08BFF082384F8D73256
:1050E00000212046F8F7E9F900288DD0D8F80030E3
:1050F000D4F8B8221344C8F8003085E71D4816F0EC
:1051000077FF002301930B9B00933B4642464946A1
:105110002046FAF71BFE064676E700BFF88504082E
:105120003000020010000200F08604080C8604081B
:10513000CAFEFFFF1C860408548604088086040803
:10514000B886040818870408348704084C870408C4
:10515000A488040860FEFFFF6887040888870408A5
:10516000A0870408C0870408E0870408F8870408BB
:105170001888040838880408244816F039FF3B468C
:10518000424649462046FFF709FB064600212046D5
:10519000F8F793F900283FF437AF0B9B9F4207D0F5
:1051A000D8F80030D4F8B82213440B9A93422AD886
:1051B000D8F80030D4F8B8221344C8F8003023E7F8
:1051C000134816F015FF3B46424649462046FDF778
:1051D00089FC064618E70F4816F00AFF6FF4997627
:1051E00031460D4816F030FF304602B0BDE8F08B76
:1051F000322202212046FBF71BFEA6F5D076EFE710
:105200006FF08306F0E76FF08306EDE74C88040843
:105210006488040884880408C48804082DE9F047D9
:1052200084B00446884615469A46704816F0EEFE4D
:10523000E068002834D0D4F8E4202B68A2EB0309FE
:10524000C668002E5BD00369F61AB14500D84E46F9
:10525000324690F8D5102046FBF710FE074600288E
:1052600040F0A980E36818681B6929683246414408
:105270001844EBF735FCE2681369334413612B687B
:1052800033442B60E2681369D068834200F0968053
:105290003946574816F0D8FE384604B0BDE8F087C6
:1052A000CDF804A003AB00930DF10B032A46414651
:1052B0002046F7F7CCF808B14E4FEDE7039A9DF87A
:1052C0000B102046FBF7DAFD074648B9039B44F66E
:1052D0001E02934207D9484816F08AFE474FDBE783
:1052E00016F0D2FED8E7CDF804A000939DF80B305D
:1052F0002A4641462046FFF79BFD0746CCE7CDF8FE
:1053000004A003AB00930DF10B032A46414620464F
:10531000F7F79DF808B1374FBEE7A9F10406039AE5
:10532000B31A63EB0303DB0F591E5B4233400A40A1
:105330001A439DF80B102046FBF7A0FD074618BB4B
:10534000039844F61E03984221D8864224D2E3688B
:105350009DF80B2083F8D520E3680430D860E66818
:1053600016F0ACFE3060E368186808B329680439A9
:105370004A464144EBF7B4FBE368C3F810902B684E
:105380004B44043B2B6087E716F07EFE84E71A4807
:1053900016F02EFE194F7FE7CDF804A000909DF87F
:1053A0000B302A4641462046FFF742FD07466FE78D
:1053B0006FF07C0770E716F067FE6DE70423039338
:1053C00092F8D530116801900438009003AA204665
:1053D000FFF72EFD0746E368186808B116F07AFE5D
:1053E000E26800231360E268D36051E7DC880408B8
:1053F00008890408CEFEFFFFEC8804086CFEFFFF5E
:10540000F0B585B0044650230393D0F8A03193B192
:105410006FF4A17293420ED06FF4A37293420AD03C
:10542000012902D113F59A7F05D0BE4816F0E0FDA0
:10543000D4F8A0612EE32046FBF7DEFC064608B94F
:105440000546A2E20146B84816F0B4FD22E394F8FE
:10545000C63213F0020F00F0EB8004F5DE7304F2A5
:10546000C51204F1E8012046F7F7F4FE05460028CE
:1054700040F0E780B4F8CE01F7F7D9FE58B100212B
:105480002046F8F71AF830B194F8C531172B02D03E
:10549000142B40F0E780032384F8D03294F8C6320E
:1054A00013F0020F00F0E58000212046F8F705F820
:1054B000B8B1B4F8CE01F7F7BAFE90B1B4F8BC2198
:1054C000B4F8D831D31A44F201018B42D4BF00237F
:1054D0000123B2F5824F88BF43F00103002B40F057
:1054E000D2800023C4F8B832042384F8D0320523D4
:1054F00084F8D03200212046F7F7DFFFF0B394F8AC
:10550000BD32DBBBB4F8CE01F7F791FE18B194F8C9
:10551000C531142B32D0B4F8BC112046F8F746FB45
:105520000028C0F2BA8294F8C63213F0010F40F09E
:10553000B480D4F8E010D4F8E8301944B4F8BC31A1
:105540000A462046FDF748F80546002DC0F2B78010
:1055500094F8C63213F0010F10D194F8DB316BB917
:1055600094F8DA31092B09D0D4F8E8300833C4F8BC
:10557000E830B4F8BC31083BA4F8BC31062384F809
:10558000D03200212046F7F798FFD0B194F8BD3211
:10559000BBB9B4F8CE01F7F74AFE18B194F8C5319B
:1055A000142B0ED0B4F8BC3194F8DB211AB9B4F83E
:1055B000D821C4F8B822C4F8B432012384F8BD322B
:1055C000354600212046F7F778FF20B194F8BD3228
:1055D000012B00F08180D4F8E830C4F8C0310723F3
:1055E00084F8D032082384F8D032D4F8E820D4F8F4
:1055F000E4309A4280F05382B4F8CE01F7F717FEF8
:1056000038B9B4F8BC31D4F8B8229B1AB3F5804F3E
:105610007ED8464816F0ECFC94F8C531143B032BB9
:1056200000F2F981DFE813F0D800D3018E00750194
:1056300005212046F9F714FD0028BFF60EAF0646F7
:1056400028E210F5A37F01D02E4623E294F8C4325D
:1056500003F03003102BF7D1462202212046FBF73E
:10566000E7FBF1E70A2202212046FBF7E1FB304E7F
:1056700010E2B4F8BC112046F9F7F2FC051EBFF6A3
:1056800013AF2E4606E22B4816F0B2FC162202217A
:105690002046FBF7CDFB284EFCE104F2C513D4F8FD
:1056A000E010D4F8E8201144052201920093B4F8E8
:1056B000BC310A46204608F077FB054645E71F48FF
:1056C00016F096FC142202212046FBF7B1FB284677
:1056D00016F0DAFC2E46DDE194F8C63213F0010F25
:1056E0000DD194F8DB31002B3FF475AF2046F8F76D
:1056F00059FAD4F8B8320344C4F8B8326BE72046FC
:10570000F8F774FA054600283FF465AF0646C1E194
:105710000B4816F06DFC162202212046FBF788FB91
:10572000054EB7E11C8904084C890408B4890408B3
:10573000CEFEFFFF78890408B8FEFFFF90890408B9
:10574000A0890408BD4816F053FC94F8C63213F043
:10575000020F1CD1B4F8CE01F7F769FD18B120464D
:10576000FDF732FC28BBD4F8E43004F1E802D4F8A9
:10577000E0102046FFF752FD0546002800F0DB80D0
:1057800001462046FAF74EFB10F59A7F22D0002DF5
:1057900000F0D18094F8C63213F0020F04D06FF4F9
:1057A000A3739D4200F0C780284616F06DFC2E467C
:1057B00070E194F8CC3123F0040384F8CC31D4F8B0
:1057C000E43004F1E802D4F8E01020460AF07CFD51
:1057D0000546DCE70546DDE7994816F009FCB4F814
:1057E000CE01F7F724FD98B3D4F8E83094F8D92225
:1057F000102A15D0B4F8BC21012A19D1D4F8E02020
:10580000D25C012A14D10133C4F8E83094F8CC31C9
:1058100013F0040F14D143F0040384F8CC318AE070
:105820000A2202212046FBF703FB6FF49B7631E14D
:105830002F2202212046FBF7FBFA6FF49B7629E129
:105840002F2202212046FBF7F3FA6FF49B7621E129
:10585000D4F8E850D4F8E4309D4246D2B4F8BC7194
:10586000002F42D0D4F8E0305B5D012B43D1002102
:105870002046F7F722FE58B194F8DA3243B1D4F853
:10588000B8321D44C4F8E8509BB2FF1AA4F8BC71AA
:10589000B4F8BC31012B34D1D4F8E8300133C4F86A
:1058A000E83037212046F6F759FE28B194F8C63281
:1058B00013F0020F00F0F580012384F8BC320221BE
:1058C000204601F049FE002840F0ED80216F94F859
:1058D000C43203F03003102B19D05A4A2046F7F790
:1058E00055FC054638B30646D4E0574816F080FB11
:1058F0006FF4AA76CEE0554816F07AFB6FF4AA76DC
:10590000C8E0534816F074FB6FF4AA76C2E0514A1F
:10591000E4E7514816F06CFB94F8BF32002B4DD1F0
:10592000002304F1E802D4F8E0102046FCF7B4FEAE
:105930000546002847D1002384F8D032D4F8E83057
:10594000D4F8E42093426DD2D4F8C0219B1AB4F865
:10595000BC21934280F09080404816F049FB082318
:1059600084F8D03200212046F7F7A7FD40B1D4F8E3
:10597000E830D4F8B822934278D39B1AC4F8E830C0
:105980001DB994F8F030002B7AD194F8D032082B5E
:105990007BD801A252F823F04F5401088B5A01081A
:1059A0005B5401089D540108EF540108F5540108A7
:1059B00083550108E5550108EB550108284816F004
:1059C00017FB284E66E016F05FFB2E4662E0264885
:1059D00016F00EFB03AB04F1E802D4F8E010204609
:1059E000FAF7FCFC054602285FD0002860DB039B29
:1059F0002BB1332B5ED000289DDD35469BE7D4F8D4
:105A0000E430C4F8E830002384F8D0326FF4AB7689
:105A1000C4F8A0613EE06FF49B7016F035FB6FF4A4
:105A20009B7637E015B994F8F0300BB92E4631E08B
:105A300000212046F9F74CF8F8E700BFD0890408A8
:105A4000E08904083CCE0408F8890408148A040894
:105A5000348A040834CE04085C8A0408948A040852
:105A60006C8A040876FEFFFF888A0408134816F043
:105A7000BFFA6FF49C760DE0114816F0B9FA7FE793
:105A800000212046F9F724F87FE70E4816F0B0FA17
:105A90006FF49676304605B0F0BD0646FAE70A4E3A
:105AA000F8E70646F6E70646F4E76FF49C76F1E77A
:105AB0000646EFE76FF49C76ECE700BFAC8A04087B
:105AC000D08A0408E88A0408B8FEFFFF08B5FFF78B
:105AD00097FC08BD08B50021FFF7F8FF08BD0000DE
:105AE0002DE9F0410546884616461F46D0F8A041EC
:105AF0004C4816F08BFA002E0EDB6FF4A1739C421B
:105B000010D0022C0ED084B16FF4A3739C420CD041
:105B1000454816F06DFA7CE0444816F069FA4FF0FB
:105B2000FF3476E00023C5F8A03100212846FBF7BA
:105B300011F920BBD5F81C41002C4ED12846FFF7A7
:105B4000C9FF041E25DBB5F8CE01F7F770FB00286E
:105B5000F0D095F8DA32002BECD095F8C531162B41
:105B6000E8D1002FE6D0324816F042FAD5F8E430FA
:105B7000002BDFD10223C5F8A031002449E02D48D5
:105B800016F036FA284602F009FF0446012840D1F3
:105B9000D0E76FF4AB739C420DD014F59A7F04D11B
:105BA00095F8C63213F00C0F0CD1C5F8A041204671
:105BB00016F06AFA2DE0C5F8A0411F4816F018FA51
:105BC000002426E01D4816F013FA6FF4C670C5F8DD
:105BD000A00116F059FA00241BE0A64228BF264671
:105BE00034463246D5F818114046EAF779FF4FB9E6
:105BF000D5F81C319B1BC5F81C31D5F8183133443E
:105C0000C5F8183195F8F03033B931460C4816F024
:105C10001BFA2046BDE8F08100212846F8F758FF1E
:105C2000F3E700BF148B0408388B0408208B0408AA
:105C3000E88B0408708B04089C8B0408C08B040854
:105C40000C8C0408B1F5804F01DC084670474FF416
:105C5000804070472DE9F04F8DB00446BE4816F0E5
:105C6000D5F994F8C83213F0030F20D194F8C43258
:105C700003F00303022B26D0D4F86031EBB1D3F844
:105C800008A00AF1030208920AF106010B91BAF189
:105C9000000F31D0D4F87431002B32D09B680793B9
:105CA00019440B911A44089206230A9312E0AB4858
:105CB00016F09EF900230693CFE1A94816F098F953
:105CC000A84B0693C9E103220B92002308930A9282
:105CD00007939A46D4F8B831C3B10A9A03EB020984
:105CE0000B9BA3EB09094FF480412046FFF7AAFF65
:105CF00009900023069303E1CDF81CA006230A9324
:105D0000E8E706230A9300230793E3E7DDF82C90E6
:105D1000E9E7099AB9EB020363EB0303DB0F5E1EAD
:105D20005B4203EA090316401E4306F105080525F8
:105D300008E14FF005084546002601212046F7F707
:105D4000BCFB18B12046FAF767FE80444146204666
:105D5000F9F7E8F90690002840F07F812046F9F72E
:105D600009F90746D4F8B831002B74D194F8C6323B
:105D700013F0020F5BD007EB050B089AC2F3074341
:105D80007B55C2F307238BF801308BF8022094F87F
:105D9000C63213F0020F04D101212046F7F78DFB24
:105DA00020B9032259462046F8F74CFEEB1CA9F116
:105DB0000302F11EBAF1000F00F0018107EB030BA3
:105DC000CAF30742FA54CAF307238BF801308BF861
:105DD00002A094F8C63213F0020F04D1012120462C
:105DE000F7F76BFB20B9032259462046F8F72AFE45
:105DF0000635A9F10609063E94F8C63213F0020FE3
:105E000004D101212046F7F758FB50BBD4F860318C
:105E1000524619682046F8F715FE079B0BB3D4F8D5
:105E20007431079A19682046F8F70CFE19E00194BE
:105E30000B2300930B9B00223146F7F7DCFA01217C
:105E40002046F7F73AFB002895D10422791D204619
:105E5000F8F7F8FD8FE794F8C63213F0020F00F060
:105E60008380BAF1000F04D0D4F8B8315345C0F0A4
:105E70008380079B13B1002E40F0A58001212046AE
:105E8000F7F71BFB88B394F8C63213F0020F40F00B
:105E9000BD804FF0050BB5EB0B0500F1BA80002D6E
:105EA00040F3BE80284616F009F90646002800F0A7
:105EB000D8802A4607EB0B01EAF712FE0023059370
:105EC0000493039301230293162301930095334611
:105ED000424639462046FAF7F9FA054616B13046E9
:105EE00016F0F8F8002DC0F2C080D4F800312B4431
:105EF000C4F8003194F8C83213F0200F00F09280FB
:105F0000B9F1000F00F09380069B002B40F08F80CA
:105F1000012384F8CC3294F8C63213F0020F7FF4D8
:105F200008AFD4F8B831002B7FF4F3AE0A9B53448A
:105F3000079A1344099A161FB34200D81E4606F169
:105F40000908092501212046F7F7B7FA00283FF490
:105F5000F4AE08F14608F0E61C8C04082C8C04080A
:105F6000648C0408B8FEFFFF00230093234616222A
:105F70003146F7F721FA74E7AAEB03018A1B6BEBB2
:105F80000B0B4FEADB7B0BF1FF32CBF1000B0BEA83
:105F9000010B32404BEA020BD4F8602111685A46DB
:105FA00019447819EAF79CFD5D44D4F8B8315B4494
:105FB000C4F8B831A9EB0B09A6EB0B0659E71D464F
:105FC0000E46914655E70AEB0302D4F8B801121ABF
:105FD000931B63EB0303DB0F591E5B421A4006EA77
:105FE000010342EA0306D4F874311968A0EB0A00F1
:105FF000324601447819EAF773FD3544D4F8B831D4
:106000003344C4F8B831A9EB060937E74FF00D0B5C
:1060100041E7174815F0ECFF6FF0830306931CE08F
:1060200000264BE72046F8F725FF069068E76FF457
:10603000A373069A9A420CD0002384F8CC32C4F899
:10604000B83194F8C43213F0300F02D1052384F82C
:10605000D7320699074815F0F7FF06980DB0BDE84E
:10606000F08F6FF07C030693F7E70695F5E700BF26
:106070008C8C04081C8C04082DE9F04F87B0D0F8F4
:10608000A031171E41DB044688466FF4A372934289
:1060900041D06FF49872934241D013F59C7F3ED06B
:1060A000B4F8CE01F7F7C3F840B194F8C43213F056
:1060B000300F03D194F8DD320B2B3FD8012120465D
:1060C000FAF748FE00283DD1D4F8006196B17D482A
:1060D00015F08EFF2046F8F7CDFEB0F1000A3CDB4C
:1060E000D4F83061D4F834311E44774815F080FF7D
:1060F000B74249D32046FAF77FFE002800F08F8090
:10610000C4F8A0014FF0FF3AD5E0704815F070FFD9
:106110004FF0FF3ACFE00023C0F8A031BDE794F87C
:10612000C63213F0020F03D00023C4F8A031B7E742
:10613000674815F05DFF4FF0FF3ABCE0654815F089
:1061400057FFC1E7644815F053FF204602F026FCD4
:106150008246012840F0AF80B6E7504615F094FF24
:106160001AF59A7F04D194F8C63213F00C0F02D1BD
:10617000C4F8A0A19FE06FF4C670C4F8A00115F0A8
:1061800083FF4FF0000A96E0544815F031FF6FF09E
:10619000AC00C4F8A00182468DE02046F7F708F86D
:1061A000002844D0C4F8A0014FF0FF3A83E0204615
:1061B000FAF732FC824451462046F8F7B3FF814695
:1061C000002849D12046F8F7D5FE014694F8C6329A
:1061D00013F0010F44D1002305930122049203938D
:1061E00002931723019300955B4652462046FAF727
:1061F0006DF9002863DBD4F800310344C4F80031A2
:106200002046F8F737FEB0F1000A37DB0023C4F868
:10621000A0312E4494F8C83213F0040F47D108EB94
:10622000060BB4F8CE01F7F702F80028B5D1B91B78
:106230002046FFF707FD0546BE423BD000F10D0AA0
:1062400001212046F7F739F90028B0D194F8C63279
:1062500013F0010FAFD0AAE7C4F8A00182462AE0EC
:1062600001230493002303930293172301930095C2
:106270005B465246204607F009FEBAE7C4F8A0A1E3
:10628000504615F001FFC4F83451C4F830611AF5D6
:106290009A7F10D194F8C63213F00C0F0BD06FF424
:1062A000C670C4F8A00115F0EFFECA4603E00C4822
:1062B00015F09EFEB246504607B0BDE8F08FDFF8FD
:1062C00024A0F8E7508D0408808D0408A48C0408ED
:1062D000BC8C0408EC8C0408248D04089C8D0408F4
:1062E000CC8D0408C0FEFFFF2DE9F04F89B00446B5
:1062F0008A469046554815F089FE002C00F09A8099
:10630000BAF1000F00F09A8008F1040841462046D7
:10631000FFF798FC8146D4F8FC30534504D8D4F8F4
:1063200008211344534505D894F8CC324BB10023CF
:1063300006932EE0464815F05BFE6FF0AC03069323
:1063400074E042460AF105012046F8F77BFB06900F
:10635000F8B16BE00023009323461622294630460D
:10636000F7F72AF82A463946701DEAF7B9FBD4F840
:1063700000315B44C4F80031D4F8B8312B44C4F880
:10638000B83194F8C83213F0200F45D0069B002B8B
:106390004CD1D4F8B851454543D26F1D5744012321
:1063A00084F8CC32A8EB05054D4500D34D46079542
:1063B00005F1050B01212046F7F77FF818B12046BB
:1063C000FAF72AFB834459462046F8F7ABFE0690BD
:1063D00060BBD4F8FC30002B34D02046F8F7CAFD5F
:1063E000064601212046F7F768F80028B2D00023BE
:1063F000059304930393029316230193079B009341
:106400003B465A4631462046FAF760F8B0F1000B99
:10641000ADDACDF818B009E02046F8F72BFD06906C
:10642000B4E70023C4F8B83184F8CC32069809B038
:10643000BDE8F08F6FF0AC030693F7E76FF0AC03A5
:106440000693F3E76FF07C030693EFE7F88D0408FB
:106450000C8E04082DE9F04788B004469B4815F0DF
:10646000D5FDD4F89C30BBB1D4F89C502F1D94F8C6
:10647000CC32FBB194F8DE32052B40F05F8494F807
:10648000DE32052B00F25D84DFE813F02000E70028
:10649000E8028D031A0423044C2015F00FFE074672
:1064A000C4F89C00002800F046844C22002123F010
:1064B000A7FED9E7002184F8DE123022384623F007
:1064C0009FFED4F89C30824A1A60D8E794F8DD31F8
:1064D000072B09D094F8DD31022B11D0072B00F0E7
:1064E0009180002600F002BC94F8E1311BB9794894
:1064F00015F07EFDEEE7784815F07AFD0026F5E30D
:10650000D4F83C31002B00F01F84D4F84431002B28
:1065100000F01D84D4F84C31002B39D0D4F854311C
:10652000002B43D0B4F84031A4F8E63204F5AE7243
:106530000F212046F8F7B4F90646002840F0D6832C
:1065400094F8CA3203F00C03042B3DD0D4F8483140
:106550000093D4F84431D4F84021D4F83C11D4F855
:106560005C0111F093FD0646002840F0BF83D4F88B
:106570004C3104F5A8720192009304F5AC73D4F881
:106580005421D4F85C112046F7F762FD064640E03E
:10659000D4F8400115F092FDC4F84C01002800F039
:1065A000D983D4F84031C4F85031B7E7D4F840016A
:1065B00015F084FDC4F85401002800F0CE83D4F80F
:1065C0004031C4F85831ADE7E36F049300230393DF
:1065D00002930193D4F848310093D4F84431D4F8AD
:1065E0004021D4F83C11D4F85C0111F034FD06468A
:1065F000002840F07B8394F8CA3243F0080384F803
:10660000CA32B4E7D4F8403353B1002694F8443387
:1066100083B1002E40F06A83012384F8DE321DE04E
:1066200004F5507225212046F8F73AF9064600286D
:10663000ECD05BE30022D4F840132046F7F7D8FCF7
:10664000064618B9252384F84433E5E710F16C0FAA
:10665000DFD1252384F8443348E3002694F8DD3164
:10666000022B00F01381072B40F0F28109236B61AC
:106670000423EB614FF48070A86215F01FFD014602
:10668000A860002800F06C8305F12802D4F84003CC
:1066900014F04CFE002840F06683EA69AB6A02EB16
:1066A0000308C5F81C80D5F81490D4F86431002B89
:1066B00000F05B8394F8D432032B00F09E80082B0B
:1066C0000CD0012B0AD06FF084060FE3448E04082F
:1066D00065CC0008908E04085C8E0408012384F8C1
:1066E000683107A92046FCF765F90646002840F006
:1066F000FD82079BAB61EB690233EB61AA699E18CF
:10670000EE612046F6F785FD08B10236EE61EE69CE
:1067100006F10903EB6201212046F6F7CEFE08B12F
:106720004F36EE62E86A15F0C9FC2861002800F0D7
:106730001F8368606B695A1C6A610322C2546A68CD
:106740006B69591C69610021D154D4F84003D5F814
:1067500004A06E69731C6B61FDF7FCFB0AF8060070
:106760006A686B69591C696195F82810D15468688A
:106770006B69AA6AA9681844EAF7B2F96E69AB6A4C
:106780001E446E612046F6F744FD002800F0F382B7
:106790006A68324494F8D41294F8D302F5F70AFEEA
:1067A0006B6902336B6194F8D302F7F7EFF9014696
:1067B000002800F0E3826A6894F8D43200934346DC
:1067C0004A442046F6F7F0FB0646002840F08E8249
:1067D000AB692B6294F8D422012A1BD0082A40F01E
:1067E000378169686A698818C3F3072C01F802C009
:1067F00043706B6902336B612AE184F8683107A941
:106800002046FCF7D7F80646002840F06F82079B29
:10681000AB6170E72046F6F7FCFC60B92B6A69684B
:106820006A698818C3F3072C01F802C043706B69CA
:1068300002336B610CE14FF4007015F03FFC8046B1
:10684000002800F09E82D4F82891D4F82CA194F866
:10685000D302F5F7C2FD03465246494640460FF0C3
:1068600085FBC4F82C0194F8C93213F0010F04D150
:10687000D4F8280108B115F02DFC94F8C93223F0A2
:10688000010384F8C932C4F82881C7E709236B6182
:106890000623EB61D4F84031D4F848211344D4F8EE
:1068A0005021134403F10608C5F81C8094F8C8224F
:1068B00012F0020F27D1002207920833EB61D4F8BF
:1068C0006431002B00F0DE8094F8683113B90123A5
:1068D00084F8683107A92046FCF76CF806460028C2
:1068E00040F00482079B002B00F0CA80AB61EA698C
:1068F00003EB0209C5F81C902046F6F78AFC10B19C
:1069000009F10203EB61D5F81C9009F10903EB6270
:1069100001212046F6F7D1FD10B109F14F03EB62DA
:10692000E86A15F0CBFB2861002800F02D82686032
:1069300023460C22E969F6F77CFDD4F840316968FA
:106940006A698818C3F3072C01F802C043706B69A9
:1069500002336B616868D4F84021D4F83C111844C4
:10696000EAF7BEF86B69D4F8402113446B61D4F8A0
:1069700048216968C818C2F3072C01F803C04270A7
:106980006B6902336B616868D4F84821D4F844110C
:106990001844EAF7A5F86B69D4F8482113446B61F1
:1069A000D4F850216968C818C2F3072C01F803C055
:1069B00042706B6902336B616868D4F85021D4F877
:1069C0004C111844EAF78CF86A69D4F8503102EB9C
:1069D0000309C5F8149094F8C83213F0020F37D1A8
:1069E0002046F6F716FC002800F0D1816A684A4478
:1069F00094F8D41294F8D302F5F7DCFC6B690233F7
:106A00006B6194F8D302F7F7C1F80146002800F053
:106A1000C181AB6968686A698618C3F3072C00F8FE
:106A200002C073706B6902336B616A6894F8D43288
:106A30000093434609322046F6F7B6FA0646002888
:106A400040F05481AB692B6294F8D432012B1CD0F6
:106A5000002E40F04B81022384F8DE3294F8DD31C1
:106A6000022B70D0072B40F0978094F8D422032A91
:106A700054D0082A39D0012A37D06FF0840635E186
:106A80001E4633E16FF49E7630E12046F6F7C1FBF7
:106A90000028DDD04FF4007015F010FB8046002870
:106AA00000F07B81D4F82891D4F82CA194F8D3027B
:106AB000F5F793FC03465246494640460FF056FA16
:106AC000C4F82C0194F8C93213F0010F04D1D4F8A2
:106AD000280108B115F0FEFA94F8C93223F0010339
:106AE00084F8C932C4F82881B2E769686B6994F800
:106AF000D302D4F864610496D4F8A060039602909F
:106B0000019205F1200200920B44D4F82C21D4F814
:106B100028112046F7F7ACF806463EE0D4F8A0105E
:106B20006B686A69023200200290019105F1200130
:106B300000911344D4F82C21D4F828112046F7F7FB
:106B4000F1F9064629E094F8D422012A03D0082A54
:106B500001D0002621E0D4F8A01094F8C83213F038
:106B6000020F01D0002618E068686B6994F8D362C0
:106B7000D4F864C1CDF810C003910296019205F1DA
:106B8000200200920344D4F82C21D4F82811204686
:106B9000F7F76EF8064600E00026002E40F0A680CB
:106BA000032384F8DE3294F8DD31022B4CD0072B1E
:106BB00040F0818094F8D432032B32D0082B04D0DB
:106BC000012B02D06FF0840690E0D4F8A060EB684F
:106BD000B3B194F8D43294F8D3022A6AE968D4F8AD
:106BE00064C1CDF810C0039602900193D4F82C3103
:106BF0000093D4F828312046F7F7BAF806465BE050
:106C0000286A002800F0CC8015F058FAE8600028C7
:106C100000F0C98069686B692A6A1944E9F760FF66
:106C2000D7E72B6A69686A698818C3F307268E5408
:106C30004370EA692B6AA9695B1A1A44EA61EA6A35
:106C40001344EB62002637E094F8D432012B01D0D4
:106C5000002631E0D4F8A06094F8C83213F0020F97
:106C60005ED1EB68B3B194F8D43294F8D3022A6AB7
:106C7000E968D4F864C1CDF810C00396029001937E
:106C8000D4F82C310093D4F828312046F7F770F867
:106C9000064611E0286A002800F0888015F00EFAF8
:106CA000E860002800F0858069686B692A6A1944E9
:106CB000E9F716FFD7E70026C6B9042384F8DE32C9
:106CC00094F8DD31063BDBB2012B2BD9052384F888
:106CD000DE32EA696968394B00930C232046FFF7DE
:106CE00003FB064610B9072384F8D73231463448EF
:106CF00015F0AAF96FF4A3739E420DD02FB1F86876
:106D000018B115F0E7F90023FB6000212046F7F7E2
:106D100021FE2046F7F736FE304608B0BDE8F08782
:106D20000026C9E76868002846D023460C22E96996
:106D3000F6F77FFBCAE76FF07C06D7E76FF0BF0678
:106D4000D4E76FF49676D1E76FF49F76CEE76FF4D1
:106D50009F76CBE76FF07C06C8E76FF07C06C5E74F
:106D60006FF07C06C2E7174EC0E76FF49E76BDE772
:106D70006FF07C06BAE76FF08406B7E76FF0840621
:106D8000B4E76FF07C06B1E76FF07C06AEE76FF01A
:106D90008406ABE76FF08406A8E76FF07C06A5E7F2
:106DA0006FF0E506A2E76FF07C069FE76FF0E5065F
:106DB0009CE76FF07C0699E7034E97E74867040865
:106DC000448E04089EFEFFFFB8FEFFFF70B110B5B1
:106DD000044603682BB1236853B1012323710020BB
:106DE00010BD502015F06AF92060F4E700207047CC
:106DF0006FF07C00F4E70000F8B50E4615461C461F
:106E0000069F01283CD0002323606360A360E360F9
:106E1000CC2E3FD0C02E00F0EB80132E00F0198155
:106E2000D02E01D0E02E01D0C02E1CD0D02E1AD0F2
:106E3000CC2E18D0132E16D09E2D40F03E81072365
:106E40002372002363720422A2720221E1720121E3
:106E50002173202161732821A173E3731023238000
:106E6000A3806280E380237B002B40F02B81002FE6
:106E700000F02A81BB7A43F00103BB72002022E1BB
:106E80000020FCF757FD0128BDD0904815F0B0F860
:106E90008F4818E1A82D72D01FD8142D3BD0152D86
:106EA00053D0132D40F09F80092323720423A37233
:106EB0000723E37201232373202363732822A27321
:106EC00023801023A3800C226280E380002FA1D0B6
:106ED0007B7A43F004037B729CE7A92D69D0AA2D2D
:106EE00040F08180092323720423A3720223E372FA
:106EF00001232373202363732822A273238010238A
:106F0000A3800C226280E380002F83D07B7A23F061
:106F100004037B727EE7092323720423A3720723F1
:106F2000E37203232373202363732822A273238035
:106F30001023A3800C226280E380002F3FF46AAF0D
:106F40007B7A43F004037B7264E7092323720423F2
:106F5000A3720223E3720123237320236373282285
:106F6000A27323801023A3800C226280E380002F71
:106F70003FF450AF7B7A43F004037B724AE7092366
:106F800023720423A3720723E372012323732023B4
:106F900063732822A27323801023A3800C226280B3
:106FA000E380002F3FF436AF7B7A23F004037B723B
:106FB00030E7092323720423A3720723E372032318
:106FC0002373202363732822A27323801023A380BA
:106FD0000C226280E380002F3FF41CAF7B7A23F009
:106FE00004037B7216E73B4815F002F838486AE064
:106FF0002B2D15D02F2D27D107212172002363724D
:107000000422A272E17201212173202161732821DF
:10701000A173E37310232380A3806280E380FCE6E6
:1070200007212172002363720422A272E1720321FC
:107030002173202161732821A173E373102323801E
:10704000A3806280E380E8E6234814F0D1FF204863
:1070500039E0012D1DD0032D7FF4E2AE0923237208
:10706000002363720422A272E372237320226273EC
:107070002821A173E37322801023A3800C22628055
:10708000E380002F3FF4CCAE7B7A23F004037B72C5
:10709000C6E607232372002363720422A272E372FE
:1070A0002373202262732822A273E37310232380A8
:1070B000A3800C226280E380B2E6084814F098FFB7
:1070C000034800E00020F8BD0020FCE7A88E04087B
:1070D0000CFEFFFFD88E0408088F0408388F0408C0
:1070E00010B582B0044690F8C40204F530730093E2
:1070F00004F5E97394F8D22294F8D112C0F3011088
:10710000FFF77AFE18B994F8CE31032B01D002B004
:1071100010BD94F8CF31002BF9D094F8C52242F07D
:10712000400284F8C522012BF1D9D2B242F080028C
:1071300084F8C522032BEAD994F8C63243F0010340
:1071400084F8C632E3E70000F0B583B004460D468C
:1071500016461F461B7A092B17D03B7A062B00F0E8
:1071600097803B7A072B00F0208124B10023C6F8DA
:10717000C830C6F8CC30002D00F0E9810020C6F8F8
:10718000C000C6F8C40003B0F0BD30B1C368002B26
:1071900044D0E368002B00F0D48135B1EB68002BBC
:1071A00041D0EB68002B00F0CF81089B012B3FD032
:1071B000ACB13A8806F16001E06810F0B5F803461A
:1071C000D6F89000D6F89410D6F89820C6F8A80003
:1071D000C6F8AC10C6F8B0201846002BD3D1ADB11C
:1071E0003A8806F14001E86810F09EF80346D6F8A8
:1071F0008000D6F88410D6F88820C6F8B400C6F807
:10720000B810C6F8BC201846002BBCD10CB1012325
:107210006374002DA1D001236B749EE7442014F009
:107220004DFFE060B5E7442014F048FFE860B8E7A0
:10723000ACB13A8806F14001E06810F075F80346F9
:10724000D6F88000D6F88410D6F88820C6F8A800B2
:10725000C6F8AC10C6F8B0201846002B93D1002D0C
:10726000D4D03A8806F16001E86810F05DF8034672
:10727000D6F89000D6F89410D6F89820C6F8B40046
:10728000C6F8B810C6F8BC201846002BBED07AE766
:1072900054B1206800284BD00BF086FB4FF49C7251
:1072A0000021206822F0ACFF55B12868002849D0A1
:1072B0000BF07AFB4FF49C720021286822F0A0FFAB
:1072C00034B10A9A099920680BF05EFB002843D17B
:1072D00035B10A9A099928680BF056FB002841D16C
:1072E000089B012B44D064B10023009306F1900366
:1072F0003A8806F1600120680AF0FAFF00287FF45E
:1073000042AF65B10123009306F180033A8806F18C
:10731000400128680AF0ECFF00287FF434AF0CB17C
:1073200001236374002D3FF41CAF01236B7418E735
:107330004FF49C7014F0C2FE20600028AED16FF0B4
:107340007C0020E74FF49C7014F0B8FE2860002801
:10735000B0D16FF07C0016E77E4814F049FE6FF064
:10736000B50010E77B4814F043FE6FF0B5000AE764
:1073700064B10023009306F180033A8806F14001CE
:1073800020680AF0B5FF00287FF4FDAE002DC6D0BE
:107390000123009306F190033A8806F16001286802
:1073A0000AF0A6FF0028BAD0EDE654B12068002804
:1073B00060D00BF0F9FA4FF49C720021206822F0A3
:1073C0001FFF55B1286800285ED00BF0EDFA4FF48E
:1073D0009C720021286822F013FF34B10A9A09999F
:1073E00020680BF0D1FA002858D135B10A9A0999D2
:1073F00028680BF0C9FA002856D1089B012B59D0F8
:10740000CCB13A8806F1600120680AF087FF0028B5
:107410007FF4B9AE06F19002D6F89000D6F8941039
:10742000D6F89830C6F8A800C6F8AC10C6F8B03048
:107430000C9B002B7AD0A5B13A8806F14001286850
:107440000AF06CFF00287FF49EAED6F88010D6F8C4
:107450008420D6F88830C6F8B410C6F8B820C6F82C
:10746000BC300CB101236374002D3FF47EAE0123C8
:107470006B747AE64FF49C7014F020FE20600028B4
:1074800099D16FF07C007EE64FF49C7014F016FEEC
:10749000286000289BD16FF07C0074E62D4814F022
:1074A000A7FD6FF0B5006EE62A4814F0A1FD6FF05D
:1074B000B50068E6C4B13A8806F1400120680AF0D8
:1074C0002DFF00287FF45FAE06F18002D6F8800021
:1074D000D6F88410D6F88830C6F8A800C6F8AC10E4
:1074E000C6F8B0300C9BBBB1002DBAD03A8806F17B
:1074F000600128680AF012FF00287FF444AED6F835
:107500009010D6F89420D6F89830C6F8B410C6F883
:10751000B820C6F8BC30A4E70B9B009304230C21D1
:1075200020680BF084F90028DED02CE60B9B00933A
:1075300004230C2120680BF07AF900283FF47BAF7C
:1075400021E66FF07C001EE66FF07C001BE6002059
:1075500019E600BF648F0408F0B587B0044600F553
:10756000F275022928D003292AD001293CD100F143
:10757000B006002794F864331BB994F8DA31092B6C
:1075800023D094F8C432C3F3011394F8C62202F056
:1075900001020492E26F0392D4F85C230292D4F8C1
:1075A00088200192009304F5E9732A463946304653
:1075B000FFF7CAFD07B0F0BD00F1C4070026D9E708
:1075C00000F1B00600F1C407D4E7D4F85C330093AF
:1075D000D4F8883004F5E972294604F55870FFF7AD
:1075E000F5FB0028CDD0E5E76FF0AC00E2E72DE930
:1075F000F04705460F46144690F8DB81B8F1000FBE
:107600000AD090F8DF3112F0010600D01E4614F0C7
:10761000020F02D01E4400E00026B5F8D29114F00B
:10762000010A0ED114F0020413D1B5F8D491BAF1C5
:10763000000F16D1ECB9B8F1000F21D00020BDE841
:10764000F0874A46B91905F50970E9F749FA4E4439
:10765000E8E74A46B91905F51170E9F741FA4E44D1
:10766000E3E74A46B91905F51970E9F739FA4E44C6
:10767000E0E74A46B91905F51D70E9F731FADAE78E
:107680000023C5F88432C5F88832D7E708B502F080
:10769000CAFF08BD38B505460C46214B8B431AD0AE
:1076A00014F4800F1BD114F0804F1CD114F0006F24
:1076B0001DD114F0806F1ED114F4005F1FD114F49B
:1076C000805F20D114F0007F21D114F0805F22D19F
:1076D00044EA050038BD134814F08AFCE0E712487C
:1076E00014F086FCDFE7114814F082FCDEE7104856
:1076F00014F07EFCDDE70F4814F07AFCDCE70E485E
:1077000014F076FCDBE70D4814F072FCDAE70C4865
:1077100014F06EFCD9E70B4814F06AFCD8E700BF00
:10772000FF031000808F04088C8F0408B48F0408B6
:10773000EC8F0408009004081490040828900408B2
:107740003C9004086490040810B520B18646448833
:107750000CB1002307E00F4814F04AFC6FF4B97035
:1077600016E002339BB2184604F1FF3C63450DDA84
:107770000EEB030C9CF830C18C45F2D103F1010CE7
:10778000F4449CF830C19445EBD101E06FF4FA70F9
:1077900010BD00BF4482040882B000238DF804307D
:1077A000B0F5007F1FD0B0FA80F35B099DF804208C
:1077B00063F341028DF80420D3B213F0020F12D10B
:1077C000D3B260F300038DF80430C0F30012DBB2D3
:1077D00062F3C3038DF80430C0F34000DBB260F302
:1077E00082038DF804309DF8040002B07047000059
:1077F00070B504460D4616460D4814F007FC8CB1D2
:107800009DB1324629462046FEF736FC0446014625
:10781000074814F019FC002C01DB204670BD4FF026
:10782000FF34FAE76FF0AC04F7E76FF0AC04F4E76D
:1078300098900408F8B504460D4616461F460E48B3
:1078400014F0E4FB94B1A5B13B46324629462046EC
:10785000FEF746F904460146074814F0F5FB002CF4
:1078600001DB2046F8BD4FF0FF34FAE76FF0AC04BF
:10787000F7E76FF0AC04F4E7A890040810B50446ED
:107880000B4814F0C3FB24B1A36E5A1EA266012B51
:1078900000D010BDE26A0B2120460EF0FEFC04F180
:1078A0005C0021F085FA204614F014FCF1E700BFDB
:1078B000C090040838B505461B4814F0A7FB05B373
:1078C00029461A4814F076FB6C21194814F072FB13
:1078D0006C2014F0F3FB0446B8B16C22002122F0B6
:1078E0008FFC04F15C0021F031FAC8B90123A366D2
:1078F0008023A4F862301C23A4F86430E56220469B
:1079000038BD0C4814F074FBDEE76C210A4814F013
:1079100051FB002CF3D02046FFF7B0FF0024EEE728
:10792000064814F065FBF4E7D890040804910408B5
:1079300014910408F090040844910408809104080C
:107940007047000038B50D46FFF7FAFF0446284699
:10795000FFF7F6FF54B148B1844207D0882204F102
:1079600030013030E9F7BCF8012038BD024814F08E
:107970003FFB0020F9E700BF90910408002070470A
:1079800070B50546D0F880413F4814F03FFBB5F88C
:10799000CE01F5F74CFCF8B9EB68EBB194F8282070
:1079A00012F0010F54D1D3F854C0986DD96D1A6EEE
:1079B000C4F83CC020646164A264D3F864C0986ECB
:1079C000D96E1A6FC4F84CC020656165A265EB687A
:1079D00093F8743084F85C3095F8C432C3F3011323
:1079E00084F83030B5F8CE01F5F721FCB0B9EA687B
:1079F000A2B102F1A50304F15D01D5321E68D3F8EE
:107A000004E0D3F808C0D8680E60C1F804E0C1F8FB
:107A100008C0C860103310319342EFD1B5F8CE01E1
:107A2000F5F705FC40B30123A4F88E30D5F8B43146
:107A3000A36395F8D13284F8903095F8D23284F867
:107A4000913094F8B63043F0010384F8B63070BD3D
:107A5000A068E16822696369E06321646264A364E9
:107A6000A069E169226A636AE06421656265A365D1
:107A7000202384F85C30AFE795F8C932C3F34003A4
:107A8000A4F88E30D2E700BFB491040838B505469B
:107A9000094814F0BBFAB82014F010FB044640B1BA
:107AA000B822002122F0ACFB012363600323237082
:107AB000E562204638BD00BFC491040800B583B01C
:107AC000002301930093FFF73DFF03B05DF804FB33
:107AD00010B50846FFF734FF30B30446154814F0DC
:107AE00095FA6368002B03DD5A1E6260012B1BD1DF
:107AF000114814F07DFA04F15D03302203E0002206
:107B000003F8012B0A46511E002AF8D104F13C0368
:107B1000202203E0002203F8012B0A46511E002A0E
:107B2000F8D12378032B00D010BD204614F0D2FAF0
:107B3000FAE700BFD8910408EC91040838B5044670
:107B40000E4814F063FA2046FFF7FAFE054698B196
:107B5000C06AFFF79BFF044630B100220146284669
:107B6000FFF7ACFF012801D1204638BD2146002097
:107B7000FFF7AEFF0024F7E70446F5E70C92040890
:107B800083680133836001207047000010B504460C
:107B9000054814F03BFA14B12046F5F7F5FD002135
:107BA000014814F051FA10BD2092040870B5044643
:107BB0001A4814F02BFA84B14FF4637014F07EFA73
:107BC000064678B100222146F6F72AFD051E15DB90
:107BD000F5B9134814F00CFA0AE0124814F008FA48
:107BE000264609E04FF463710F4814F0E3F90025CD
:107BF00029460E4814F028FA304670BD29460C4834
:107C000014F0D8F9616C3046F7F770F80026EFE70A
:107C10002946084814F0CEF9EAE700BF3492040878
:107C2000AC92040840920408589204080493040893
:107C300080920408C892040810B504460A4814F05B
:107C4000E5F96CB12146094814F0B4F92368596C80
:107C50002046F7F74BF80021034814F0F5F910BD62
:107C6000034814F0C5F9F6E71C9304082C930408A4
:107C70003C93040870B505460E461446064814F0B9
:107C8000C5F9002C05DB224631462846FFF7B0FD3A
:107C900070BD6FF0AC00FBE79890040870B5054626
:107CA0000E461446074814F0B1F9002C06DB0023F9
:107CB000224631462846FFF7BDFD70BD6FF0AC008F
:107CC000FBE700BF6093040860B100B583B0844651
:107CD000D0F8880000900CF55A7003F0D8F803B083
:107CE0005DF804FB6FF0AC007047000038B5044647
:107CF0000D46144814F08AF9002D18DCCCB1D4F8E4
:107D0000A011104814F0A0F9D4F8A0016FF4A173E9
:107D1000984211D06FF4A37398420FD06FF4AB73F5
:107D200098420DD094F8CE3213B1062000E0002026
:107D300038BD6FF0AC00FBE70220F9E70320F7E75E
:107D40000620F5E7709304082DE9F04178B30D465D
:107D5000064671B30A784B781B0443EA02638A78BB
:107D600043EA0223CA781343144CA4FB0324E40817
:107D700004EB840204EB42041C1B00F15C08404647
:107D800021F018F80746B0B956F824404CB120222B
:107D900004F14001284622F089F908B1646EF5E744
:107DA0000127404621F012F83846BDE8F08100274F
:107DB000FAE70027F8E70027F6E700BFA38B2EBA03
:107DC000F8B5044648B30D4649B30A784B781B040E
:107DD00043EA02638A7843EA0223CA781343124EC5
:107DE000A6FB0326F60806EB860206EB42069E1B60
:107DF00000F15C07384620F0DDFF90B954F82640CA
:107E000044B1202204F14001284622F04FF908B184
:107E1000646EF5E7384620F0D9FF2046F8BD0C46E1
:107E2000FBE70024F9E700BFA38B2EBA2DE9F84346
:107E3000804610B30E4600F15C09484620F0BAFFB8
:107E4000E8B900273D460CE0646E4CB145B92022EC
:107E5000A118304622F02AF90028F5D12546F3E78B
:107E600001370A2F03D815B958F82740EDE74846DF
:107E700020F0ACFF2846BDE8F8830546FAE7002568
:107E8000F8E700002DE9F04F83B006460F46904614
:107E90009A46D1F80090894814F0AAF8002E43D0F1
:107EA0004FF46B7014F00AF90546002842D0F36ACB
:107EB000D9F80820D9F800100EF0CCF83346524615
:107EC000062128460EF0A4FF04467D4814F090F8E1
:107ED00005F53B7BBAF1000F10D0EB6940F285222B
:107EE00093422DD040F28E22934229D040F20622B6
:107EF000934200F08680734814F07AF8002C40F02A
:107F0000B38095F8A83313F0100F26D1B8F1010F04
:107F100023D0B8F1030F20D06B4814F069F84FF06C
:107F2000000A6FF4B274A1E038460EF024FA6FF044
:107F3000AC04BBE038460EF01EFA6FF07C04B5E0EE
:107F4000B6F96230002B03DB6A689BB29A42D5D245
:107F50005E4814F04DF86FF4CC74002C40F0AA8009
:107F600095F8A83313F0100F0FD0B8F1010F0CD013
:107F7000B8F1030F09D095F8AA3313F0020F04D11A
:107F8000B5F8383313F0040F4BD059463046FFF79D
:107F9000DBFE00284DD04E4814F02AF84FF0000ABE
:107FA000BAF1000F62D04B464246294650460EF0C9
:107FB000D9F89AF840209AF841301B0443EA02634A
:107FC0009AF8422043EA02239AF843201343414A95
:107FD000A2FB03124FEAD20B0BEB8B020BEB42021C
:107FE000A3EB020B044630B906F15C03019318467B
:107FF00020F0E0FE30B3384813F0FAFF6FF0690468
:1080000034E0B6F96430002B04DB6A689BB29A4214
:10801000BFF474AF314813F0EBFF4FF0000A304C5F
:1080200024E0304813F0E4FF4FF0000A6FF4B2741C
:108030001CE0F06A0EF00CF982460028B0D16FF413
:10804000977413E056F82B30CAF8643046F82BA02A
:10805000019820F0BBFE736C43B14246D9F808107A
:10806000D9F80000984701E04FF0000A1E4813F0CD
:10807000BFFF28460EF02CF834B1BAF1000F03D040
:10808000F16A50460EF0F0F8284614F023F817482D
:1080900013F0AEFF38460EF06EF9154813F0A8FF46
:1080A0002146144813F0D0FF04B90124204603B040
:1080B000BDE8F08F4FF0000AD8E700BF84930408B2
:1080C00090930408D0930408F0930408A093040844
:1080D00044940408A38B2EBA6C940408B893040843
:1080E00066FEFFFF1894040884940408989404081A
:1080F000A8940408BC94040870B504460E461546BE
:10810000114813F083FFF4B13046FFF745FBC0F38D
:10811000400294F8493062F3410384F84930DBB2FD
:1081200060F3000384F84930C0F38002DBB262F3ED
:10813000820384F84930C0F3C000DBB260F3C303AC
:1081400084F84930656670BDC4940408002800F0C6
:10815000C58138B5044690F8C63213F0010F38D106
:10816000AA4813F045FFAA4813F050FF00222168E7
:108170002046F6F7E5F990BB94F8C43203F03003DB
:10818000102B2DD1D4F8B83133B994F8DC32022B4E
:1081900034D02DD803B90120C5B2D4F8003193B33F
:1081A0002046F6F767FE002843D1D4F8B8313BBB30
:1081B00094F8CC3223BB35B394F8DC32013384F825
:1081C000DC32944813F014FF00212046F6F7C2FB7E
:1081D00019E0914813F00CFF204608F071F938BD02
:1081E0008E48C4F8A00113F04FFF4FF0FF30F6E7C0
:1081F000043BDBB2042BCFD80120CDE70120CBE735
:10820000874813F0F5FE2046F8F7F6FDC0B994F85C
:10821000DC320A2B00F25C81DFE813F01900250044
:108220006700720078008900A300AE00BD00CC009A
:108230002E01C4F8A00113F027FF4FF0FF30CEE766
:10824000C4F8A00113F020FF4FF0FF30C7E720462D
:10825000FAF7EEFEC4F8A00178B9012384F8DC3205
:10826000704813F0C5FE94F8C53213F0080F09D01A
:108270000A256D4813F0BCFE12E013F005FF4FF025
:10828000FF30ACE70825F4E7204608F019F9A6E727
:1082900013F0FAFE4FF0FF30A1E7644813F0A8FE98
:1082A00094F8D732AB421ADA614813F0A1FE94F881
:1082B000C63213F0010FE7D15E4813F099FE204655
:1082C000FDF708FCC4F8A0010028E1DB0A2DE4D189
:1082D00094F8C53213F0080FDFD10825DDE702233B
:1082E00084F8DC32544813F083FE94F8C63213F05D
:1082F000010F12D1032384F8DC32504813F078FECA
:10830000042384F8DC324E4813F072FE94F8C8322D
:1083100013F0100F05D0012061E7204608F0D0F8D7
:108320005DE7052384F8DC32464813F061FE94F8DB
:10833000C63213F0010F4DD194F8C53213F0080F77
:1083400009D12046FBF712FBC4F8A001002845D153
:108350003D4813F04DFE062384F8DC323B4813F011
:1083600047FE94F8CA3213F0010F3CD0072384F87B
:10837000DC32374813F03CFE2046F8F7D7F9C4F852
:10838000A001C8BB334813F033FE082384F8DC3265
:10839000314813F02DFE2046F8F7B8FAC4F8A001D2
:1083A00078BB2E4813F024FE092384F8DC322C48D5
:1083B00013F01EFE94F8D732092B57D82046FDF74C
:1083C00089FBC4F8A0010028F4DA13F05DFE4FF039
:1083D000FF3004E7204608F073F800E713F054FE7E
:1083E0004FF0FF30FBE61F4813F002FE1E4BC4F8AF
:1083F000A0314FF0FF30F2E613F046FE4FF0FF30B1
:10840000EDE613F041FE4FF0FF30E8E6DC9404089F
:10841000F094040800950408ECAF0408A8FEFFFFE0
:108420003C9504087095040894950408E4950408A4
:10843000B8950408D4950408F8950408149604081F
:1084400038960408589604087C9604089896040800
:10845000E496040808970408249704084897040839
:1084600058970408BC96040886FEFFFF0A2384F888
:10847000DC321C4813F0BCFDD4F894302BB1D4F896
:10848000981020469847002816DB94F8C63213F05F
:10849000020F04D194F8C93213F0200F14D0012137
:1084A0002046F6F757FA0023C4F8A03101210E4800
:1084B00013F0CAFD012092E6C4F8A0010B4813F0A6
:1084C00097FD4FF0FF308AE62046F6F71DFCE6E701
:1084D000074813F08DFD4FF0FF3080E66FF0AC00E1
:1084E000704700BF78970408F09404089C9704082C
:1084F000C4970408002800F03B8210B5044690F8A9
:10850000C63213F0010F44D1B94813F07FFD0022A9
:1085100021682046F6F714F800283CD194F8C432BC
:1085200013F0300F38D1D4F86031002B3CD01B68E9
:10853000002B39D0D4F86431002B41D01B68002BBC
:108540003ED0D4F80031002B49D02046F6F792FCFB
:10855000002860D1D4F8B831002B3DD194F8CC324A
:10856000D3BB94F8DD22131FDBB20A2B37D840F2BD
:10857000777121FA03F313F0010F30D0013284F840
:10858000DD229C4813F034FD00212046F6F7E2F985
:1085900025E008F045F910BD9748C4F8A00113F094
:1085A00073FD4FF0FF30F6E7944813F021FD6FF4B0
:1085B0009E70C4F8A00113F067FD4FF0FF30EAE7AA
:1085C0008F4813F015FD6FF49E70C4F8A00113F0EE
:1085D0005BFD4FF0FF30DEE78A4813F009FD2046CF
:1085E000F8F70AFCF0B994F8DD32102B00F2BA81EA
:1085F000DFE813F01F00B8013500B80141004F005B
:108600006700B80179009000A600B80020013D0184
:108610004E015A018C01C4F8A00113F035FD4FF052
:10862000FF30B8E7C4F8A00113F02EFD4FF0FF3083
:10863000B1E794F8D8320B2B0BD82046FDF74AFA55
:10864000C4F8A0010028F4DA13F01EFD4FF0FF304B
:10865000A1E7022384F8DD326B4813F0C9FC94F8DB
:10866000C63213F0010F40F09280042384F8DD320B
:10867000664813F0BDFC2046FBF7F8FCC4F8A001E7
:10868000002840F08880052384F8DD32604813F02C
:10869000AFFC94F8C63213F0010F40F0818094F8DB
:1086A000C53213F0080F06D12046FDF7D3FAC4F8FF
:1086B000A001002878D1062384F8DD32554813F054
:1086C00097FC94F8C53213F0080F06D12046F8F74E
:1086D000A1FAC4F8A00100286BD1082384F8DD3288
:1086E0004D4813F085FC94F8C63213F0010F65D1A4
:1086F00094F8C53213F0080F06D12046FDF7AAFE04
:10870000C4F8A00100285DD1092384F8DD32434874
:1087100013F06EFC94F8C53213F0080F0AD194F8E8
:10872000C43213F0400F52D194F8CA3243F001031F
:1087300084F8CA320A2384F8DD32394813F058FC31
:1087400094F8C53213F0080F06D12046FBF764FFFA
:10875000C4F8A001002846D10B2384F8DD3231484B
:1087600013F046FC94F8C53213F0080F5CD194F86E
:10877000D8320E2B58D82046FDF7ACF9C4F8A0012A
:108780000028F4DA13F080FC4FF0FF3003E72046B6
:1087900008F046F8FFE613F077FC4FF0FF30FAE6FA
:1087A000204608F03DF8F6E613F06EFC4FF0FF307F
:1087B000F1E613F069FC4FF0FF30ECE6204608F0DC
:1087C0002FF8E8E613F060FC4FF0FF30E3E62046B8
:1087D000F8F738F9C4F8A0010028ABD013F054FC26
:1087E0004FF0FF30D7E613F04FFC4FF0FF30D2E6EA
:1087F000E097040838980408A8FEFFFFF0970408E3
:108800001498040870980408A4980408CC980408E4
:10881000F4980408149904082C9904084C99040845
:108820006C990408889904080C2384F8DD325248B6
:1088300013F0DEFBD4F8C43223F03F4323F47F036C
:1088400023F4764323F0BF03402B42D094F8C53283
:1088500013F0080F05D194F8CA3243F0010384F8ED
:10886000CA320D2384F8DD32444813F0C1FB94F87A
:10887000CA3213F0010F33D02046F7F757FFC4F880
:10888000A00198BB0E2384F8DD323D4813F0B0FB05
:108890002046F8F73BF8C4F8A00160BB0F2384F82A
:1088A000DD32384813F0A4FB94F8C53213F0080FFA
:1088B00026D094F8D8320E2B22D82046FDF70AF99C
:1088C000C4F8A0010028F4DA13F0DEFB4FF0FF300B
:1088D00061E694F8CA3243F0010384F8CA32B5E77E
:1088E000294813F085FB4FF0FF3054E613F0CCFB22
:1088F0004FF0FF304FE613F0C7FB4FF0FF304AE672
:10890000102384F8DD32214813F072FBD4F8943040
:108910002BB1D4F8981020469847002816DB94F81D
:10892000C63213F0020F04D194F8C93213F0200FAD
:1089300014D001212046F6F70DF80023C4F8A03129
:108940000121134813F080FB012024E6C4F8A001A4
:10895000104813F04DFB4FF0FF301CE62046F6F7B1
:10896000D3F9E6E70C4813F043FB4FF0FF3012E673
:108970004FF0FF30704700BFA8990408D099040851
:10898000149A0408389A0408EC9904085C9A0408BC
:10899000E09704089C970408849A040838B50446B4
:1089A0001B4813F033FB84B394F8C43213F0300F38
:1089B0000DD04FF0FF3594F8C43203F03003102B84
:1089C00014D02946124813F03FFB284638BDB4F8AE
:1089D000CE01F4F72CFC20B1204607F021FF05461C
:1089E000E9E72046FFF786FD0546E4E7B4F8CE0147
:1089F000F4F71DFC20B1204607F062FD0546E0E7D4
:108A00002046FFF7A3FB0546DBE74FF0FF35DCE729
:108A1000A09A040838B52D4813F0F8FA2C4B1B68BF
:108A2000012B0BD02B4B1B68002B12DD294B1A6836
:108A3000013A1A601B6833B300240BE0264820F08B
:108A4000B9F90028EED0254813F0D2FA6FF0690486
:108A500017E000241E4B1B68012B16D0002C33D0CE
:108A60001B4B1D68012D14D0194B00221A6020F0F9
:108A700053F9B8B91A4B1B68012B1BD0184B0022B5
:108A80001A60204638BD0124E4E7134820F09EF91F
:108A9000E4E7114820F08CF908B92C46E4E76FF0C0
:108AA0006904E1E70F4813F0A3FA012CE2D16FF05B
:108AB000F004DFE70C4820F07BF90028DED0012C21
:108AC000DCD16FF06904D9E70124DAE7B49A04082D
:108AD0001C3201202432012020320120C49A0408D3
:108AE00028320120DC9A04082C32012010B52448D9
:108AF00013F08CFA234B1B6833B9234820F026F976
:108B0000A8B9204B01221A601F4820F053F9A0B9E0
:108B10001E4B1B68BBB11D4A13680133136001244F
:108B2000194820F053F9012C27D1204610BD1848D0
:108B300013F05EFA6FF06904F7E7164813F058FA7D
:108B40006FF06904F1E720F015F938B9124820F008
:108B5000FDF860B9114B01221A60DCE7104813F0F0
:108B600047FA6FF0E304094B01221A60D8E70D4879
:108B700013F03EFA6FF06904F5E7FFF74BFFD4E717
:108B8000009B04081C3201202032012024320120E5
:108B9000109B0408C49A04082C32012028320120BA
:108BA000289B04083C9B040870B504460D461D48EC
:108BB00013F02CFA1C4B1B688BB184B3A82013F064
:108BC0007DFA064620B32A462146F4F72BFD0028FD
:108BD00016DB0021134813F037FA304670BDFFF75B
:108BE00085FF0128E9D0114813F002FA00210D4851
:108BF00013F02AFA14B1204613F06CFA0026ECE7C1
:108C00000B4813F0F5F93046FEF7C0FF0026E0E709
:108C1000084813F0EDF9204613F05CFAD9E7264630
:108C2000DBE700BF509B040824320120649B04084A
:108C3000789B0408889B040808B50021FFF7B4FF5F
:108C400008BD000010B570B1044690F8383113B17A
:108C500090F858336BB194F83931ABB994F83A3194
:108C6000EBB9012010BD1A4813F0C2F96FF0AC0047
:108C7000F8E7184813F0BCF904F5B0700DF07BFB71
:108C8000002384F83831E6E7134813F0B1F904F50E
:108C9000BA700DF070FB002384F83931DEE70F481D
:108CA00013F0A6F9D4F864211368926803E0002257
:108CB00003F8012B0A46511E002AF8D104F5B270C0
:108CC0000DF059FB002384F83A310120CAE700BFB8
:108CD000A89B0408BC9B0408CC9B0408E49B0408E4
:108CE000F0B5E3B004460D467D4813F08FF9002C33
:108CF00000F0F1802946D4F8C002FEF7CBFCC4F89E
:108D0000C00210F0005F1AD1D4F8C03213F0006F27
:108D100020D1D4F8C03213F0806F26D1D4F8C032FD
:108D200013F4005F2CD1D4F86C5194F8C43203F0E2
:108D30003003302B2FD1D4F8C00263B0F0BD6948A6
:108D400013F056F994F8CF31042BDDD1032384F8C6
:108D5000CF31D9E7644813F04BF994F8CF31032BA6
:108D6000D7D1022384F8CF31D3E7604813F040F91C
:108D700094F8CF31022BD1D1012384F8CF31CDE744
:108D80005B4813F035F994F8CF31012BCBD1002398
:108D900084F8CF31C7E72046F4F7A8FD002840F05B
:108DA0009C80606890F8563113F0010F26D194F83A
:108DB000C732C3F34006C3F3800703F0010CC3F3CB
:108DC000C00294F8C912C1F3C00194F8C432C3F3CD
:108DD00001130B9301230A930993089307930691B8
:108DE00005920493CDF80CC00297019600220092E0
:108DF0002A46B4F8CE11F4F79FFD9CE794F8C752C9
:108E0000C5F3C0050CAE4FF4AC720021304621F022
:108E1000F7F994F8C432C3F301130B9301230A93B7
:108E200009930893079306930595049303930025EC
:108E30000295019300932A46B4F8CE113046F4F718
:108E40007BFD2E4601E00235ADB263681A88AA4266
:108E500017D96F1CDA192B44127919790CA8FBF772
:108E6000E3F80028EFDB63685A19127933441A716A
:108E70006368711C1F443A790B441A710236B6B20A
:108E8000E1E71E800026354601E00235ADB2636899
:108E90005A88AA421DD96F1CDA192B4492F8302146
:108EA00093F830110CA8FEF74FFC0028EDDB636847
:108EB0005A1992F83021334483F830216368711CC9
:108EC0001F4497F830210B4483F830210236B6B2A4
:108ED000DBE75E802FE700202FE700202DE700BFB3
:108EE000F49B0408089C04081C9C0408309C04089B
:108EF000449C040810B50446044813F087F814B1E4
:108F0000D4F8C00210BD0020FCE700BF589C040844
:108F100038B50446074813F079F82C2013F0CEF842
:108F2000054620B12C22002121F06AF96C62284606
:108F300038BD00BF6C9C040810B50446034813F00C
:108F400065F814B1204613F0C5F810BD8C9C0408D8
:108F500000E0806810B103788B42FAD170470000BE
:108F600090F8D132132B0CD00CD3D02B0AD8C02BB5
:108F700008D34033DBB2064A22FA03F313F0010FA1
:108F800000D070474B7843F008034B70F9E700BFFF
:108F9000011001000346022002E05B68023080B24B
:108FA000002BFAD170470346012002E05B680130D4
:108FB00080B2002BFAD1704703460220ABB100B556
:108FC0001A8801EB000C4FEA122E01F800E08CF831
:108FD0000120023080B25B68002BF1D1831EC3F305
:108FE00007220A704B705DF804FB831EC3F307224F
:108FF0000A704B7070470346012006E0421C93F84C
:1090000000C001F800C05B6890B2002BF6D1431E8F
:109010000B70704790F8C63213F0020F0DD04FF06E
:10902000FD0CFC2301290CD0022901D0062920D1F6
:10903000138802331380002070474FF0030C042381
:10904000F0E700B590F8DBE29E4510D9002190F8DA
:10905000C53213F0040F02D0F44500D30131138858
:1090600003EB41030133138000205DF804FB012171
:10907000EDE70148704700BF76FEFFFF012A0ED0E2
:10908000022A01D0062A3AD190F8CE210A7090F82F
:10909000CF214A701A8802321A800020704700B52A
:1090A0000268126892F800E00A464FF0000C02F8DD
:1090B00001CB90F8DBC2BCF1040F08D802220A7081
:1090C00081F801E0CA1C4FF0040C81F802C090F84E
:1090D000C5C21CF0040F0AD090F8DB02032806D8A2
:1090E00008780230087082F800E003205070188879
:1090F0000A78024401321A8000205DF804FB01481E
:10910000704700BF76FEFFFF83884BB90268536843
:109110001BB15888023080B2704713681B6CF8E7A7
:10912000981C80B27047000012F0010332D170B574
:109130000024A0F80E4306E09EF800E0BEF1080F00
:1091400016D002339BB2934222D29C4601EB030E0F
:10915000CC5C082CF0D19EF80140062CECD8B0F87D
:109160000E53012606FA04F42C43A0F80E43E3E75D
:109170008C449CF80140082CE3D90B2CE1D8B0F8C2
:109180000E53012606FA04F42C43A0F80E43D8E748
:10919000002070BD00487047B8FEFFFFB0F8100314
:1091A000023080B270476FF0AD0070476FF0AD00D5
:1091B0007047062916D00346012911D00020ABB113
:1091C00010B406E09B69184480B2043080B21346A4
:1091D00052B15A6A0129F5D05C69002CF2D1F6E748
:1091E0000220ECE70220704710BC70477047000077
:1091F00000487047AAFEFFFF08B5C26802F10803E5
:109200005268FFF7F5FF08BD00487047AAFEFFFF50
:1092100008B5C26802F108035268FFF7F5FF08BD00
:10922000172806D0B0F5807F01D0002070470120BC
:1092300070470120704710B490F80C437CB100F5E2
:109240003E7C0020844207D93CF810208BB29A4221
:1092500006D00130C0B2F5E74FF0FF3000E000204B
:1092600010BC70470088362821D836284DD8DFE852
:1092700000F01C534C2C4C534C4C4C4C2E304C326C
:10928000344C36384C3A3C4C4C4C4C4C4C4C4C4C82
:109290004C4C4C4C4C4C4C4C4C4C4C3E4C4C404232
:1092A0004C444C4C46484C4C4A00042070474FF606
:1092B000017398422BD04FF6A573984229D04FF6F0
:1092C0000D63984227D10120704702207047022089
:1092D000704701207047022070470320704702202A
:1092E0007047072070470120704701207047022017
:1092F0007047032070470120704703207047022009
:1093000070470120704701207047002070470120FE
:10931000704700207047002070470088362824D806
:1093200003B2002B41D0431E352B1CD8DFE803F0DD
:10933000401B1B1B1B1B1B1B1B23251B27291B2B1C
:109340001B1B2D2F1B1B1B1B1B1B1B1B1B1B1B1B47
:109350001B1B1B1B1B1B1B1B311B1B331B1B351B15
:109360001B37391B1B3B002070474FF60173984297
:109370001DD1012070470220704701207047022054
:10938000704703207047022070470120704701207A
:109390007047022070470320704703207047022067
:1093A000704701207047012070470020704700205F
:1093B0007047000010B588B00F9C07940E9C06946F
:1093C0000D9C05940C9C04940B9C03940A9C0294A1
:1093D00016240194024C009412F0DCFC08B010BD7D
:1093E00070CE04082DE9F04399B086460F469046AA
:1093F0009946209D219C08AEB44628686968AA68F1
:10940000EB68ACE80F0028696969AA69EB69ACE808
:109410000F0020686168A268E368ACE80F0020696B
:109420006169A269E369ACE80F00259B0793249B5F
:109430000693239B0593229B049340230393029658
:109440000D230193054B00934B4642463946704627
:1094500012F0A0FC19B0BDE8F08300BF50CE0408A4
:109460002DE9F04399B086460F4690469946209DD7
:10947000219C08AEB44628686968AA68EB68ACE825
:109480000F0028696969AA69EB69ACE80F002068D8
:109490006168A268E368ACE80F0020696169A269AD
:1094A000E369ACE80F00259B0793249B0693239B5D
:1094B0000593229B04934023039302960D2301936B
:1094C000054B00934B4642463946704612F062FC0B
:1094D00019B0BDE8F08300BF60CE040870B5044643
:1094E0000D4603685E68A6B1A388ABB973881A0AF3
:1094F0002A706B70728806F59871A81CE7F7F0FA6D
:1095000076883246A91C2068FFF70EFEB01C80B298
:1095100070BD1B681E6CE7E71A0A2A706B70A28880
:10952000A11DA81CE7F7DCFAA688EAE72DE9F041BF
:1095300005460E46062A04D09046012A28D000206F
:109540001DE003881A0A0A704B70022025E02B8860
:109550003218190A31545370831C9BB2AA69F1184E
:10956000C2F30724F4544A70041DA4B2AA696969BD
:109570003019E7F7B5FA2B8B234498B23D464DB12D
:109580006F6AB8F1010FE2D06B69002BDFD1F5E70C
:109590000220F4E7B8F1010F01D0BDE8F081831E8D
:1095A000C3F3072232707370F7E710B5044608461C
:1095B000B4F810331A0A0A704B70B4F8102304F28E
:1095C00012310230E7F78CFAB4F81003023080B29F
:1095D00010BD0000F8B5069E33B30746032A25D90F
:1095E00012F0010F24D10B784D7845EA03258C1C2D
:1095F000AB1C9A421ED1738813F0010F1CD17580E9
:10960000262D0BD87288214606F59870E7F768FA80
:109610002A4621463846FFF787FDF8BD074812F075
:10962000E7FC26237380EDE70548F6E70448F4E7F6
:109630000348F2E70248F0E70148EEE7A89C040877
:10964000B8FEFFFF13B338B50546032A20D912F040
:10965000010F1FD108784B7843EA00238C1C991C1A
:109660008A4219D1A5F81033262B08D8B5F8102353
:10967000214605F21230E7F733FA002038BD0748DB
:1096800012F0B6FC2623A5F81033EFE70448704724
:109690000348F3E70248F1E70148EFE7A89C040814
:1096A000B8FEFFFF38B505460C46142012F006FD43
:1096B000034620B10580446000220273026118460F
:1096C00038BD60B138B50C460546082012F0F6FCEE
:1096D000286038B104802B680020586038BD6FF0D6
:1096E000AC0070476FF07C00F8E788B108B50388DC
:1096F0008B420BD043682BB11846002BF7D16FF08B
:10970000AC0008BD0430FFF7DCFFFAE70020F8E703
:109710006FF0AC00704760B138B50C4605460820C4
:1097200012F0CCFC286038B104702B68002058601F
:1097300038BD6FF0AC0070476FF07C00F8E788B17F
:1097400008B503788B420BD043682BB11846002B29
:10975000F7D16FF0AC0008BD0430FFF7DCFFFAE78B
:109760000020F8E76FF0AC007047F8B504460F46EC
:109770001E46282012F0A2FC78B1054628220021BE
:1097800020F03EFD2F8001E002F124042268002A2F
:10979000FAD1256035600020F8BD6FF07C00FBE752
:1097A00058B110B5044603781BB9406808B112F0EF
:1097B00091FC204612F08EFC10BD704738B50D4666
:1097C00004E084682946FFF7EBFF20460028F8D123
:1097D00038BD38B110B5446812F07CFC2046002C2E
:1097E000F9D110BD704738B110B5446812F072FC61
:1097F0002046002CF9D110BD704738B5022400E096
:10980000284660B185680334A4B20378002BF7D1F1
:109810004068E7F715FA14FA80F4A4B2F0E720469E
:1098200038BD00002DE9F04F85B004460E46934642
:109830009A460023ADF80E30012A0BD00D2A06D02F
:109840004FF000095FFA89F9002301933EE04FF0E1
:109850000109F7E74FF00109F4E7854812F0C8FB6A
:1098600045E03F2543E0824812F0C2FB49E03F2536
:1098700047E0B9F1000F0CD06068FFF7BEFF2B186E
:10988000ADF80E3005E06068FFF784FB2B18ADF8EB
:109890000E3025884FF601739D4200F0D6803E2D94
:1098A00000F2CF8005F00705012303FA05F5EDB2BC
:1098B00024884FF601739C4200F0CD803E2C00F2CC
:1098C000C680E408335D2B4333553C46002C00F042
:1098D000C4802769B9F1000F02D1237B002BF4D09B
:1098E00025884FF601739D42BBD03E2DB5D8ED08BB
:1098F00016F8058025884FF601739D42B7D03E2D9E
:10990000B1D805F007050123AB4013EA080FDCD1FD
:10991000BDF80E500435ADB2ADF80E502388332B90
:10992000B7D801A252F823F0739801089398010860
:109930009398010893980108939801089398010857
:109940009398010893980108939801089398010847
:1099500087980108F999010893980108079A010866
:109960009398010893980108939801089398010827
:109970009398010893980108939801089398010817
:109980009398010893980108939801089398010807
:1099900093980108939801089398010893980108F7
:1099A00093980108939801089398010893980108E7
:1099B00093980108939801089398010893980108D7
:1099C00093980108939801089398010893980108C7
:1099D00093980108259A0108939801089398010823
:1099E00093980108939801089398010893980108A7
:1099F000359A0108159A01086068FFF7D4FA2B1808
:109A0000ADF80E3045E76068FFF77EFB2B18ADF828
:109A10000E303EE759466068FFF7CBFB2B18ADF8D8
:109A20000E3036E70DF10E0259466068FFF7F2FA84
:109A300001902EE76068FFF7B1FB0544ADF80E50CA
:109A400027E70B4812F0D4FA2CE73F252AE708480D
:109A500012F0CEFA35E73F2433E7BAF80030BDF80C
:109A60000E201344AAF80030019805B0BDE8F08F2D
:109A7000D49C04082DE9F84305460F46022401E072
:109A800034464546E5B1D5F80880661CB6B22B7859
:109A90003B55002BF4D16868E7F7D2F81FFA80F93C
:109AA000BB19C0F30722BA5558700334A4B24A4612
:109AB00069683819E7F714F8A1441FFA89F6DFE757
:109AC000A31EC3F307223A707B702046BDE8F883DB
:109AD0002DE9F04F85B004460E4617461A4601930D
:109AE0000023ADF80E30012A0BD00D2A06D04FF01E
:109AF000000A5FFA8AFA4FF0000B42E04FF0010AC9
:109B0000F7E74FF0010AF4E7C24812F071FA4AE0B1
:109B10003F2548E0BF4812F06BFA4EE03F254CE08D
:109B20004FF60172934202D1BB4812F061FABDF8C0
:109B30000E305B1B023D7219C3F307217155537040
:109B400025884FF601739D4200F051813E2D00F2B1
:109B50004A8105F00705012303FA05F5EDB22488D3
:109B60004FF601739C4200F048813E2C00F2418187
:109B7000E4083B5D2B433B55BBF1000F40F03F81B8
:109B80004446002C00F03B81D4F81080BAF1000F5D
:109B900002D1237B002BF3D025884FF601739D4221
:109BA000B6D03E2DB0D8ED0817F8059025884FF6B1
:109BB00001739D42B2D03E2DACD805F007050123BC
:109BC000AB4013EA090FDBD12388BDF80E20B11892
:109BD000180AB0544B70BDF80E500435ADB2ADF854
:109BE0000E502388332B9BD8332BA0D801A252F8D8
:109BF00023F000BFC59C0108F39C01082F9B0108BE
:109C0000EB9C0108039D0108479D01082F9B01085B
:109C10002F9B01082F9B01082F9B01080B9D01081A
:109C2000299D01082F9B01086F9D01082F9B0108AA
:109C30002F9B0108679D0108539D01082F9B010878
:109C40002F9B01082F9B01082F9B01082F9B0108C8
:109C5000FB9C01082F9B01082F9B01082F9B0108EB
:109C60002F9B01082F9B01082F9B01082F9B0108A8
:109C70002F9B01082F9B01082F9B01082F9B010898
:109C80005F9D01082F9B01082F9B01082F9B010856
:109C90002F9B01082F9B01082F9B01082F9B010878
:109CA000AD9D01082F9B01082F9B01082F9B0108E8
:109CB0002F9B01082F9B01082F9B0108C99D0108BC
:109CC0008D9D0108BAF1000F3FF431AF534812F0F7
:109CD0008FF9BDF80E1031446068FFF7CBFEBDF878
:109CE0000E300344ADF80E3021E74D4812F080F9F4
:109CF0001DE74C4812F07CF919E74B4812F078F94F
:109D000015E74A4812F074F911E7494812F070F962
:109D1000BDF80E1031446068FFF74EF9BDF80E3003
:109D20000344ADF80E3002E7424812F061F9BDF885
:109D30000E1031446068FFF75EF9BDF80E30034441
:109D4000ADF80E30F3E63C4812F052F94FF0000B3C
:109D5000EDE63A4812F04CF94FF0000BE7E63848D0
:109D600012F046F9E3E6374812F042F9DFE63648EA
:109D700012F03EF9BDF80E1031446068FFF7AEFBFB
:109D8000BDF80E300344ADF80E30D0E62F4812F087
:109D90002FF9BDF80E10019A31446068FFF7C6FB39
:109DA000BDF80E300344ADF80E30C0E6284812F07E
:109DB0001FF9BDF80E100DF10E03019A31446068D1
:109DC000FFF75CF98346B2E61F4812F011F9BDF8BF
:109DD0000E1031446068FFF7E8FBBDF80E30034415
:109DE000ADF80E30A3E60B4812F002F9B1E63F25BC
:109DF000AFE6084812F0FCF8BAE63F24B8E60E9B3E
:109E00001B88BDF80E2013440E9A1380584605B0E7
:109E1000BDE8F08FD49C04085C9E0408089D0408EB
:109E2000209D04084C9D0408749D04088C9D040822
:109E3000B09D0408D49D0408F89D0408289E0408D9
:109E4000849E0408A89E0408C09E0408E89E040896
:109E5000089F0408F8B505460F461646102012F074
:109E60002DF9044690B1057000238360437303739A
:109E70009DB9701C12F022F90546606040B132466F
:109E8000394620F047FA636800229A552046F8BD0B
:109E9000204612F01FF92C46F8E712F01BF90024B7
:109EA000F4E72DE9F04106468846154600200746AE
:109EB00020E00EF003F809E06468A4B12B88B4F840
:109EC00000C06345F8D1B3F5807FF2D048B1436854
:109ED000B6F8E2229342EFD3B6F8E4229342EBD8ED
:109EE00001E06FF0AC0777B91CB12A8823889A4249
:109EF00009D06D683DB12B88A3F580739BB2FF2B11
:109F0000F7D84446D9E7E7B9DDB1D0B10368C6F860
:109F10003C314368C6F840318368C6F84431C368B1
:109F2000C6F848312B88A6F8F63296F8CA3223F0E4
:109F3000040386F8CA3296F8C73243F0020386F863
:109F4000C7323846BDE8F0812DE9F04383B0CF68D1
:109F50000B88B3F5807F2DD106460C460DF0AEFF81
:109F6000814638B3D0F80480636933B3E36923B31F
:109F70000025A269424572D122691D2A7FD117B1FD
:109F800038460DF0BBFFE06808B112F0A3F80023DB
:109F9000E3605DB1E06908B112F09CF80023E36171
:109FA000606908B112F096F800236361284603B097
:109FB000BDE8F0836FF0AC05F8E7E368E3B1002596
:109FC0006369002B39D0002DD9D1E369002B3DD036
:109FD000C4F8188023461D2243F8102F04F11802FC
:109FE000019262690092E26939463046F4F730F82E
:109FF00005460028C3D1BCE74FF4126012F05EF8AA
:10A00000E06000284BD0D6F85C23D6F888100DF01D
:10A0100059FF05460028B2D1E768D9F80010D9F8F1
:10A020000420D9F80830D9F80C00009038460EF01A
:10A030002DF805460028A2D1C2E7404612F03EF8AE
:10A0400060610028BFD16FF07C0598E71D2012F0F9
:10A0500035F8E0610028BBD16FF07C058FE76169BE
:10A06000A8EB0200084420F04FF8A269A8EB020216
:10A070000021606920F0C4F8C4F818807CE7E16929
:10A08000C2F11D00084420F03FF82269C2F11D0210
:10A090000021E06920F0B4F81D2323616FE76FF021
:10A0A0007C0583E7F8B5CD680B88172B68D1064689
:10A0B0000C46BDB100276369002B44D0002F4ED061
:10A0C000606908B112F006F80023636115B12846F3
:10A0D0000FF09CFAE06808B111F0FCFF0023E36088
:10A0E0003846F8BD4FF4446011F0E8FFE060E8B195
:10A0F000D6F85C23D6F888100FF067FA07460028D8
:10A10000DED1202121614123A361E5680722284691
:10A110000EF0D6FF07460028D2D12A4629463046FF
:10A12000F3F766FF07460028CAD1C4E7D6F88820AF
:10A130004FF44461144811F03DFF144811F058FFEA
:10A140006FF07C07CCE7A06911F0B8FF60610028D0
:10A15000B4D10F4811F04CFF6FF07C07B0E72646F2
:10A1600056F8182F0021606920F04AF832466169DC
:10A17000284611F0DBF80028B2D0A7F5B1779FE7A9
:10A180006FF0AC07ACE700BF309F04085C9F040889
:10A19000789F040838B5044617E0E0680DF0AEFE7D
:10A1A000E06808B111F096FFE06908B111F092FF84
:10A1B000606908B111F08EFF606810B111F08AFF7C
:10A1C00014B1204611F086FF2C4674B1656A2288CE
:10A1D000A2F580739BB2FF2BDFD91D2AE0D01E2A87
:10A1E000DED0E0680FF012FADAE738BD2DE9F0436F
:10A1F00087B0CE680B88B3F5807F48D105460C4602
:10A200000DF05CFE8046002841D0D0F80490E36851
:10A21000002B3ED0A5F8E6926168EB68002205921B
:10A22000049203F1080203925B680293A36801930E
:10A2300000912369E26931462846F3F72BFF074670
:10A2400028B9B5F8E612EB689A68914241D816B180
:10A2500030460DF053FEE06808B111F03BFF0023DB
:10A26000E360E06908B111F035FF0023E361606944
:10A2700008B111F02FFF00236361606808B111F08D
:10A2800029FF00236360384607B0BDE8F0831B4F09
:10A29000F9E74FF4126011F011FFE06058B3D5F800
:10A2A0005C23D5F888100DF00DFE07460028CED1AE
:10A2B000E668D8F80010D8F80420D8F80830D8F8A4
:10A2C0000C00009030460DF0E1FE07460028BED19C
:10A2D000A0E7A1EB0208596801EB08001FF014FF8A
:10A2E000EB684246002158681FF08AFFEB68B5F81A
:10A2F000E6229A60ABE76FF07C07C4E7AAFEFFFF97
:10A300002DE9F04385B01F46CE680B88172B71D11D
:10A3100004460D469146D0F8480348B10FF076F94F
:10A32000D4F8480308B111F0D5FE002384F8453372
:10A330004FF4446011F0C2FEC4F8480350B3D4F89F
:10A340005C23D4F888100FF040F9804640B3D4F86D
:10A35000480358B10FF05AF9D4F8480308B111F086
:10A36000B9FE0023C4F8483384F84533E86838B1AF
:10A370000FF04CF9E86808B111F0ACFE0023EB6077
:10A38000686808B111F0A6FE00236B60404605B076
:10A39000BDE8F083194811F02BFE6FF49778D6E7EB
:10A3A0000723D4F84823A968686811F061F8D8B980
:10A3B000D4F848231369DB6AC4F83C33012384F8DA
:10A3C0004533A6B194F8C432C3F301130393029743
:10A3D000CDF8049005F1080300936B6831462046E0
:10A3E000F3F7E8FD8046B2E7DFF81480AFE76FF0DF
:10A3F000AC08ACE7DFF80880C8E700BF909F04080E
:10A40000A0FEFFFF08B5C26802F108035268FFF71B
:10A4100077FF08BD08B5C3689A6812B94FF4C072D7
:10A420009A600A88A2F580739BB2FF2B06D91D2A79
:10A4300007D01E2A08D1FEF7EBFE01E0FFF7D6FE9B
:10A4400008BDFEF7D9FEFBE7FFF7DCFFF8E70000E9
:10A4500018B370B50E461446054609B31AB313680F
:10A46000232B23D9F2F7D5FE10B92423236070BD26
:10A4700095F8DC31042B05D9082B03D02423236065
:10A480000020F4E7286F3146403015F04FF82022C5
:10A4900022600028EBD00748E9E76FF0AC00704776
:10A4A0006FF0AC00E3E76FF0AC00E0E76FF0AC00FA
:10A4B000DDE700BFC0FEFFFF2DE9F04192B004468A
:10A4C0000E4615462422119208AF002138461FF08F
:10A4D00097FE11AA39462046FFF7BAFF00283DD162
:10A4E0000422204928461FF0D9FE68B304221E49E1
:10A4F00028461FF0D3FE08BBDFF87080E568A5355D
:10A50000119F2046F2F785FE94F8DC31D4F85C23E5
:10A510000792D4F88820069205930490039708AC1C
:10A5200002940F230193CDF8008030232A460C219A
:10A53000304611F02FFC119A23460CE00C4811F024
:10A5400057FD6FF0AC0009E0DFF82880D6E7002265
:10A5500003F8012B0A46511E002AF8D112B0BDE8BB
:10A56000F08100BFB0CE0408A8CE040888CE04084D
:10A57000A89F040898CE040882B003238DF8003009
:10A5800004238DF80130BDF80030ADF80430002010
:10A590009DF8043063F307009DF8053063F30F2046
:10A5A00002B070472DE9F04387B0044690F8DF1100
:10A5B000B0F8D2311944B0F8D43119444D00E0203C
:10A5C00011F07CFD60B30746E66806F1A50806F1C8
:10A5D000340914362046F2F71CFE94F8DC31D4F826
:10A5E0005C230592D4F8882004920393029001968C
:10A5F000CDF800903023424629463846FEF7F2FE59
:10A60000054630B1384611F065FD284607B0BDE873
:10A61000F083032239462046FCF7E9FF0546F1E7BF
:10A620006FF07C05F1E72DE9F04389B0044690F81E
:10A63000C93213F0020F41D02420079011F03EFDE3
:10A64000064670B1242200211FF0DAFD07AA314628
:10A650002046FFF7FDFE054630B1304611F03AFDC9
:10A660004BE06FF07C0549E0E36803F1A5055F6806
:10A67000D3F80880DDF81C902046F2F7CAFD94F864
:10A68000DC31D4F85C230592D4F88820049203933B
:10A690000290CDF80490009643463A463021284671
:10A6A000FEF788FE0546079A334603E0002203F8CA
:10A6B000012B0A46511E002AF8D1CEE7C56805F1E4
:10A6C000A5066F68D5F8088005F114093435F2F74E
:10A6D000A0FD94F8DC31D4F85C230592D4F88820EE
:10A6E0000492039302900195CDF8009043463A46B8
:10A6F00030213046FEF7B4FE05461DB1284609B0AC
:10A70000BDE8F0832046FFF74DFF0546F6E708B5A4
:10A710006E220221F6F78CFB6FF4D67008BDF8B5F7
:10A7200006460C4601F10807384611F0C7FC0546FD
:10A7300028B13A4600211FF063FD2E60AC80284608
:10A74000F8BD18B108B511F0C5FC08BD704708B5D3
:10A750000A88A2F580739BB2FF2B06D91D2A07D069
:10A760001E2A08D1FEF722FD01E0FFF7EDFB08BD30
:10A77000FEF719FDFBE7FFF795FCF8E700E000693D
:10A7800010B103888B42FAD1704708B5D0F868033E
:10A79000FFF7F4FF08B10122027308BD2DE9F04F65
:10A7A00083B006460D4617469846D0F83C93CC2910
:10A7B0001FD005F14003DBB2102B00F2E080744A99
:10A7C00022FA03F313F0010F00F0DD800A21D6F81E
:10A7D0006803FFF7D3FF002800F0D780446849469C
:10A7E0000020024601904FF0500C0346E246864698
:10A7F00023E0AB2A06D8AA2A80F0BF80152AD8D138
:10A800000120BDE0AD2AD4D10120B9E019B9B6F8D4
:10A810005003202829D013B1BCF1200F07D9B6F876
:10A820005003202803D84FF0200C40F20E23C02DF7
:10A830001ED0CC2D57D001206468002C74D0002A83
:10A8400072D1B4F800B0BBF1170FF5D1BEF1000F13
:10A85000DCD1B6F850032028D8D8BAF1200FD5D9CA
:10A860004FF0200A40F20E2ED0E740F20E21D2E740
:10A87000302F1BD8072F32D3F81F292831D8DFE813
:10A8800000F01C1C1C1C30303030303025252525B4
:10A8900030303030303030303030303030301C1CE0
:10A8A0003030252530301C1C3030252507F1520072
:10A8B000C0B2012801D90122BBE740F20E20814538
:10A8C00008BF42F0010201200190B2E740F20E20E1
:10A8D000814508BF42F0010201200190A9E7012251
:10A8E000A7E70122A5E7A82F12D006D8132F0FD073
:10A8F000142F04D0012002469EE7A92F11D140F267
:10A900000E20814508BF42F001020120019093E72B
:10A9100040F20E20814508BF42F001020120019063
:10A920008AE70120024687E750B3C8F80090B9F1E2
:10A93000000F03D1B6F85043544505D0D8F8004075
:10A9400034B9C8F8001004E0C8F800E00246F5E7A2
:10A950001046D8F800200AB9E2450BD0D8F80020FC
:10A960000AB9C8F80030D8F800304BB9019B3BB1A8
:10A97000002005E0C8F800E0F0E7012000E0012039
:10A9800003B0BDE8F08F0120FAE70120F8E700BF2F
:10A990000110010038B505460C460A211046FFF7A4
:10A9A000EDFE034630B15B687BB11A88A2420ED03F
:10A9B0005B68F9E72B680A21D3F8A000FFF7DEFEF9
:10A9C00003460028EFD1002000E0002038BD012020
:10A9D000FCE738B505460C463321D0F86803FFF78D
:10A9E000CDFE034630B15B687BB11A88A2420ED01F
:10A9F0005B6AF9E72B683321D3F8A000FFF7BEFEAE
:10AA000003460028EFD1002000E0002038BD0120DF
:10AA1000FCE700002DE9F047DDF82490002847D03E
:10AA20000F46064690F8C43213F0300F43D100238E
:10AA300089F8003033213846FFF7A0FE68B3446838
:10AA4000037B012B3AD04FF00A084FF0000A00E0D8
:10AA5000646A24B36368002BFAD025883A462946F5
:10AA60003046FFF797FF0028F2D0A5F580739BB220
:10AA7000FF2B01D9292DEBD82846FEF7D1FB002862
:10AA8000E6D029463046FEF7D6FBB0F1FF3FDFD0D7
:10AA90008045DDDD8046A246DAE70446D3E7089B21
:10AAA000C3F800A0012389F800300020BDE8F0873A
:10AAB0006FF0AC00FAE76FF0AC00F7E70048F5E79D
:10AAC000CAFEFFFFF0B583B00023009300284DD0ED
:10AAD0000C46054690F8C43213F0300F49D13321AB
:10AAE000D0F86803FFF74AFE0646002844D0002C41
:10AAF00045D001ABD5F8882021886846FEF735FEA1
:10AB0000074618BBE26822B3019BDA600022E260CC
:10AB100021691961616959616261A1699961E1699C
:10AB2000D961E261019B62685A60A2689A60002262
:10AB30006260A2601B88A5F8F632D5F888107068AC
:10AB4000FFF728FB019B736001233373384603B082
:10AB5000F0BD01992846FFF7FAFD07460028E1D02D
:10AB6000D5F888100098FFF715FBEFE76FF0AC07FA
:10AB7000ECE76FF0AC07E9E76FF0BF07E6E76FF0CF
:10AB8000AC07E3E710B504463321D0F86803FFF7BC
:10AB9000F5FD28B1416831B12046FFF73BFC10BDFF
:10ABA0006FF4FB70FBE76FF4FB70F8E738B50C4609
:10ABB00015460021FFF7E2FD034600B14368214638
:10ABC0001846FEF7C5F900B1057338BD09B9002074
:10ABD000704770B5064603680021D3F8A000FFF760
:10ABE000CDFD04460021D6F86803FFF7C7FD0546F2
:10ABF00004B1646815B16D6800E0A468BCB1637B02
:10AC000013F0040FF9D021782846FEF7A1F930B1EE
:10AC1000027B002AF1D1437B13F0040FEDD02822F0
:10AC200002213046F6F704F9094810E0AD686DB12D
:10AC30006B7B13F0040FF9D02B7B002BF6D128226D
:10AC400002213046F6F7F4F8014800E0002070BD1C
:10AC50006EFEFFFF70B504460E460BE04FF6017224
:10AC6000934203D1664811F0C3F914B1204611F0A4
:10AC700031FA2C46002C00F0C18025692388332B43
:10AC8000ECD8332BF2D801A252F823F05DAD0108C5
:10AC900075AD01086DAC01086DAD010885AD010809
:10ACA000ADAD01086DAC01086DAC01086DAC0108DB
:10ACB0006DAC01088DAD01089DAD01086DAC0108BA
:10ACC000CDAD01086DAC01086DAC0108C5AD010842
:10ACD000B5AD01086DAC01086DAC01086DAC0108A3
:10ACE0006DAC01086DAC01087DAD01086DAC0108CB
:10ACF0006DAC01086DAC01086DAC01086DAC0108CC
:10AD00006DAC01086DAC01086DAC01086DAC0108BB
:10AD10006DAC01086DAC0108BDAD01086DAC01085A
:10AD20006DAC01086DAC01086DAC01086DAC01089B
:10AD30006DAC01086DAC0108EDAD01086DAC01080A
:10AD40006DAC01086DAC01086DAC01086DAC01087B
:10AD50006DAC0108F5AD0108DDAD0108294811F021
:10AD600047F931466068FEF729FD7FE7264811F074
:10AD70003FF97AE7254811F03BF976E7244811F0CE
:10AD800037F972E7234811F033F96EE7224811F0E2
:10AD90002FF931466068FEF71CFD67E71F4811F088
:10ADA00027F931466068FEF71EFD5FE71C4811F089
:10ADB0001FF95AE71B4811F01BF956E71A4811F022
:10ADC00017F952E7194811F013F94EE7184811F036
:10ADD0000FF931466068FFF7B4FC47E7154811F0FA
:10ADE00007F931466068FFF7D5F93FE7124811F0DF
:10ADF000FFF83AE7114811F0FBF836E770BD00BFE5
:10AE0000F8A00408C09F0408D49F0408FC9F04080D
:10AE100020A004083CA004085CA004087CA004084E
:10AE20009CA00408C8A004081CA104083CA10408B4
:10AE300050A1040878A1040894A10408B8A104084A
:10AE400070B505460C4611461E461A462046FEF7CA
:10AE500029FCC8B102462B680361286000E08AB172
:10AE600010461269002AFAD0B2F800C0A445F6D103
:10AE7000136903610024146131461046FFF7EAFEAE
:10AE8000204600E0002070BD6FF07C00FBE7F8B5C5
:10AE9000069EA8B30D4611461A46074699B3334697
:10AEA0002846FEF7D7FF044680B300213868FFF735
:10AEB00065FC18B14268A26044600FE03346224648
:10AEC00000213846FFF7BCFF054608B9012515E00B
:10AED00031462046FEF764FC10E074B12246A468B7
:10AEE000002CFAD02378AB42F7D1A36893603146A7
:10AEF0002046FEF755FC012500E001252846F8BD57
:10AF00006FF0AC05FAE76FF0AC05F7E76FF07C0582
:10AF1000F4E700002DE9F04F83B005460C461646D5
:10AF20001F46D0F8689300214846FFF727FC80466B
:10AF300098B1FFB9B8F1000F17D0D8F80430A3B119
:10AF4000002E40F09F80022200214846FFF72EFE8F
:10AF50000027384603B0BDE8F08F2B680021D3F8F6
:10AF6000A000FFF70BFC8046E3E72846FFF7CFFB86
:10AF70000746EEE7B8F1000F46D0D8F80430002BB2
:10AF800042D00027012E40F281802278637843EA84
:10AF900002239A1C96427BD1002B7BD094F802A00E
:10AFA000BAF1000F78D1042E78D9E37894F80490A0
:10AFB00049EA032909F105039E4271D1B9F1000F55
:10AFC00070D0A7BB5146D8F80400FDF7C1FF8046FA
:10AFD0000028BED0067B002EBBD1D0F804B0584666
:10AFE000E5F72EFE484519D098F80D3013F0020F02
:10AFF0001ED113F0010FACD1702202212846F5F7C3
:10B0000017FF6FF4BE77A4E72B68D3F89430002BBA
:10B010003AD0264810F0ECFF0127B3E74A46611DFD
:10B0200058461FF03BF90028DED1012600E001263A
:10B03000D5F8883000934B46621D514605F55A708D
:10B04000FFF725FF044601282ED16FB98EB11848AD
:10B0500010F0CEFF0224E2B25146D5F86803FFF7A4
:10B06000A5FD57B1002774E7124810F0C1FF032473
:10B07000F1E7114810F0BCFFEDE700212846FFF78B
:10B0800084FB66E70D4F64E7002762E70B4F60E73C
:10B090000A4F5EE7094F5CE7084F5AE7074F58E74A
:10B0A000064F56E7054F54E7074652E7DCA1040870
:10B0B0002CA2040808A204083CA20408B8FEFFFF62
:10B0C00070B582B00023019370B30C461546064656
:10B0D0000846FEF7A5F850B30A213068FFF74EFB8B
:10B0E00050B12A4621464068FEF7FFFA044600B9EF
:10B0F0000124204602B070BD2A46214601A8FEF771
:10B10000E0FA04460028F4D12B46019A0A21304681
:10B11000FFF796FE044608B90124EAE701980028E3
:10B12000E7D010F0D7FFE4E76FF0AC04E1E76FF091
:10B13000AC04DEE72DE9F04182B007460D46164625
:10B14000DDF820801C4683B1012E4DD916F0010F89
:10B150004CD12A786B7843EA022302339E4247D1CE
:10B16000022E47D04CB1022428E0B0F8CE01F2F70D
:10B170005EF80028E8D1204833E00A21D8F8000022
:10B18000FFF7FCFA0446A8B1406801900023636011
:10B19000D7F88810FEF71DFBA978EB78D7F8882040
:10B1A00043EA012101A8FEF78CFAD0B9019B636044
:10B1B000042403E0022401E00234A4B2A6420FD921
:10B1C0002B19295D5B78D7F8882043EA0121404696
:10B1D000FFF776FF0128EFD010F1AD0FECD000E0C3
:10B1E000002002B0BDE8F0810348FAE70248F8E722
:10B1F0000148F6E70020F4E7B8FEFFFF70B505460A
:10B200000E4690F80C339BB1002495F80C33A34202
:10B210000CDD04F5BE73D5F8882035F813103046E0
:10B22000FFF74EFF012802D10134EEE7012070BD87
:10B23000D0F8882017213046FFF742FF0128F6D1C9
:10B24000B5F8E232B3F5807FF1D8B5F8E432FF2BE0
:10B25000EDD9D5F888204FF480713046FFF730FFE4
:10B26000E5E770B582B00023019350B30D46144654
:10B2700006460B210068FFF781FA50B122462946A5
:10B280004068FEF75CFA054600B90125284602B081
:10B2900070BD2246294601A8FEF73DFA0546002862
:10B2A000F4D12346019A0B213046FFF7C9FD05462C
:10B2B00008B90125EAE701980028E7D010F00AFF55
:10B2C000E4E76FF0AC05E1E7C2B110B50446104603
:10B2D0000A780132904213D10BB9002010BDD4F886
:10B2E0008820002104F55A70FFF7BBFF0128F5D133
:10B2F0000B212046FFF749FA0020EFE7014870478D
:10B300000048EBE7B8FEFFFFF8B50446012B2FD04D
:10B31000022B02D0062B40F09580022A40F0948048
:10B3200008784B78226812681178814240F08E804C
:10B33000032B40F28D8094F8C51211F0040F03D056
:10B3400094F8CF1103296FD094F8CF219A42C0F01E
:10B35000818040F2818094F8C52212F0040F7DD0E4
:10B3600094F8DB229A427BD8069A5370002074E04E
:10B37000022A5DD912F0010F5CD091F800E00EF1C5
:10B3800001039A4258D1013100263346374603E083
:10B3900087421DD30126023373451CDACA5C581C50
:10B3A000085C7F2AF7D025682D6895F800C0944581
:10B3B000F1D194F8CF218242EDD3E9D994F8C52296
:10B3C00012F0040FE7D094F8DB228242E0D9E2E7E2
:10B3D00007460126DFE79EB1069B5F70032F2DD93C
:10B3E000079B23B19B7943F00103079A9371089B54
:10B3F00033B32B211868FFF7C1F940B100202CE0CE
:10B40000462202212046F5F713FD164825E0D4F820
:10B41000883022462B210898FFF712FDE8B9089BD7
:10B420001B6801221A7318E0527806994A708BE75C
:10B430000D4812E00C4810E00B480EE000200CE034
:10B4400000200AE0094808E0074806E0054804E053
:10B45000044802E0034800E00020F8BD0148FCE792
:10B460000048FAE7BAFEFFFFB8FEFFFF76FEFFFFD7
:10B470002DE9F04182B080460D4617461E46099CD4
:10B480000023019333212068FFF778F9864670B1D5
:10B4900000238EF80C30DEF804300193019CC4B117
:10B4A000B4F800C0AC4514D0646A0194F6E7D8F84B
:10B4B0008830002233212046FFF7C2FCC8B933216F
:10B4C0002068FFF75BF986460028E1D16FF07C0029
:10B4D0000FE08CB1DEB1019B586808B110F0FAFDA5
:10B4E000019B5E609F60089BC3B1019B089A13603B
:10B4F000002002B0BDE8F08101ABD8F888202946D1
:10B500000EF10400FEF731F90028E3D0F1E70199CC
:10B510004046FFF71CF90028E5D0EAE70020E8E7FD
:10B520002DE9F04383B0032A2FD906460C461F4667
:10B530000B7891F8018048EA03288B78CD7855EA9A
:10B54000032524D0043A954224DC284610F0B6FDA9
:10B55000814608B304342A462146E5F7C1FA0A9B1E
:10B56000019300974B462A4641463046FFF780FF3D
:10B57000064620B92E1D304603B0BDE8F0834C4589
:10B58000F9D0484610F0A6FDF5E7054EF3E76FF455
:10B59000D476F0E7024EEEE76FF07C06EBE700BFF3
:10B5A000B8FEFFFF2DE9F04182B080460E461546F9
:10B5B0001F4633211868FFF7E1F8C0B1012D24D9E7
:10B5C0003278737843EA0223AA1E93421FD10224E1
:10B5D000A54216DDA2B2AA1A0097002392B2311931
:10B5E0004046FFF79DFF00280CDB0444F0E7D8F845
:10B5F0008830002233213846FFF722FC0028DDD0B6
:10B6000000E0002002B0BDE8F0810248FAE70148FE
:10B61000F8E700BFB8FEFFFF38B504463321D0F885
:10B620006803FFF7ABF848B10546406878B1D4F835
:10B630008810FEF7AFFD0020686038BDD4F8883070
:10B640000022332104F55A70FFF7FAFBF5E70020DA
:10B65000F3E70000F0B585B004460D46164600221B
:10B660000392012B1DD0022B21D0062B73D1022E69
:10B6700073D10B784D7845EA0325D0F86823294625
:10B68000FFF788F900286AD029462046FFF7A1F97C
:10B69000002867D12046FFF7BFFF00283BD005B048
:10B6A000F0BD00F55A733246FFF77CFFF7E7012E35
:10B6B00044D90B784F7847EA0327D0F868233946F6
:10B6C000FFF768F900283BD039462046FFF781F99B
:10B6D000002838D004F55A73009303AB324629464C
:10B6E0002046FFF71DFF864230D1039981B3CB6816
:10B6F0005BB12046FEF78EFE0028D0D1A4F8F6728A
:10B70000D4F88031A3F8B470C9E7CB69002BF0D12D
:10B710006FF4D270C3E704F55A73019300220092CC
:10B72000134629462046FFF7A3FE0028B7D1A4F808
:10B73000F652D4F88031A3F8B450B0E70B48AEE726
:10B740006FF4D270ABE76FF4D270A8E70748A6E7B2
:10B750006FF4D270A3E70648A1E704489FE76FF4AF
:10B76000D2709CE76FF4D27099E700BFB8FEFFFF7C
:10B7700076FEFFFF2DE9F04383B00646884600239E
:10B7800001930A21D8F80000FEF7F8FF044600B143
:10B7900044680A274FF0000900E064688CB12588EE
:10B7A0002846FDF73DFD0028F7D029463046FDF735
:10B7B00042FDB0F1FF3FF0D08742EEDD0746A146E3
:10B7C000EBE7B9F1000F19D0D6F888300022332109
:10B7D0004046FFF735FB10B103B0BDE8F083D8F861
:10B7E000004001ABD6F88820B9F80010201DFDF705
:10B7F000BCFF0028F0D101232373EDE76FF4D27072
:10B80000EAE730B585B004460D46002303938DF872
:10B810000B300B600DF10B03019303AB009390F819
:10B82000A93090F8A820D0F86813FFF7F3F838B9DA
:10B830009DF80B3023B1039921B12046FFF742F95F
:10B8400005B030BD01232B6004F55A712046FFF787
:10B8500091FFF5E7F8B5F8B10C46164605460D21FF
:10B860000068FEF78BFF10B100242046F8BD324679
:10B8700000212046FEF753FF074680B133460246BB
:10B880000D212846FFF7DCFA04460028EDD03146AA
:10B890003846FEF756FFE8E76FF0AC04E5E76FF4D3
:10B8A0009774E2E738B108B5134639B10A462B213F
:10B8B000FFF7C6FA08BD6FF0AC0070476FF0AC0040
:10B8C000F8E730B108B513460A463221FFF7B8FA57
:10B8D00008BD6FF0AC00704770B582B0044600231D
:10B8E00001930A21D0F86803FEF748FF00283AD0F8
:10B8F000064601A92046FFF781FC0546012807D02E
:10B90000D4F888100198FFF7A5F9284602B070BD59
:10B91000019D0A212846FEF731FF844648B143685D
:10B9200019887068034673B11A888A420BD05B6825
:10B93000F9E70E4810F05CFBD4F888100198FFF787
:10B9400089F90025E1E733B1D4F888102846FFF7DC
:10B9500081F90025D9E701233373DCF804307360E3
:10B96000CCF80400F0E70025CFE700BF64A204088C
:10B9700070B582B00446002301930A21D0F8680311
:10B98000FEF7FCFE002847D0466832463AB11388DD
:10B99000A3F580739BB2FF2B2BD95268F6E70025E5
:10B9A00025B3D4F83C0110B194F83B311BBBD4F85B
:10B9B000440110B194F83B3103BB0023C4F83C317F
:10B9C000C4F8443184F83B3194F8C72263F3410250
:10B9D00084F8C72201A92046FFF710FC054601287C
:10B9E0000FD0D4F888100198FFF734F9284602B038
:10B9F00070BD0125D4E710F06DFBD8E710F06AFBAD
:10BA0000DBE70A210198FEF7B9FE4268314620467D
:10BA1000FEF747FA0546E4E70025E7E7A8B108B5D1
:10BA20008C468646006802E000F1100E006910B1F5
:10BA300003886345F8D138B10369CEF8003000239C
:10BA400003611146FFF706F908BD704750B110B504
:10BA50000446F1F7D1FB38B994F8CE31FE2B04D16E
:10BA6000012002E000207047012010BDF0B583B036
:10BA700004460F46C9B990F8C93213F0100F03D12C
:10BA8000036893F8A4200AB3B4F8CE01F1F7CFFB12
:10BA900020B194F8C53213F0040F06D023680B21AF
:10BAA000D3F8A000FEF76AFE00B3484810F0A0FAF1
:10BAB00004F55A76D4F8882021463046FFF7CAFEAE
:10BAC000054600B927B3284603B0F0BD0A21D3F8D4
:10BAD000A000FEF753FE0028D6D104F55A71204687
:10BAE000FFF78CFB05460128EDD1CDE70B21D4F8FB
:10BAF0006803FEF743FE0028D7D1D4F88820002140
:10BB000004F55A70FFF7ADFB05460128DBD1CCE701
:10BB1000B4F8CE01F1F78BFB0028D4D02C4810F0FC
:10BB200067FAD4F8882021463046FFF7BBFE054669
:10BB30000028C8D1B4F8103363B1264810F058FA81
:10BB4000D4F8882021463046FFF7BBFE074610B1E7
:10BB50000546B8E707463321D4F86803FEF70EFE22
:10BB600060B143686BB3198869B3019600220092F3
:10BB700013462046FFF77CFC0546A4E794F80CE347
:10BB8000BEF1000F16D11721EFE7014601250CF198
:10BB9000010CE64511DD85B92A460F4B33F812300A
:10BBA000002BF4D00CF5BE7034F810009842ECD0A5
:10BBB0000132F2E7AC461721EBE7002DD4D13D4628
:10BBC00081E73D467FE73D467DE700BF90A2040840
:10BBD000B8A20408DCA2040844CE0408F0B585B07D
:10BBE00004460D4617460023ADF80E30019302932C
:10BBF0008DF80C30FFF72AFF0646002858D0012D9B
:10BC00000DD00D2D2FD0D4F86803B0B30DF10E0375
:10BC10002A4601A9FDF706FE064678B348E06368A8
:10BC2000F3B15B882BB99DF8053043F020038DF804
:10BC300005302046F1F7EDFA28B99DF8093043F0B8
:10BC400008038DF80930B4F8CE01F1F7F0FA0028B6
:10BC5000D9D19DF80A3043F008038DF80A30D2E7B5
:10BC600023681B6CDDE74FF0FF33019302938DF8DF
:10BC70000C30DF238DF80530C5E70026236853B16B
:10BC8000D3F8A00038B10DF10E032A4601A9FDF743
:10BC9000C9FD064660B9012D0DD0BDF80E3013B1B7
:10BCA0000233ADF80E303A68BDF80E3013443B60F5
:10BCB000304605B0F0BD94F8C93213F0020FECD055
:10BCC000B4F8CE01F1F7B3FA20B194F8C53213F00D
:10BCD000040FE2D0BDF80E300433ADF80E30DCE7CF
:10BCE0002DE9F04186B007460E46154698460024D9
:10BCF000ADF81640039404948DF81440FFF7A6FEA7
:10BD00000446002870D0002E00F09A80BDF816304E
:10BD10000233ADF81630012D12D00D2D34D0D7F8E6
:10BD2000680300283AD0BDF816100DF116030093F1
:10BD30002B4603AA3144FDF7CBFE044678B353E00B
:10BD40007B68F3B15B882BB99DF80D3043F020037D
:10BD50008DF80D303846F1F75CFA28B99DF81130AE
:10BD600043F008038DF81130B7F8CE01F1F75FFA10
:10BD70000028D4D19DF8123043F008038DF812301A
:10BD8000CDE73B681B6CDDE74FF0FF330393049373
:10BD90008DF81430DF238DF80D30C0E700243B68A8
:10BDA00073B1D3F8A00058B1BDF816100DF1160309
:10BDB00000932B4603AA3144FDF78AFE044698B946
:10BDC000012D15D0BDF81630022B01D8012D04D05D
:10BDD000023BC3F3072232707370D8F80020BDF81D
:10BDE00016301344C8F80030204606B0BDE8F08194
:10BDF00097F8C93213F0020FE4D0B7F8CE01F1F78B
:10BE000016FA20B197F8C53213F0040FDAD00D48B6
:10BE100010F0EEF8BDF81630F1180022F254172396
:10BE20004B70BDF8163002339BB2ADF81630F118E6
:10BE3000F2544A70BDF816300233ADF81630C1E73F
:10BE40000024D1E708A3040870B584B004460D4669
:10BE500016460023ADF80E30019302938DF80C3096
:10BE60008B1E092B2CD8DFE803F0052B2B2B202B66
:10BE7000452B2B4D01A9FDF773F8B4F8CE01F1F76E
:10BE8000D6F930B99DF80A3043F008038DF80A302E
:10BE900016E04FF0FF33019302938DF80C30F72337
:10BEA0008DF809308DF80A300AE04FF0FF33019326
:10BEB00002938DF80C30F7238DF809308DF80A3095
:10BEC00094F8C93213F0020F01D0022D24D020467D
:10BED000FFF7BCFD60BBBDF80E300BB9022D02D0E0
:10BEE0000233ADF80E303388BDF80E201344338092
:10BEF00004B070BD08238DF805308DF809308DF839
:10BF00000A30DDE74FF0FF33019302938DF80C30D8
:10BF1000DF238DF80430D3E7B4F8CE01F1F787F9C9
:10BF20000028D4D1BDF80E300433ADF80E30CEE782
:10BF30000DF10E032A4601A9D4F86803FDF772FC3F
:10BF40000028C8D0D4E70000F0B587B007460D46FA
:10BF500016461C460023ADF81630FFF777FD002883
:10BF60005AD0002D58D00023039304938DF8143039
:10BF7000B31E092B2DD8DFE803F0052C2C2C212C27
:10BF8000592C2C6103A93846FCF7EAFFB7F8CE011B
:10BF9000F1F74DF930B99DF8123043F008038DF8F0
:10BFA000123016E04FF0FF33039304938DF81430F2
:10BFB000F7238DF811308DF812300AE04FF0FF337F
:10BFC000039304938DF81430F7238DF811308DF816
:10BFD0001230BDF81610023189B2ADF816100DF10D
:10BFE00016030093334603AA2944D7F86803FDF7E4
:10BFF0006FFDC8B997F8C93213F0020F01D0022EB5
:10C0000026D0BDF81630022B01D8022E04D0023BF8
:10C01000C3F307222A706B70002C38D02388BDF838
:10C02000162013442380002007B0F0BD08238DF8AC
:10C030000D308DF811308DF81230CAE74FF0FF3314
:10C04000039304938DF81430DF238DF80C30C0E790
:10C05000B7F8CE01F1F7EBF80028D2D10D480FF078
:10C06000C7FFBDF81630E9180022EA5417234B70B9
:10C07000BDF8163002339BB2ADF81630E918EA5419
:10C080004A70BDF816300233ADF81630B9E700201B
:10C09000CAE700BF08A304082DE9F04184B00646B2
:10C0A0000C461F460A9900230B609C46624533DD0F
:10C0B0000CF10303934233DA04EB0C0014F80C3058
:10C0C00090F801E04EEA032E0FFA8EFE0CF1020307
:10C0D000E018E35C457845EA03250CF1040805EB1C
:10C0E000080C94451EDCBEF12B0FDFD101230B6041
:10C0F0000D480FF07DFF06F55A73029306F5307375
:10C10000019306F5E77300933B462A4604EB0801CA
:10C110003046FFF7F9F800E0002004B0BDE8F081F8
:10C120000248FAE70148F8E720A30408B8FEFFFF39
:10C130002DE9F04F8BB003900F4690469946012BA6
:10C140001CD00D2B18D00023DBB21A460493039B9E
:10C15000002B00F00683002F00F006831AB1149B19
:10C16000002B00F004830023079308938DF82430FC
:10C1700005931C469A4600E20123E5E70123E3E725
:10C18000A0480FF035FF21E23F261FE29D480FF047
:10C190002FFF2AE23F2628E29A480FF029FF35E2D6
:10C1A0003F2633E297480FF023FF41E23F263FE26C
:10C1B0000DF11A00FDF7B1F8A8423CD8BDF81A30CD
:10C1C000332B3ED8332B00F2D381DFE813F052003B
:10C1D0008700D1017200A300EE00D101D101D1018D
:10C1E000D101B400D500D1016C01D101D1016101AF
:10C1F0000E01D101D101D101D101D1013501D1010E
:10C20000D101D101D101D101D101D101D101D1019E
:10C21000D101D1015601D101D101D101D101D10109
:10C22000D101D1019101D101D101D101D101D101BE
:10C23000D1019F01B70174480FF0DAFEDFF8CCA1FD
:10C2400085E24FF60172934240F0928170480FF000
:10C25000CFFE039BB3F8CE01F0F7E9FF002840F0D2
:10C260008A8109F1FF33DBB2012B00F23182824671
:10C2700081E168480FF0BCFE039BB3F8CE01F0F7F4
:10C28000D6FF40B1B9F1010F0BD0B9F1080F08D0BA
:10C29000DFF884A15BE209F1FF33DBB2012B00F28E
:10C2A000F981049B2A4639190398FEF733FE82462A
:10C2B00061E15A480FF09CFE039BB3F8CE01F0F702
:10C2C000B6FF8246002840F0E88109F1FF33DBB277
:10C2D000012B40F25081DFF840A138E250480FF0C6
:10C2E00087FE039BB3F8CE01F0F7A1FF50B1B9F17F
:10C2F000010F00F04081B9F1080F00F03C81DFF838
:10C3000018A124E209F1FF33DBB2012B00F2C8814E
:10C31000824630E143480FF06BFE039BB3F8CE0139
:10C32000F0F785FF002840F02681B9F1010F40F0B9
:10C33000BA8182461FE13C480FF05AFE039BB3F8D6
:10C34000CE01F0F774FF40B1B9F1010F09D0B9F196
:10C35000080F06D0DFF8C0A0F9E1B9F1010F40F0F5
:10C36000A581039800F55A730093049B2A46391956
:10C37000FEF7E0FE8246FEE02C480FF039FE039EF9
:10C38000B6F8CE01F0F753FF002840F0F48009F131
:10C39000FF33DBB2012B00F28C81049B2A46391952
:10C3A0003046FEF791FF8246E5E021480FF020FE7F
:10C3B000039BB3F8CE01F0F73AFF70B1B9F10D0F5E
:10C3C00000F27A8142F6020323FA09F313F0010F17
:10C3D00040F0D180DFF840A0B9E109F1FF33DBB2D2
:10C3E000012B00F26C818246C5E012480FF000FE7E
:10C3F00009F1FF33DBB2012B40F2BD80DFF818A05A
:10C40000A5E100BFD49C040848A30408B8FEFFFFC0
:10C41000D0A4040874A3040858FEFFFF8CA30408EA
:10C42000ACA30408D4A30408F8A304081CA40408BB
:10C4300040A4040870A40408AB480FF0D9FD039E83
:10C44000B6F8CE01F0F7F3FE002840F0948009F131
:10C45000FF33DBB2012B00F23581002D40F0358136
:10C46000049B002B00F00A8196F8C93243F00203C6
:10C4700086F8C932012305937DE09C480FF0B8FD92
:10C4800009F1FF33DBB2012B75D9DFF864A25EE15D
:10C4900098480FF0ADFD09F1FF33DBB2012B6AD9EB
:10C4A000DFF84CA253E194480FF0A2FD0398F0F797
:10C4B000B0FE00285FD0039BB3F8CE01F0F7B7FEC3
:10C4C00040B1B9F1010F09D0B9F10D0F06D0DFF875
:10C4D00020A23CE1B9F1010F40F0FD80149B0093D4
:10C4E000049B2A4639190398FDF774F8824642E006
:10C4F00082480FF07DFD09F1FF33DBB2012B3AD901
:10C50000B9F1060F37D0DFF8E8A120E17A480FF043
:10C510006FFD039BB3F8CE01F0F789FE58B3B9F174
:10C52000010F03D0B9F10D0F40F0D880049B2A46CB
:10C5300039190398FDF786F882461CE070480FF021
:10C5400057FD039BB3F8CE01F0F771FE98B109F1E6
:10C55000FF33DBB2012B03D9B9F1060F40F0C180E4
:10C560004B462A4639190398FFF774F8824602E0D1
:10C5700064480FF03DFD2C44A4B2BAF1000F40F026
:10C58000C780444580F0C480A8EB0403032B78DD0A
:10C590003A193B5D567846EA0326ADF81A60A31CAB
:10C5A0009BB2FA18FB5C557845EA03250434A4B223
:10C5B0003E2E03D94FF601739E4242D14FF60173CE
:10C5C0009E423FF4E1AD3E2E3FF6DAAD0AAB03EBFF
:10C5D000D60616F80CBCBDF81A604FF601739E42E1
:10C5E0003FF4D8AD3E2E3FF6D1AD06F0070601234D
:10C5F000B34013EA0B0F47D1BDF81A604FF6017331
:10C600009E423FF4CDAD3E2E3FF6C6AD06F0070686
:10C610004FF0010B0BFA06FB5FFA8BFBBDF81A60BB
:10C620004FF601739E423FF4C1AD3E2E3FF6BAADC8
:10C630000AAB03EBD60616F80C3C43EA0B0306F8EC
:10C640000C3CA8EB0403AB4221DBB9F1020F3FF431
:10C65000AFADB9F1060F3FF4ABADB9F1010F7FF407
:10C66000ADAD0DF11A00FCF7FDFDA8427FF6A6ADB9
:10C6700025480FF0BDFCDFF894A068E00123059386
:10C6800079E7DFF888A062E06FF4E47A5FE0DFF832
:10C690007CA05CE0DFF858A059E0DFF854A056E039
:10C6A000DFF84CA053E0DFF848A050E0DFF840A0EE
:10C6B0004DE0DFF83CA04AE0DFF834A047E0DFF8C7
:10C6C00030A044E0DFF828A041E0DFF840A03EE0E1
:10C6D000DFF81CA03BE0DFF818A038E0DFF810A07E
:10C6E00035E0DFF80CA032E0A4A40408F8A40408A4
:10C6F00058FEFFFF1CA5040834A504085CA5040827
:10C700008CA50408ACA5040848A30408B8FEFFFFE4
:10C71000039BB3F8CE01F0F78AFD28B1B9F1060FFB
:10C7200012D0B9F1030F0FD0049B6BB9039A92F8A2
:10C73000C93213F0020F07D0059B2BB992F8C9320A
:10C7400023F0020382F8C932BAF1000F03D0504639
:10C750000BB0BDE8F08F04990398FEF737FA8246D4
:10C76000F5E76FF0AC0AF2E76FF0AC0AEFE76FF0B5
:10C77000AC0AECE710B582B004200FF09FFC044631
:10C7800007480FF043FC3CB1FDF7F6FEADF804009E
:10C7900001992046F0F73AFF204602B010BD00BFD5
:10C7A000C8A5040808B50020FFF7E4FF08BD0B6822
:10C7B00003EB820C0B6863450ED210B41C1D0C6099
:10C7C0001A6803681C1D04601C6862401A600B68CC
:10C7D0006345F3D310BC7047704710B582B0144660
:10C7E000034610F0030F02D111F0030F04D04B40A9
:10C7F00013F0030F16D030E00190009192086946C3
:10C8000001A8FFF7D4FF0198009904F0030424E085
:10C8100011F801CB034613F8012B82EA0C020270D7
:10C82000013C184610F0030F01D0002CF0D101900C
:10C830000091A208694601A8FFF7B9FF0198009985
:10C8400004F0030409E011F801CB034613F8012BAF
:10C8500082EA0C020270013C1846002CF3D102B0AF
:10C8600010BD10B4106801EB000C041D1460029A96
:10C87000944210D80A5C1A709CF801209CF802308F
:10C880001B0243EA02439CF803201343019A1360FE
:10C89000002010BC70476FF08300FAE7027093F835
:10C8A000CE31437003238370C1F30723C37001713A
:10C8B00070479DF800300370C1F307434370C1F324
:10C8C00007238370C1707047F0B583B005460C46EE
:10C8D00016461F4616220431FFF7E0FF0197009627
:10C8E000234600222146681DFFF7E3FF03B0F0BD99
:10C8F0002DE9F04182B005460C4617461E46DDF88C
:10C900002480434616220431FFF7C8FFCDF8048087
:10C910009DF82030009323463A463146681DFFF7C4
:10C92000C8FF02B0BDE8F08110B483B000230093CB
:10C93000019390F8C63213F0020F0FD1012926D0CF
:10C94000D0F8AC120091D0F8B0325C1CC0F8B04204
:10C950000193A34202D90131C0F8AC1200990B0A2D
:10C9600003F0FF13090201F0FF210B434FEA3343A9
:10C97000136001990B0A03F0FF13090201F0FF2174
:10C980000B434FEA3343536003B010BC7047D0F8F9
:10C99000A4120091D0F8A8325C1CC0F8A842019300
:10C9A000A342DBD90131C0F8A412D7E770B50D4618
:10C9B00014460E1D32461946FFF7B6FF214651F8C0
:10C9C000043B2B6008223046FFF707FF70BD10B410
:10C9D00000240C6090F8DCC1BCF1040F07D090F883
:10C9E000DF3113700A6822B1002010BC70470B6061
:10C9F000F5E70BB90020F8E76FF0AC00F5E70B287E
:10CA00000CD80123834013F41C6F09D113F4047F65
:10CA100008D113F4846F07D00520704700207047B9
:10CA200006207047042070470020704770B5044608
:10CA30000D4616460378082B04D00B70437813700C
:10CA4000002070BD4078FFF7DAFF287063781A1F66
:10CA5000D2B2022A03D8237833700020F1E7093BD1
:10CA6000DBB2022B03D8237833700020E9E76FF4A0
:10CA7000D470E6E713688B420CD0C11810F803C0DD
:10CA80004878000240EA0C408978084303300344A8
:10CA9000136070470020704708B590F8DC31042B14
:10CAA00001D0002008BD006F403012F03FFD00288B
:10CAB000F8D12020F6E700B58BB084460846114631
:10CAC0001A46DCF85C330893DCF888300793139B34
:10CAD0000693129B0593119B0493109B03930F9B4A
:10CAE00002930E9B01930D9B00930C9B0FF0BFF9DB
:10CAF0000BB05DF804FB00B58BB0844608461146C8
:10CB00001A46DCF85C330893DCF888300793139BF3
:10CB10000693129B0593119B0493109B03930F9B09
:10CB200002930E9B01930D9B00930C9B0FF09FF9BA
:10CB30000BB05DF804FB000008B50139172900F2BD
:10CB40000A82DFE811F0180050000802770008029E
:10CB500008020802930008020802BA000802EC006A
:10CB6000080213010802080208020802560108021E
:10CB700008020802FB0190F8C43203F03003102BC6
:10CB800016D090F8D8320B2B17D890F8CA3103F092
:10CB90000603042B17D0022B1BD090F8CA31C3F325
:10CBA0004102013262F3420380F8CA310020D6E12B
:10CBB000B4480FF01DFAB448D1E1B4480FF018FAA8
:10CBC0006FF4BA70CBE1B2480FF012FA6FF4C5708F
:10CBD000C5E190F8D732022BDFD0AE480FF008FA4B
:10CBE0006FF4C570BBE190F8C43213F0300F10D071
:10CBF00090F8D732022B11D890F8CA3113F0080FF1
:10CC000012D190F8CA3143F0080380F8CA310020ED
:10CC1000A5E1A1480FF0ECF99B48A0E19F480FF077
:10CC2000E7F96FF4BA709AE19D480FF0E1F96FF4FB
:10CC3000C57094E190F8C43213F0300F0BD090F827
:10CC4000D8320E2B0CD990F8CA3143F0200380F86B
:10CC5000CA31002083E193480FF0CAF98A487EE187
:10CC600091480FF0C5F96FF4BA7078E190F8C432CA
:10CC700013F0300F10D090F8D732032B11D190F869
:10CC8000CB3113F0010F12D190F8CB3143F00103F7
:10CC900080F8CB31002062E184480FF0A9F97A488E
:10CCA0005DE183480FF0A4F96FF4BA7057E1814851
:10CCB0000FF09EF96FF4C57051E190F8C43203F0A3
:10CCC0003003102B15D03BB990F8D8320C2B03D081
:10CCD00090F8D732092B16D990F8CB3113F0020F08
:10CCE00017D190F8CB3143F0020380F8CB3100200C
:10CCF00035E190F8D722042AE5D06F480FF078F993
:10CD00006FF4BA702BE16D480FF072F96FF4BA70DE
:10CD100025E16B480FF06CF96FF4C5701FE190F8D6
:10CD2000C43213F0300F10D090F8D732042B11D149
:10CD300090F8CB3113F0100F12D190F8CB3143F0B3
:10CD4000100380F8CB31002009E15E480FF050F964
:10CD50004D4804E15C480FF04BF96FF4BA70FEE007
:10CD60005A480FF045F96FF4C570F8E090F8C432F6
:10CD700003F03003102B1AD063B990F8D732092B87
:10CD80001FD990F8D8320B2B21D990F8CB3113F062
:10CD9000020F22D090F8CB3113F0400F23D190F83E
:10CDA000CB3143F0400380F8CB310020D7E090F83E
:10CDB000D722052AE0D046480FF01AF96FF4BA706E
:10CDC000CDE044480FF014F96FF4BA70C7E0424860
:10CDD0000FF00EF96FF4BA70C1E040480FF008F997
:10CDE0006FF4BA70BBE03E480FF002F96FF4C57003
:10CDF000B5E090F8C43203F03002102A33D03AB9CB
:10CE000090F8D722092A75D990F8D8220B2A77D919
:10CE100013F0400104D090F8CB2112F0020F75D02E
:10CE200090F9C922002A03DB03F07003502B04D1D0
:10CE300090F8C73213F0400F6ED0002A00DB29B102
:10CE400090F8C73203F0C003402B6BD090F8CC3180
:10CE500013F0010F6CD190F8CC3143F0010380F84E
:10CE6000CC3100207BE090F8D8120B293CD990F807
:10CE7000D7120629C3D01B480FF0BAF86FF4BA7066
:10CE80006DE000BF10650408A8FEFFFFE4A50408DC
:10CE900008A60408306504085065040828A604089C
:10CEA000706504084CA6040870A6040898A6040837
:10CEB000C0A60408ECA6040814A7040840A70408A8
:10CEC00060660408D46704086CA70408FC670408BB
:10CED0003869040898A70408C0A70408ECA7040848
:10CEE0001069040840A804081D480FF081F86FF489
:10CEF000BA7034E01B480FF07BF86FF4BA702EE084
:10CF000017480FF075F86FF4BA7028E016480FF064
:10CF10006FF86FF4BA7022E014480FF069F86FF4FC
:10CF2000BA701CE012480FF063F86FF4BA7016E0A4
:10CF300010480FF05DF86FF4C57010E090F8CC3138
:10CF400013F0010F01D0002009E00B480FF050F85A
:10CF50006FF4BA7003E009480FF04AF8084808BDBA
:10CF600010A8040840A8040870A80408B0A8040881
:10CF7000E8A80408CC69040838A90408D46A04089D
:10CF800076FEFFFF00B585B08446084611461A4676
:10CF9000DCF85C330393DCF888300293089B019340
:10CFA000079B0093069B0EF03CFF05B05DF804FB69
:10CFB0002DE9F041ACB01646369A042A3FD104461A
:10CFC0000F469846D0F85C23D0F8881008A812F0D5
:10CFD00046FA054600B3DDB994F8CF31042B31D1C0
:10CFE000B6F1FF3F29D0062207922023069324A9F9
:10CFF000059133990491329903910292124A019258
:10D0000000934346324639462046FFF774FD0546F5
:10D0100028462CB0BDE8F081359A349908A812F062
:10D020002AFA054618B108A812F063FAD3E724A932
:10D0300008A812F02FFA0546F5E72026D3E76FF08F
:10D04000E705E5E7014DE3E720CF0408BAFEFFFF5F
:10D0500010B50446806818B10FF03CF80023A360B7
:10D0600010BD41B110B50C46886918B10FF032F807
:10D070000023A36110BD704741B110B50C4688690B
:10D0800018B10FF027F80023A36110BD704738B521
:10D090000B461446D0F8801191F85C2022B3054667
:10D0A000202A16D80BB121685A542068013020601C
:10D0B0003BB1D5F8801191F85C203C311844E3F77E
:10D0C0000FFD2368D5F8802192F85C20134423607B
:10D0D00011E0002281F85C2013B1226800219954EC
:10D0E00023680133236006E013B1226800219954BC
:10D0F00023680133236038BD2DE9F047824690460E
:10D100009946089F099D0A9ED21B531B64EB040499
:10D11000E40F631E644214402B401C43B8451FD8E3
:10D12000002409EB0803DB1B1B1BB9F1020F1FD006
:10D13000BDF82C205E320AEB820ADAF8042011686E
:10D140002744A7EB080739442D1B9D4200D31D46F9
:10D150002A463019E3F7C4FC2C442046BDE8F0878A
:10D16000224639443046E3F7BBFCA542D9D1F4E767
:10D170009D42F2D3631C00223255F2540234ECE794
:10D180002DE9F04391B0064689461746984620227D
:10D19000002104A81DF034F800221899D6F8D00018
:10D1A0000AF0A0F8054618B1284611B0BDE8F08392
:10D1B00004A920230A46D6F8D0000AF001F9054652
:10D1C0000028F1D101221899D6F8D0000AF08AF887
:10D1D000054650B104AB202203E0002203F8012BE6
:10D1E0000A46511E002AF8D1DEE704AC202221466F
:10D1F000D6F860030FF055F90546A446202303E056
:10D2000000230CF8013B13465A1E002BF8D1002DC9
:10D21000CAD1102302930CAB0193CDF800803B469A
:10D22000BDF868201999D6F860030FF0EDFA0546AD
:10D230000028B9D1024609E01B9B5B5D05F1400166
:10D24000694411F8101C4B401A4301350F2DF3DDD2
:10D2500042B943463A464946D6F8D0000AF0B0F8FB
:10D260000546A1E702480EF0C3FE6FF498759BE7F0
:10D27000147C04082DE9F0418CB004460E46174694
:10D2800098462022002104A81CF0BAFF002212991F
:10D29000D4F8BC000AF026F8054618B128460CB0B0
:10D2A000BDE8F08104A920230A46D4F8BC000AF0A6
:10D2B00087F805460028F1D101221299D4F8BC0064
:10D2C0000AF010F805460028E8D143463A463146B0
:10D2D000D4F8BC000AF074F8054650B104AB202223
:10D2E00003E0002203F8012B0A46511E002AF8D160
:10D2F000D4E704AF20223946D4F860030FF0D1F808
:10D3000005463946202303E0002301F8013B13467C
:10D310005A1E002BF8D1002DC0D110230293159B6B
:10D320000193CDF800803346BDF850201399D4F80E
:10D3300060030FF069FA0546B0E70000F8B506464D
:10D3400014461D46074F38460EF060FE2268D6F898
:10D35000B8322B441A442260002138460EF074FE85
:10D360000020F8BD58A904082DE9F04387B0044611
:10D370000E461746BDF83C90B0F8D881A3EB0803E1
:10D380009DB239480EF042FE94F8C030012B13D004
:10D39000022B55D0002B62D1D4F8B830BBB1D4F8F1
:10D3A000B81000295DD0002304F523722046FFF752
:10D3B000FDFA012384F8C03094F8DA31072B0CD041
:10D3C000092B27D029480EF013FE294844E00C20F1
:10D3D0000EF074FEC4F8B800E1E70C22D4F8B810DF
:10D3E000D4F8B00005F0F8F918BBCDF814900E9BF6
:10D3F0000493CDF80C80731902930C230193D4F895
:10D40000B83000932B463A463146D4F8B00005F0C8
:10D4100055FA0EE073190393CDF808900E9B019313
:10D42000D4F8B83000932B463A4631462046FFF7F1
:10D4300021FF022384F8C030D4F8B8300C2205E074
:10D440000020F9E7002203F8012B0A46511E002AAA
:10D45000F8D1002384F8C03007B0BDE8F083002085
:10D46000F7E76FF07C00F7E770A904080C75040873
:10D47000C6FEFFFF10B584B004460020039002F101
:10D4800020002132085C02449A423AD8901C98420B
:10D4900039D801EB020E11F802C09EF8012042EAD1
:10D4A0000C220244501C98422FD88A5C02449A42B3
:10D4B0002DD815D2901C98422BD801EB020E11F8F2
:10D4C00002C09EF8012042EA0C221B1A9A4222D185
:10D4D00003AB0093012301442046FEF7DDFD28B98C
:10D4E000039B2BB90122069B1A60002004B010BDDB
:10D4F000B4F8CE01EFF79BFE08B10022F3E701225A
:10D50000F1E70648F2E70548F0E70448EEE703488C
:10D51000ECE70248EAE70148E8E700BFB8FEFFFF92
:10D520002DE9F04383B08046894617461D461668AC
:10D5300018480EF06BFD012D27D909EB060219F8EA
:10D540000630547844EA03240236A31CAB421ED8AA
:10D55000002300930823224609EB06014046FEF70C
:10D56000E7FD054618B1284603B0BDE8F083344412
:10D570003C60D8F8B8321C443C60042388F8D732A9
:10D58000014604480EF060FDEDE7034DEBE7024D68
:10D59000E9E700BF80A90408B8FEFFFF70B59CB0A2
:10D5A000042A04D06FF0AC0630461CB070BD0446AF
:10D5B0000D46684611F096FF06460028F4D12A462B
:10D5C0002146684611F057FF064630B1684611F013
:10D5D00090FF002EE8D12026E6E72146684611F0AC
:10D5E00059FF0646F2E72DE9F843002849D088465E
:10D5F00014461E460746002946D0002A47D090F818
:10D60000DC31042B04D06FF0AC052846BDE8F8836C
:10D61000006F1146403011F089FF05460028F4D113
:10D620004FF48C700EF04AFD814698B3D7F85C2316
:10D63000D7F888100EF072F9054638B148460EF05A
:10D6400049FD002EE1D020233360DEE797F8DF317B
:10D650004246062148460EF007FA054618B14846EC
:10D660000EF06CF9EAE72022214648460EF0E0F879
:10D6700005460028F3D1214648460EF003F9054639
:10D68000EDE76FF0AC05C0E76FF0AC05BDE76FF0FC
:10D69000AC05BAE76FF07C05B7E700002DE9F0476D
:10D6A000D8B0064689461546984617683E480EF09B
:10D6B000ADFC4FF4AC72002102A81CF0A1FDB8F142
:10D6C000000F61D02B685C1C2C6019F80320E31B51
:10D6D000134443455AD896F8DC32082B01D8002A67
:10D6E00056D114442C60E31B0233434552D809EB56
:10D6F000040219F8043092F801A04AEA032A02341D
:10D700002C60E71B5744474546D8BAF1000F45D077
:10D7100002AB00930D23524609EB04013046FEF79D
:10D7200007FD044660BB2B6853442B60D6F860317C
:10D73000B3B11B68A3B1D6F864318BB11B687BB160
:10D740000023BDF80A204EA93046F4F7DDFF40BBA8
:10D7500096F8C432012262F3010386F8C43206E06F
:10D7600096F8C432022262F3010386F8C4322B68B1
:10D77000D6F8B82213442B6021460B480EF064FC07
:10D78000204658B0BDE8F087084CF9E7074CF7E7AA
:10D79000064CF5E7054CF3E7044CF1E76FF4D4745D
:10D7A000EEE76FF4D474EBE79CA90408B8FEFFFF22
:10D7B000F8B504460D4616461F460D480EF026FCE9
:10D7C0003B46324629462046F3F7C4FB054628B9B6
:10D7D00094F8C43203F03003102B05D029460448D6
:10D7E0000EF032FC2846F8BD052384F8D732F5E761
:10D7F000B8A90408F0B593B014461A9A042A29D19E
:10D8000006460F461D461B9BE3B9B4F1FF3F25D0EA
:10D810001B9B2BB320221C9B089306230793069285
:10D820000AAA0592199A0492189A03920293104B2D
:10D830000193202300932B46224639463046FFF7BA
:10D840003AF909E0006F0AA9403011F06FFE002894
:10D85000DBD001E06FF0E70013B0F0BD2024D7E784
:10D86000202200210AA81CF0CBFC0022D3E700BF35
:10D8700020CF040830B587B004460D460F480EF09F
:10D88000B7FBA4B1E368ABB15B6894F8DC1101228B
:10D890000492039202910C220192094A00924FF0E5
:10D8A000FF3229462046FFF7A5FF07B030BD6FF0D5
:10D8B000AC00FAE76FF0AC00F7E700BFCCA90408B2
:10D8C00010CF040830B587B004460D460F480EF05F
:10D8D0008FFBACB1E368B3B15B6894F8DC21002145
:10D8E00004910121039102920C220192084A0092B4
:10D8F0004FF0FF3229462046FFF77CFF07B030BDCE
:10D900006FF0AC00FAE76FF0AC00F7E7ECA90408A1
:10D9100000CF040830B587B004460D460F480EF01E
:10D9200067FBA4B1E368ABB194F8DC110122049267
:10D93000039202910C220192094A0092A5334FF002
:10D94000FF3229462046FFF755FF07B030BD6FF084
:10D95000AC00FAE76FF0AC00F7E700BF0CAA0408D0
:10D96000F0CE040830B587B004460D460F480EF0DF
:10D970003FFBACB1E368B3B194F8DC210021049122
:10D980000121039102920C220192094A0092A533CF
:10D990004FF0FF3229462046FFF72CFF07B030BD7D
:10D9A0006FF0AC00FAE76FF0AC00F7E72CAA0408C0
:10D9B000E0CE040870B586B004460D4616460B4806
:10D9C0000EF016FB94F8DC310496002203920293C9
:10D9D0000B230193064B00932B464FF0FF32294651
:10D9E0002046FFF707FF06B070BD00BF4CAA040831
:10D9F000C8CE0408F0B587B004460E4615461F464B
:10DA00000A480EF0F5FA94F8DC31049700220392EC
:10DA1000029308230193064B009333464FF0FF32E5
:10DA200029462046FFF7E6FE07B0F0BD74AA0408B9
:10DA3000D4CE040810B584B0044610480EF0D8FACD
:10DA4000ACB1E068B0B100F17501A53094F8DC31FB
:10DA5000042B0AD000230293002201920090134667
:10DA60002046FFF78FFA04B010BD0623F3E76FF0EE
:10DA7000AC00F8E76FF0AC00F5E700BF8CAA040833
:10DA800010B58EB0044619480EF0B2FA44B3E368FC
:10DA90004BB394F8DC2104920022039202920722F5
:10DAA0000192134A009275334FF0FF3206A92046C7
:10DAB000FFF77EFA80B9E268516894F8DF31926826
:10DAC00094F8DCC1BCF1040F08D0029001920091DF
:10DAD00006AA2046FFF756FA0EB010BD0620F4E75E
:10DAE0006FF0AC00F8E76FF0AC00F5E7A0AA04080F
:10DAF000C0CE040810B58EB0044619480EF078FA6E
:10DB00003CB3E36843B35B6894F8DC2104920022E1
:10DB10000392029207220192124A00924FF0FF32C2
:10DB200006A92046FFF744FA78B9E168A53194F8D0
:10DB3000DF3194F8DC21042A09D0029000220192FE
:10DB4000009106AA2046FFF71DFA0EB010BD062070
:10DB5000F3E76FF0AC00F8E76FF0AC00F5E700BF5B
:10DB6000B8AA0408C0CE04082DE9F04786B0804664
:10DB70000E4617461C46E0200EF0A0FA002800F0E2
:10DB800004810546032F0DD098F8C43203F030030A
:10DB9000103B18BF0123012F14BF00270127BB42F0
:10DBA00018D00127032E21D0042E3AD0022E55D1B1
:10DBB00017F0010F10D16FF0AC0617F0020F4FD025
:10DBC00008F140014046FFF77DFE0646002847D099
:10DBD000002473E00227E5E708F110014046FFF753
:10DBE00049FE06460028E8D0002467E017F0010F40
:10DBF0000DD16FF0AC0617F0020F31D008F14001E3
:10DC00004046FFF7AFFE064650B3002456E008F149
:10DC100010014046FFF77EFE06460028EBD00024A8
:10DC20004CE017F0010F0ED16FF0AC0617F0020FA9
:10DC300016D0002208F140014046FFF7BBFE064621
:10DC400070B100243AE0012208F110014046FFF7CC
:10DC5000B1FE06460028E9D000242FE06FF0AC06A4
:10DC600064B317F001092BD14C4617F0020A43D1D7
:10DC7000B9F1000F5CD1BAF1000F19D044480EF091
:10DC8000B7F998F8DC21002304930393029202234E
:10DC90000193404B009308F14003B8F8D4212919AF
:10DCA0004046FFF7A7FD064640B9B8F8D4311C44FA
:10DCB0003A4629464046F9F79AFC06462B465AE072
:10DCC00035480EF095F998F8DC31012204920022D3
:10DCD0000392029303230193304B009308F1100346
:10DCE000B8F8D22129464046FFF784FD06460028B1
:10DCF0003BD1B8F8D241B8E729480EF079F998F845
:10DD0000DC21002304930393029203230193234B0A
:10DD1000009308F14003B8F8D22129194046FFF7D3
:10DD200069FD06460028C9D1B8F8D2311C449FE7E6
:10DD30001C480EF05DF998F8DC31012204920022B3
:10DD40000392029302230193124B009308F11003F4
:10DD5000B8F8D42129194046FFF74CFD06460028A3
:10DD6000ACD1B8F8D4311C4485E70024A6E70022E2
:10DD700003F8012B0C46611E002CF8D128460EF04A
:10DD8000A9F9304606B0BDE8F0876FF07C06F8E7E9
:10DD90000CAB0408B8CE0408D0AA0408BCCE040812
:10DDA000E4AA0408F8AA04082DE9F04387B0044661
:10DDB0000F461646BDF83C90B0F8D881A3EB080595
:10DDC000ADB22F480EF022F9002384F8D430D4F8F5
:10DDD000CC30BBB1D4F8CC1000294ED0012304F5CF
:10DDE00026722046FEF7E2FD012384F8D43094F831
:10DDF000DA31072B0CD0092B25D022480EF0F8F889
:10DE0000214837E00C200EF059F9C4F8CC00E1E7C6
:10DE1000D4F8CC30CDF814900E9A0492CDF80C8042
:10DE2000721902920C22019200932B463246394617
:10DE3000D4F8C40004F09AFC022384F8D430D4F857
:10DE4000CC300C2213E073190393CDF808900E9B8D
:10DE50000193D4F8CC3000932B4632463946204605
:10DE6000FFF78EF9E8E7002203F8012B0A46511E5E
:10DE7000002AF8D107B0BDE8F0836FF07C00F9E725
:10DE800020AB0408287C0408C8FEFFFF2DE9F047FA
:10DE90008AB006460F4691461D46DDF84880DDF8FB
:10DEA00054A04E480EF0B2F8002386F8DF320593F6
:10DEB00006930793089309930523079308EB03023E
:10DEC00005920693BAF1000F07D007B94DB1444847
:10DED0000EF08EF86FF0AC0475E0002F77D0002DB7
:10DEE00078D008F106040594B6F8D8311C4405949E
:10DEF000BAF1000F67D14C4547D8053CA1B2ADF847
:10DF0000201096F8C63213F0020F44D00698384419
:10DF1000A84203D042462946E2F7E2FD069B43446D
:10DF20000693022386F8DF32149B4BB10023079A35
:10DF3000424439463046F0F798FD0446002839D16E
:10DF4000069B5A1C0692139AFA54099A00210698C5
:10DF500038441CF055F9069B099A13440693042390
:10DF600086F8DF32079BFD18169A02929BB2019346
:10DF70000097BDF820302A4629463046FFF7F4F9CD
:10DF80000446B8B1BDF8203011E016480EF030F864
:10DF90006FF0830417E0334617223846FEF77EFC05
:10DFA000B4E72A46002302F8013B15460B46591EEA
:10DFB000002BF6D1214609480EF046F8002386F8DA
:10DFC000DF3204B9059C20460AB0BDE8F0876FF047
:10DFD000AC04F8E76FF0AC04F5E700BF30AB040821
:10DFE00044AB0408947504082DE9F04F93B004463F
:10DFF00000251095B6480EF009F8ADF844500123FD
:10E0000084F8CC3294F8C43203F00303022B33D0EB
:10E01000D4F860310BB31A68FAB19B6808930023F7
:10E020000BB3D4F878215300991C0E910898C31DA6
:10E030000B441F46411803310D91002836D0002AA9
:10E040003BDDD4F874211068079092680A929F18FB
:10E0500011440D9107230C9316E09E480DF0C8FF64
:10E060009D4B069357E112AA02EB4302022122F8CC
:10E07000041C01339BB2D3E70427002307930E93BC
:10E080000D930C970A9308930F97D4F8B83113B1F6
:10E090000C9A1344FF1A4FF480412046F7F7D2FD43
:10E0A0000B904FF0020A0026069655E0089B0A9353
:10E0B0000023079307230C93E6E700230793072227
:10E0C0000C920A93E0E70B9ABB1A65EB0505ED0F7E
:10E0D0006B1E6D423D4013401D436B1D4FF0050903
:10E0E00055E0234616222946FEF7D8FB089941B190
:10E0F000D4F8B821BDF8443003EB01084245C0F024
:10E1000085800A9B13B1002D40F0A280B9F1040F65
:10E1100040F3D680A9F10503002204920392012264
:10E1200002921622019200930BF10503099A5946B7
:10E130002046FFF7ABFE0028C0F2F180D4F8003192
:10E140000344C4F80031002384F8CC3294F8C83278
:10E1500013F0200F00F0C480002F40F3C680069B10
:10E16000002B40F0C280D4F8B831002BABD1089B13
:10E170000C9A13440E9A13440A9A13440B9A151FCF
:10E18000AB4200D81D4605F109034FF0090946339B
:10E19000099319462046F0F7C5FF0690002840F085
:10E1A000BA802046F0F7E6FE8346D4F8B831002B5B
:10E1B00097D101940B2300930F9B00222946FEF771
:10E1C00097FB09F1010300220BF809200BEB030276
:10E1D0000D98C0F307410BF80310C0F307235370E9
:10E1E000907009F104033A1F291F089860B30BEBE4
:10E1F0000302C0F307410BF80310C0F30723537069
:10E20000907009F10709073F073D6FE7D4F86011E7
:10E210000968002003900BEB090002900195009221
:10E22000089A2046FEF768FF8144D4F8B8310344C9
:10E23000C4F8B8313F1A2D1A98457FF462AF04F53F
:10E24000BE7008F098F85CE799460D46174658E707
:10E2500023462C4655469A461AE0BDF844800023D2
:10E2600003930BEB09030293019400954346324656
:10E2700007995046FEF740FF8144DAF8B83103446D
:10E28000CAF8B8313F1A241A0544B044A8F102066E
:10E2900084B1B31CAB42E0D1DAF874311868109A3B
:10E2A0008218079210AA9968FEF7E4FB064620B18F
:10E2B0000025D2E75446AA4628E75446824625E779
:10E2C00006480DF095FE6FF08303069323E000BF30
:10E2D00084AB0408648C040848FEFFFF8C8C04089F
:10E2E0002046F0F7C7FD069036E76FF4A373069A51
:10E2F0009A420CD0002384F8CC32C4F8B83194F898
:10E30000C43213F0300F02D1052384F8D7320699B6
:10E3100004480DF099FE069813B0BDE8F08F069002
:10E32000F9E700BF84AB04082DE9F04387B0044649
:10E3300090F8DF6167480DF069FE012384F8CC3264
:10E3400072212046F0F7EEFE054618B1284607B0C8
:10E35000BDE8F0832046F0F70DFE074600F1050802
:10E360000194142300933346002231464046FEF7C1
:10E37000A0FA94F8DA32002B4BD194F8C43203F0AF
:10E380003003102B52D104F5F279002307F1090272
:10E3900049462046FFF727F905460028D6D1002335
:10E3A00004930393012302931623019304360096EA
:10E3B0004346722239462046FFF768FD0028C0F226
:10E3C0008780D4F800310344C4F80031002384F876
:10E3D000CC3294F8C43213F0300F3FD094F8C432EA
:10E3E00003F03003102B5DD094F8C43203F03003F7
:10E3F000102B63D013B90A2384F8D7322046F0F7E4
:10E4000039FD05460028A1D1014632480DF01CFE19
:10E410009CE704F5F27901234A4604F110012046F5
:10E42000FFF7E8FA05460028AFD08FE7002304F590
:10E43000F27204F110012046FFF7DCFA05460028CD
:10E4400084D104F5017901234A4604F140012046B4
:10E45000FFF7D0FA0546002897D077E72046FFF768
:10E4600049FB054600287FF471AFE2685368926863
:10E4700003E0002203F8012B0A46511E002AF8D1BE
:10E480000123032211462046FFF76EFB05460028B4
:10E490007FF45CAF01212046F9F75EF805460028BD
:10E4A0009CD053E794F8DA32002B9DD1012120460D
:10E4B000F9F752F80546002896D047E70F2284F86E
:10E4C000D822102284F8D922012284F8DA2291E796
:10E4D000014D3BE79CAB0408C0FEFFFFF0B589B0DF
:10E4E00004460023ADF81E303D480DF08FFD01239A
:10E4F00084F8CC3284F8BC322046FDF7EDF90546AD
:10E5000010B1284609B0F0BD2046FFF7B9FA05461C
:10E510000028F6D10123032202212046FFF724FB25
:10E5200005460028EDD103212046F9F715F80546E8
:10E530000028E6D10DF11E0208212046FDF784FCDB
:10E5400005460028DDD1BDF81E604F363146204615
:10E55000F0F7E8FD05460028D3D12046F0F70AFD84
:10E56000074623460822BDF81E10FEF7ADF900232A
:10E57000082207F109012046FDF7E6FC05460028C0
:10E58000BFD1BDF81E300433002204920392012251
:10E5900002921622019200937B1D32463946204694
:10E5A000FFF774FC002819DBD4F800310344C4F8E9
:10E5B0000031002384F8CC32042384F8D73294F855
:10E5C000C83213F0200F04D0294605480DF03CFD59
:10E5D00097E72046F0F74EFC0546F5E7054690E73D
:10E5E000B0AB04082DE9F04389B0044688461546CF
:10E5F0000023ADF81A3052480DF008FD012384F8CD
:10E60000CC3294F8C43213F0300F40F092800DF108
:10E610001A030093D4F86C3101221F210020EFF778
:10E620000FF9D4F88820BDF81A102046FCF777F8C7
:10E63000064600287FD00DF11A030093D4F86C3100
:10E6400001221F210630EFF7FBF8D4F8883032465C
:10E650000D2104F55A70FCF7F3FB0746002852D150
:10E660006B1C9BB2079307AA0D212046FDF7B6FA53
:10E67000074600284CD1079E4F3631462046F0F71A
:10E6800051FD0746002843D12046F0F773FC814630
:10E6900023460D220799FEF717F989F80950002D36
:10E6A0003AD10A250023079307AB0D2209EB050198
:10E6B0002046FDF715FB074650BB079B1D44053D53
:10E6C00000230493039301230293162301930095DF
:10E6D00009F10503324649462046FFF7D7FB0028DB
:10E6E0002CDBD4F800310344C4F80031002384F853
:10E6F000CC3294F8C83213F0200F15D039461048A8
:10E700000DF0A2FC04E0D4F888103046FCF719F8AC
:10E71000384609B0BDE8F0832A46414609F10A00AF
:10E72000E2F7DEF90A35BDE72046F0F7A3FB07461E
:10E73000E4E7044FECE76FF49777E9E70746E7E78C
:10E74000D0AB0408A8FEFFFF42680AB1002304E032
:10E7500003681A6CFAE702339BB2108898420ED90C
:10E76000D01890F804C008788445F4D1581C10449F
:10E7700090F804C048788445EDD10120704700200E
:10E78000704710B58EB0044600230D9304938DF8A6
:10E790000F3005A9F1F77AFE034610B118460EB006
:10E7A00010BD04F55A73009305AB0DF10F0204A9D7
:10E7B0002046FEF70CF903460028EFD10194FE2312
:10E7C000009300231A469DF80F100DA8FEF771F86C
:10E7D0002046EFF795FE03460028DFD104220DA95D
:10E7E0002046F0F72FF903460028D7D19DF80F20D7
:10E7F00004992046F0F726F90346CFE7F0B587B035
:10E80000044681480DF002FC002C00F0F680012344
:10E8100084F8CC3266681EB32EB3002584F8DE522D
:10E820000295039504950595019509230393338873
:10E830002633059301AA29462046FEF728FCBDF899
:10E840000430059A13440593012384F8DE322946E7
:10E850002046FDF70BF9054658B1284607B0F0BD34
:10E8600023681E6CD8E769480DF0C2FB6FF4B975D8
:10E87000F3E7042384F8DE3205AA01212046FDF7E0
:10E88000ADF905460028E8D10599093104912046E3
:10E89000F0F748FC05460028DFD12046F0F76AFB78
:10E8A0000290234601220599FEF70EF8039B5A1C9D
:10E8B000039203220299CA54039B591C03910299A3
:10E8C000CA54B4F8CE31A4F8D031E368002B00F07C
:10E8D000978094F8DC22F2B920220299039B194414
:10E8E000E06F0EF0DAFC05460028B6D1E368029826
:10E8F00003994218475855689068D1685F619D61D7
:10E90000D8611962176955699069D1695F629D6222
:10E91000D862196318E0DDF808E0039F0EEB0702E8
:10E92000D3F814C09D69D869196A4EF807C05560BC
:10E930009060D160D3F824C09D6AD86A196BC2F880
:10E9400010C055619061D161039B2033039303AAEA
:10E9500002992046FEF79BFB33880299039A881898
:10E960001D0A8D544370039B02330393314631F8E3
:10E97000042B02981844E2F7B3F83288039B13443F
:10E9800003935A1C039201220299CA5403998B18CB
:10E990000393002302984354059305AB029803990F
:10E9A00001442046FDF79CF9054600287FF455AF49
:10E9B000039A059B1A440392002302992046F0F71C
:10E9C00054F8054600287FF448AF0C2384F8D83269
:10E9D000002384F8CC32D4F80031049A1344C4F8EC
:10E9E0000031052384F8DE322046F0F743FA05466D
:10E9F000014605480DF028FB2FE76FF0AC052CE72A
:10EA00006FF0AC0529E700BFECAB040804AC0408C8
:10EA10002DE9F0438BB004460D4617461E46DDF83F
:10EA20004880C5480DF0F2FA002C00F03582E3680A
:10EA3000002B00F03482002384F8DE320493059327
:10EA4000069307930893012E40F22C8238680590B4
:10EA500006902B5AADF8103002300590DAB294F8D7
:10EA6000CE11914200F09680914240F0AA801B0A9C
:10EA7000032B40F0A680222E40F217822022AF49BD
:10EA800028441BF013FB78B9AD480DF0B1FA06230A
:10EA900088F8003094F8CA3113F0100F40F09980D4
:10EAA00013F0800F40F0048298F800308DF8233086
:10EAB000E36805982A1855F80090D2F804E0D2F8D7
:10EAC00008C0D168C3F83490C3F838E0C3F83CC03C
:10EAD0001964D2F81090D2F814E0D2F818C0D169B5
:10EAE000C3F84490C3F848E0C3F84CC0196500F17E
:10EAF0002003059321300590E95C8DF82210069BD8
:10EB0000C21A0A44B24200F2D6812A180792084477
:10EB1000059094F8C52242F0200284F8C522C21A5A
:10EB20000332B24200F2CA81421C0592295C84F889
:10EB3000D112811C0591AA5C84F8D222C21C0592D4
:10EB4000695C00294BD1D11A01F1020CB44554D9AA
:10EB500094F8C53213F0040F00F0B381032384F856
:10EB6000D13184F8CF3194F8C93223F0020384F80C
:10EB7000C9329DF8112094F8DB329A4235D33346DE
:10EB80003A4629462046F4F7A3FD814648460BB095
:10EB9000BDE8F083B3F5407FBFF466AF94F8C5C21B
:10EBA0001CF0040F3FF460AF032384F8D13184F8E4
:10EBB000CF3133463A4629462046F4F789FD81464F
:10EBC000E4E7462202212046F2F732F9DFF8749199
:10EBD000DCE75D480DF00CFADFF86891D6E75B489A
:10EBE0000DF006FA6FF4D479D0E7462202212046D0
:10EBF000F2F71EF9DFF84C91C8E7B1423FD205EBBE
:10EC0000020CA95C9CF8012042EA0122ADF8202008
:10EC100005300590C31A1344B34202D9DFF830918E
:10EC2000B4E703AB009398F8003029182046FDF7AD
:10EC300033FA81460028A9D1039B03BB94F8C5325F
:10EC400013F0040F5DD094F8C63213F0020305D11F
:10EC50009DF8111094F8DB2291425DD32BB19DF801
:10EC6000112094F8DB329A425ED89DF8113084F876
:10EC7000CF3194F8C63223F0010384F8C632012361
:10EC800084F8DE329DF8233088F80030BDF820305B
:10EC9000002B61D1BDF8203013B1059A1A440592BA
:10ECA000B4F8CE01EEF7C3FA08B1059B3B6003232D
:10ECB00084F8D732B4F8CE01EEF7B9FA002840F064
:10ECC0008980E3689DF8222083F87420E06890F83A
:10ECD0007420202A65D8002A6DD194F8C63213F02A
:10ECE000020F73D0FD2384F8D13133463A462946CA
:10ECF0002046F4F7EDFC814601460F480DF0A4F9DB
:10ED000044E714480DF074F9462202212046F2F738
:10ED10008FF8DFF8309039E7462202212046F2F7DB
:10ED200087F8DFF8209031E7462202212046F2F7EB
:10ED30007FF8DFF8109029E730AC040828000020A5
:10ED400044AC0408BAFEFFFF60AC040898AC0408A9
:10ED5000B8FEFFFFC0AC0408B4F8CE01EEF767FAC6
:10ED6000002897D00023009398F80030BDF82020A9
:10ED7000059929442046FDF7DBF9814600287FF4F8
:10ED800005AF98F80030062B84D194F8CA3143F0CF
:10ED9000800384F8CA31DBB223F0080384F8CA3157
:10EDA00078E74B480DF024F9E368002283F87420DB
:10EDB000DFF82091EAE607995430E1F791FE94F8E4
:10EDC000C53243F0200384F8C53286E7032384F874
:10EDD000D1318AE7042384F8DE329DF82220D4F86A
:10EDE000800190F85C309A4236D122B107993C30CC
:10EDF0001BF05CF980BB2046F8F772F981460028C9
:10EE00007FF4C4AE94F8D132132B2BD18DF824307B
:10EE100094F8D2328DF8253009A92046FFF794FCEA
:10EE200030B398F80030022B28D194F8C53223F083
:10EE3000080384F8C532D4F88031B3F8B430002B1D
:10EE400042D0012384F8BC32032384F8D7324946E8
:10EE500021480DF0F9F899E620480DF0C9F86FF453
:10EE6000D47993E61E480DF0C3F86FF4D4798DE69B
:10EE70001C480DF0BDF86FF4FA7987E694F8C632B5
:10EE800043F0010384F8C632022384F8D7322046C7
:10EE9000FFF777FC8146DAE76FF0AC0976E66FF0B2
:10EEA000AC0973E6DFF82C9070E6DFF828906DE689
:10EEB0006FF4C5796AE6DFF81C9067E6DFF8149016
:10EEC00064E6DFF8109061E6DFF81C905EE600BFB4
:10EED00030810408B8FEFFFF30AC0408FCAC040825
:10EEE00020AD040858AD040854FEFFFF2DE9F0439F
:10EEF00089B004460D4617461E469D480DF086F81B
:10EF0000002084F8DE02049005900690079003909C
:10EF1000386805900690222E40F2A88129182B5AB5
:10EF2000ADF81030A4F8D03102300590DAB2022AE0
:10EF300013D994F8C60210F0020F20D1032A15D875
:10EF400011D0032A1BD1C3F30722B3F5407F16D299
:10EF50000123039384F8CF2111E086480DF048F88F
:10EF6000DFF8148284E1B3F5806FEAD303238DF8D0
:10EF700010308DF811300122039284F8CF31039BB9
:10EF8000FBB1039B002B47D094F8C53213F0040F5C
:10EF900022D094F8C63213F0020305D19DF8111067
:10EFA00094F8DB22914206D3E3B19DF8112094F846
:10EFB000DB329A4216D971480DF01AF8DFF8B881A1
:10EFC00056E103AB0093334602222046FEF752FA85
:10EFD000B0F10008D5DA4BE169480DF009F8DFF827
:10EFE000988145E194F8CF819DF8113084F8CF31B4
:10EFF0003246069929442046EFF743FD84F8CF8135
:10F000008046002840F0348133463A46294620465F
:10F01000F5F7C4FB80462BE1E36805996A1855F8BB
:10F020000180D2F804E0D2F808C0D068C3F8148098
:10F03000C3F818E0C3F81CC01862D2F81080D2F8E8
:10F0400014E0D2F818C0D069C3F82480C3F828E0CF
:10F05000C3F82CC0186301F12003059321310591F9
:10F06000EA5C202A00F2108101EB0208B04500F2B0
:10F070000E81D4F8803183F85C2082BBCDF81480F7
:10F08000A06808B10DF026F84FF4AC700DF016F83A
:10F09000A060002800F0FE80059A069BD31A023378
:10F0A000B34200F2FA80AB18AA5C5B7843EA022311
:10F0B0000380059902310591A068028812F0010FC2
:10F0C00040F0EE80069BCB1A13440133B34200F2AA
:10F0D000EA80B2F5967F09D9DFF8A880C8E0D4F8B5
:10F0E000800129443C30E1F7FBFCC7E729440430A8
:10F0F000E1F7F6FCA2681188059B0B4405930023F9
:10F100005380059B591C0591E85CDDF818C0A1EB04
:10F110000C020244B24200F2C98001281CD19A1CA0
:10F120000592695CF1B9A2EB0C01B14200F0C1801B
:10F130000231B14200F2C080A918AA5C91F8019096
:10F1400049EA022904330593A3EB0C034B44B34271
:10F150001ED9DFF830808BE00B480CF049FF6FF4CC
:10F16000D47885E009480CF043FF6FF4D4787FE051
:10F1700080AD040894AD0408BAFEFFFF207F0408A8
:10F18000C4AD0408B8FEFFFF00AE040828AE0408B2
:10F1900001212046FCF76AFC8046002868D1A3685C
:10F1A000009301234A46059929442046FCF7C0FFF5
:10F1B000804600285CD12046F5F7AAFA8046002850
:10F1C00056D194F8C43223F0300384F8C432059B3E
:10F1D0004B44059394F8C53243F0200384F8C532BC
:10F1E00094F8C432012262F3010384F8C432324637
:10F1F000069929442046EFF744FC8046002837D181
:10F200003321D4F86803FBF7B9FA18B3A3685B8815
:10F2100033B3022384F8DE32079B002B4FD04546E0
:10F22000079B022B56D0032384F8DE32042384F894
:10F23000DE32059B3B600C2384F8D832079B002B01
:10F240006AD194F8D132132B60D12046FEF7F2FB3D
:10F2500080460DE031480CF0CBFEDFF8C48007E0BB
:10F2600030480CF0C5FEDFF8B88001E0DFF8B88068
:10F2700041462E480CF0E8FE04A92046FDF7E8FEC2
:10F28000404609B0BDE8F0836FF4D478F0E7DFF8CA
:10F290009880EDE76FF07C08EAE7DFF88C80E7E71D
:10F2A0006FF4D478E4E7DFF88080E1E7DFF8788076
:10F2B000DEE7DFF87480DBE7DFF86C80D8E7A16871
:10F2C0002046F5F7B3F8051EAADA19480CF090FEAF
:10F2D000A846CDE70023039303A92046FCF791FA43
:10F2E0000546039B5BB194F8D732022B0BD0022367
:10F2F00084F8D73210F16C0F03D0454693E700280D
:10F3000091D0A846B4E76FF4D475FAE709480CF039
:10F310006FFE6FF4FA78ABE7A846A9E74CAE040895
:10F32000CAFEFFFF78AE0408B8FEFFFF80AD0408F8
:10F33000ACAE0408D8AE04082DE9F04182B0044612
:10F340000D4668480CF062FE062D15D0012384F8A6
:10F35000CC32D4F8803193F85C302633ADF80630E7
:10F360000DF1060229462046FCF76EFD074660B106
:10F37000384602B0BDE8F0815B480CF039FE20460B
:10F38000FFF7FFF9071EE1DAF2E7BDF8068008F1A2
:10F39000090841462046EFF7C5FE07460028E7D199
:10F3A0002046EFF7E7FD064623460222BDF8061089
:10F3B000FDF78AFA94F8CE31737294F8C63213F0DE
:10F3C000020F73D0FD23B372022D71D0474F0FCFC0
:10F3D000C6F80B00C6F80F10C6F81320C6F8173091
:10F3E0000FCFC6F81B00C6F81F10C6F82320C6F8BA
:10F3F0002730E368D6F80B70D6F80F00D6F8131054
:10F40000D6F817205F639863D9631A64D6F81B7027
:10F41000D6F81F00D6F82310D6F827205F6498642A
:10F42000D9641A65D4F8803193F85C3086F82B30B3
:10F43000D4F8801191F85C20002A43D12C214B1C78
:10F4400094F8D12272548A1C94F8D202F0540331F9
:10F450000023B3542A4631442046FCF775FD074685
:10F46000002885D10023424631462046EFF7FDFAB9
:10F47000074600287FF47CAF022D2ED0002384F8AD
:10F48000CC32D4F800314344C4F8003194F8C83287
:10F4900013F0200F01D0022D03D02046EFF7EAFC35
:10F4A000074639460F480CF0CFFD61E703238AE792
:10F4B000202206F10B01E06F0DF0EFFE0746002859
:10F4C00097D055E73C3106F12C00E1F709FBD4F861
:10F4D000803193F85C102C31B1E7032384F8D732E4
:10F4E000CCE700BF14AF04082CAF040828000020AC
:10F4F0002DE9F04706460D4690461F4690F8C44257
:10F50000C4F301144022202128461AF079FE04B9E0
:10F510001FBB012C20D094B98FB9DFF87CC005F156
:10F5200040040CF1200E67460FCF20606160A2609E
:10F53000E360BC4610347745F5D13B88238005F164
:10F5400062013046FDF7A8FA002803DB6230A8F814
:10F5500000000020BDE8F087CFB9DFF8409005F14A
:10F56000400C09F1200ACE46BEE80F00CCF800009E
:10F57000CCF80410CCF80820CCF80C30F1460CF193
:10F58000100CD645EFD1BEF80030ACF80030012C9D
:10F59000C1D1002FC1D1BEE750AF040874AF040839
:10F5A000F0B59DB0229B042B04D06FF0AC06304622
:10F5B0001DB0F0BD07460C46154668460FF092FF99
:10F5C00006460028F3D12A46214668460FF053FF2D
:10F5D000064630B168460FF08CFF002EE7D120269A
:10F5E000E5E7394668460FF055FF0646F2E7F0B505
:10F5F000A5B00F4616461D4601230DF10A0203A9C8
:10F60000FFF776FF08B9082F01D025B0F0BD002222
:10F610008DF809200DF109013046EEF71BFB00289B
:10F62000F3DB03A800963B46BDF80A200146FFF72E
:10F63000B7FF0028E9DB9DF8093000932A9B2A4692
:10F64000014603A80FF0D1F8DFE700002DE9F041F3
:10F650008CB004460E4690461F46C4480CF0D6FCBB
:10F66000002584F8DE522022294604A81AF0C8FD9D
:10F67000022384F8D53284F8D652D8F800000890D6
:10F680000990012384F8DE329F4240F2618104F246
:10F69000D62204F2D5213044FDF7C8F9051EC0F288
:10F6A00084800898831C089309995A1A0232BA4236
:10F6B00000F25081F518F25C6B7843EA0223ADF852
:10F6C000183004300890401A1844B84200F24481BF
:10F6D000B3F5C07F00F2428194F8D632032B7DD07F
:10F6E000002294F8D632012B00F08780082B00F01E
:10F6F0008A80002A00F09280BDF818500795D4F84F
:10F70000F03223B194F8F432002B40F08D80822047
:10F710000CF0D4FC01460A90002800F0248101235B
:10F720000BAA2046FFF7E4FE051E3EDB94F8D63216
:10F73000032B00F08A80022384F8DE3208990E44FD
:10F7400094F8D632082B00F0928094F8D632032B2E
:10F7500000F0B3804DBB032384F8DE32D4F8F032DE
:10F7600023B194F8F432002B40F0D080042384F8C5
:10F77000DE3294F8C73243F0800384F8C732BDF814
:10F780001820089B13440893C8F80030D4F8B82216
:10F790001344C8F80030052384F8DE3294F8C432EC
:10F7A00003F03003102B00F0CF8029466F480CF097
:10F7B0004BFC25B16FF4D4739D4240F0E78004A95F
:10F7C0002046FDF74EFC2046EFF7DCF800212046EE
:10F7D000EFF7C0F828460CB0BDE8F08164480CF0A3
:10F7E00007FCD4F84C3323B194F852331BB90022F0
:10F7F00077E7002275E7012273E75E480CF0F8FB1B
:10F800006FF4D475D1E75C480CF0F2FBD4F8F03219
:10F8100023B194F8F432002B7FF46EAF57480CF00C
:10F82000E7FB6FF0E405C0E70899771828460CF06D
:10F8300045FCC4F82001002800F09280C4F824514F
:10F840002A463946E1F74CF961E794F85233002B28
:10F850003FF471AF94F8D522BDF82C100A98FDF74B
:10F860009DFE051EA1DBADF82C50002563E7D4F802
:10F87000F032002B3FF469AF94F8F432002B3FF4E0
:10F8800064AF3F480CF0B4FB94F8D63294F8D5221C
:10F8900000210391D4F8F01202910192009304AB7D
:10F8A000D4F82421D4F820112046EEF72BFA051EB7
:10F8B000FFF64BAF0595002547E794F85233002B30
:10F8C0003FF448AF2F480CF093FBBDF82C300022DA
:10F8D0000292D4F84C23019200930A9B079A314676
:10F8E0002046EEF741FB051EFFF65FAF94F8CA32E3
:10F8F00043F0010384F8CA3204F5537225212046EF
:10F90000EEF7B2FF002384F8523323E7059B009300
:10F91000049B94F8D52294F8D6122046FFF767FE90
:10F92000054600287FF441AF002384F8F43204F543
:10F930003C720A212046EEF797FF94F8CA3243F052
:10F94000010384F8CA3211E7062384F8D7322CE782
:10F950000D4D2AE70C4D28E70B4D26E70A4D24E70D
:10F960006FF07C0521E76FF07C051EE798AF040877
:10F97000B4AF0408C8AF0408F4AF040808B0040822
:10F9800034B0040850B00408B8FEFFFF332202214F
:10F990002046F1F74DFA12E770B590B00446C3481F
:10F9A0000CF034FB012384F8CC32002184F8DE1201
:10F9B000282206A81AF024FC94F8C43203F00303AA
:10F9C000022B00F07E814FF4E3730A934FF403712E
:10F9D0000A912046EFF7A6FB054688B12946B348B1
:10F9E0000CF032FB06A92046FDF746FB2046EEF759
:10F9F000C9FF00212046EEF7ADFF284610B070BDCC
:10FA00002046EFF7B7FA0690012384F8DE32D4F8E7
:10FA10000831D4F800219B1AA3F1090609230893A1
:10FA200018440790D4F86431002B00F02F8109A905
:10FA30002046F2F7BFFF05460028CFD1002EC0F2C6
:10FA40002881099BB34200F32781002B00F0278116
:10FA5000D4F8A4300A2B06D0252B40F023810323B1
:10FA60008DF82E3002E008238DF82E3094F8D31252
:10FA70009DF82E30079A032B72D0082B74D00C9B64
:10FA8000002B75D000230DAA0C992046FFF730FDFE
:10FA900005460028A2D1D4F8A4300A2B7BD0D4F894
:10FAA000A430252B00F09080022384F8DE32079BDF
:10FAB0001E1DD4F8A430252B00F09780D4F8A43074
:10FAC0000A2B00F0A680002D88D1BDF82C20079BC2
:10FAD000110A9970DA70032384F8DE32D4F8A43066
:10FAE0000A2B00F0BB80002D7FF478AF042384F84C
:10FAF000DE32BDF82C1023460F2204310698FCF7A5
:10FB0000E3FEBDF82C3003F10D020A92052284F8C1
:10FB1000DE2206990022049203920122029216220A
:10FB20000192083300934B1D4FF4E3722046FEF719
:10FB3000ADF90028C0F2C3800A90D4F80031034424
:10FB4000C4F80031002384F8CC3294F8C83213F0A2
:10FB5000200F7FF443AF2046EFF78CF905463DE7D1
:10FB60001170032353708AE708231370517086E7DE
:10FB7000D4F8A4300A2B09D082200CF09FFA0C9004
:10FB800000287FF47FAF6FF07C0527E70998822873
:10FB9000F3D88220F1E72020C4F824010CF08EFA7B
:10FBA000C4F82001002800F0838094F8D332009339
:10FBB0009DF82E30BDF834200C99FFF7F1FC002899
:10FBC00079DBC4F824016AE70A9B089A9B1A043B74
:10FBD000099394F8D322BDF834100C98FDF7DEFC9D
:10FBE00000286ADBADF834005EE7D4F8A0300022CC
:10FBF0000292019309AB00933346BDF834200C996F
:10FC00002046EEF78FF90546BDF82430ADF82C30CC
:10FC100054E7D4F820110E91D4F824210F929DF8C6
:10FC20002E3094F8D302D4F8A050D4F864C1CDF8A3
:10FC300010C003950290019309AB00933346204610
:10FC4000EEF716F8054600287FF4C8AE099AADF81D
:10FC50002C2031460C98E0F743FF34E7D4F82431E8
:10FC60009DF82E2094F8D312D4F8A000D4F8645153
:10FC700004950390029101920093D4F82031099ADF
:10FC80000C992046EEF774F805462CE76FF49E7544
:10FC9000A4E66FF08305A1E66FF083059EE66FF49E
:10FCA0009E759BE66FF0840598E600BF6CB0040873
:10FCB0006FF07C0592E6054690E605468EE6054621
:10FCC0008CE6002599E600BF2DE9F0418AB0044694
:10FCD0000F4615461E460023099347480CF096F937
:10FCE0002B683344109A934200F2818094F8DA3200
:10FCF0008BBB94F8C43203F03003102B37D004F5DB
:10FD0000F278119B002B48D02B68D4F8B8223244EB
:10FD100013442B6094F8C43213F0300F03D194F8DD
:10FD2000DA32002B58D094F8C43203F03003102B91
:10FD300059D043B90F2384F8D832102384F8D9322C
:10FD4000012384F8DA3200212B480CF07DF90020E1
:10FD50000AB0BDE8F08104F5F2780123424604F1CF
:10FD600010012046FDF746FE0028CAD0F0E7012327
:10FD700004F5F27204F110012046FDF73BFE034644
:10FD80000028E5D104F50178424604F140012046FF
:10FD9000FDF730FE0028B4D0DAE709AB01AA4146EE
:10FDA0002046FDF720FC0028D2D1099BB34221D187
:10FDB000202E07D82868324601A938441AF076F96F
:10FDC0000028A1D00D480CF013F93322022120465F
:10FDD000F1F72EF80A48BBE702212046F7F7BCFBF3
:10FDE0000028A0D0B4E70A2284F8D722A1E76FF058
:10FDF0008300ADE70348ABE788B00408EC7404085F
:10FE0000D0FEFFFFB8FEFFFF70B586B004462D4858
:10FE10000CF0FCF847212046EFF784F9054610B1B5
:10FE2000284606B070BD2046EFF7A4F80546461DEB
:10FE3000234618220121FCF747FDB4F8BE32B3FA7D
:10FE400083F35B096B7284F8BE32002384F8BF32FF
:10FE500004930393029316230193052300933346DF
:10FE6000472229462046FEF711F8002827DBD4F860
:10FE700000310344C4F800312046EEF7FBFF05468D
:10FE800018B16FF4A3739842CAD194F8C63213F034
:10FE9000020F0FD101231A4604212046FDF764FE0C
:10FEA00005460028BCD101212046F7F755FB054641
:10FEB0000028B5D1294603480CF0C6F8B0E7024D3A
:10FEC000AEE700BF98B00408C0FEFFFF2DE9F04187
:10FED00005460F4614461E46D2F800801F480CF017
:10FEE00095F8012E36D117F8083023B1012B19D01F
:10FEF0006FF4D47413E0002385F8BF3285F8BE3266
:10FF0000236833442360D5F8B822134423600123C7
:10FF1000022204212846FDF727FE044630B1204680
:10FF2000BDE8F081012385F8BF32E9E702212846C8
:10FF3000F7F712FB04460028F1D195F8BF3223B938
:10FF4000014606480CF080F8E9E72846FFF75CFF19
:10FF50000446E4E76FF08304E1E700BFACB00408B7
:10FF60002DE9F04385B0044688461646DDF830900A
:10FF70008DF80F301768A6480CF048F833684B44EA
:10FF80000D9A934200F29B819DF80F102046FCF7DA
:10FF9000D3FD054628BB94F8D932102B33D094F802
:10FFA000C43203F03003102B44D033B994F8D83264
:10FFB0001BB99DF80F30012B51D19DF80F30013B3B
:10FFC000172B00F2C980DFE803F08C55C781C7C743
:10FFD000C76BC7C797C776C7A2C7C7C7C7ADC7C7CD
:10FFE000C7BC8C480CF004F815F5A37F05D00A2295
:10FFF00002212046F0F71CFF06E14622022120469E
:020000040802F0
:10000000F0F716FF00E19DF80F20182A07D803F13A
:10001000887303F52053D34013F0010FBFD17E48FE
:100020000BF0E6FF0A2202212046F0F701FF6FF4F1
:10003000BA75E9E094F8D722002AB6D19DF80F20CE
:10004000022AB2D0062AB0D074480BF0D1FF0A229F
:1000500002212046F0F7ECFE6FF4BA75D4E0704848
:100060000BF0C6FF0A2202212046F0F7E1FE6FF4F2
:10007000BA75C9E06B480BF0BBFF0DF10F0300939D
:100080004B46324641462046FEF7C2FC054615F176
:100090006C0F66D13368002B66D0043B336063E09D
:1000A00061480BF0A5FF4B46324641462046FDF71E
:1000B00037FA0546EBE75D480BF09AFF4B463246B0
:1000C00041462046FDF7EAFA0546E0E758480BF0BE
:1000D0008FFF4B46324641462046FDF72FF9054635
:1000E000D5E754480BF084FF4B4632464146204644
:1000F000FEF7FCFE0546CAE74F480BF079FF4B467A
:10010000324641462046FDF753FB0546BFE74B48C4
:100110000BF06EFF4B46324641462046FFF796FAFB
:100120000546B4E746480BF063FF002301930D9B9F
:1001300000934B46324641462046FFF7C5FD054633
:10014000A5E740480BF054FF4B4632464146204657
:10015000FFF7BCFE05469AE73B480BF049FF6FF4FA
:10016000997515F5CC7F95D0B5B9D4F8A03113F1B8
:100170006C0F02D013F5CC7F02D10023C4F8A0315C
:100180009DF80F30013BDBB2172B28D82F4A22FAFB
:1001900003F313F0010F22D02846F3F7EBFEB0F182
:1001A000FF3F24D165BB94F8C63213F0010F27D06E
:1001B00094F8C43203F03003102B21D19DF80F3096
:1001C000022B47D09DF80F30142B19D12046FDF794
:1001D00091FC0546C0B9E268536892685BE04A4604
:1001E00008EB07012046EEF74CFC0546D4E7024633
:1001F00002212046F0F71CFE10F59A7FD2D1054669
:10020000294613480BF020FF284605B0BDE8F083CF
:10021000C0B004081C86040854860408D8B004083A
:10022000F08604088887040800B10408A087040841
:1002300020B104084C880408E087040840B1040891
:100240003888040860B10408848804080900800024
:1002500078B104082046FDF7EDFB05460028D3D110
:100260002046FDF70DFC05460028CDD101230322D1
:1002700002212046FDF778FC05460028C4D1032161
:100280002046F7F769F9054600289BD0BCE7002215
:1002900003F8012B0A46511E002AF8D1012303223C
:1002A00011462046FDF760FC05460028ACD102212E
:1002B0002046F7F751F905460028A1D0A4E7014DE3
:1002C000A2E700BFCAFEFFFF2DE9F04786B0044653
:1002D0008846174699460023049375480BF096FE0E
:1002E000E068002839D0D4F8E4503B68ED1AD4F81F
:1002F000B832ED1AC368002B5AD0026951198B42EB
:1003000000D29D1A2A4690F8D5102046F0F7B6FD87
:100310000646002840F0AB80E36818681B6939681E
:100320002A4641441844E0F7DBFBE26813692B449A
:1003300013613B68D4F8B8222A4413443B60E36855
:100340001969DA68914200F09580314658480BF0FF
:100350007BFE304606B0BDE8F087CDF8049004ABD4
:1003600000930DF117033A4641462046FCF779FA0F
:1003700050B9049A9DF817102046F0F77FFD064605
:1003800048B10BF081FEE4E70A2202212046F0F793
:100390004FFD484EDDE7CDF80490049B00939DF897
:1003A00017303A4641462046FFF7DAFD0646D0E7C9
:1003B000CDF8049004AB00930DF117033A46414683
:1003C0002046FCF74EFA00286DD1A5F1040A049AE4
:1003D000BAEB020363EB0303DB0F591E5B4203EA34
:1003E0000A030A401A439DF817102046F0F746FD0D
:1003F000064640BB049844F61E03984226D8824520
:1004000029D2E3689DF8172083F8D520E3680430EB
:10041000D860D4F80C900BF051FEC9F80000E368E6
:100420001868002841D0396804392A464144E0F769
:1004300057FBE3681D613B68D4F8B8222A44134493
:10044000043B3B6085E70BF01FFE82E71A480BF088
:10045000CFFD1A4E7DE7CDF8049000909DF817303F
:100460003A4641462046FFF77BFD06466DE70BF016
:100470000BFE6EE700210391196893F8D5300192C5
:10048000043A009203AA04312046FFF769FD0646AC
:10049000E368186808B10BF01DFEE26800231360E2
:1004A000E268D36051E7034E53E76FF07C0650E7F4
:1004B00094B10408CEFEFFFFEC8804086CFEFFFF39
:1004C00038B50446B3480BF0A1FD002C00F0908134
:1004D00094F8C43203F03003102B2AD10022216893
:1004E0002046EEF72DF80546002840F01B8194F8D1
:1004F000DC32022B2BD024D803B90125D4F80031EB
:1005000053B32046EEF7B6FCB0BBD4F8B83103BB0A
:1005100094F8CC32EBB9FDB194F8DC32013384F8B5
:10052000DC329D480BF064FD00212046EEF712FA04
:1005300012E09A48C4F8A0010BF0A6FD4FF0FF3579
:10054000F0E0043BDBB2042BD8D80125D6E7012527
:10055000D4E793480BF04CFD2046F0F74DFC90B9E2
:1005600094F8DC32092B00F23D81DFE803F0131F21
:100570004D5779868CA1B1C1C4F8A0010BF084FD60
:100580004FF0FF35CEE0C4F8A0010BF07DFD4FF039
:10059000FF35C7E02046FEF731F9C4F8A001A0B945
:1005A000012384F8DC327F480BF022FD94F8D73227
:1005B00083B92046F5F78EFAC4F8A0010028F5DAD1
:1005C0000BF062FD4FF0FF35ACE00BF05DFD4FF03E
:1005D000FF35A7E094F8C63213F0010F0ED194F85E
:1005E000C53213F0040F04D02046F7F7AFFD0546DF
:1005F00098E06D480BF0FCFC6C4D93E0022384F80E
:10060000DC326B480BF0F4FC94F8D732022B15D097
:10061000032384F8DC3267480BF0EAFC94F8D73205
:10062000092B17D82046F5F755FAC4F8A001002881
:10063000F4DA0BF029FD4FF0FF3573E02046FEF7AA
:10064000DDF8C4F8A0010028E2D00BF01DFD4FF04A
:10065000FF3567E0042384F8DC3257480BF0C8FC10
:1006600094F8C83213F0100F01D001255AE0052389
:1006700084F8DC3251480BF0BBFC062384F8DC32F2
:100680004F480BF0B5FC94F8CA3213F0010F4BD071
:1006900094F8C53213F0080F04D194F8C43213F063
:1006A000030F47D1072384F8DC3246480BF0A0FC47
:1006B00094F8C53213F0080F04D194F8C43213F043
:1006C000030F46D1082384F8DC323F480BF090FC3E
:1006D0002046FDF729FEC4F8A001002848D13B4878
:1006E0000BF086FC092384F8DC3239480BF080FCDF
:1006F000D4F894302BB1D4F89810204698470028AD
:100700003BDB94F8C93213F0200F3ED00121204684
:10071000EEF720F90023C4F8A03101211D480BF0A9
:1007200093FC0125284638BD2A480BF061FC4FF0A8
:10073000FF35F7E72046FDF757FCC4F8A00118B9CC
:1007400025480BF055FCADE70BF09EFC4FF0FF3554
:10075000E8E72046FFF720F9C4F8A00118B91F48C0
:100760000BF046FCAEE70BF08FFC4FF0FF35D9E7FE
:100770000BF08AFC4FF0FF35D4E7C4F8A00118480D
:100780000BF036FC4FF0FF35CCE72046EEF7BCFA15
:10079000BCE700BFA8B1040800950408A8FEFFFF4D
:1007A0003C950408C0B10408E8B10408BAFEFFFF94
:1007B000F895040814960408389604085896040816
:1007C00098960408E49604082497040848970408B7
:1007D00058970408BC96040814B2040828B2040808
:1007E0009C97040804480BF003FC4FF0FF3599E791
:1007F0006FF0AC0596E700BFC497040868B110B568
:100800000446B0F8CE01ECF712FD18B12046FFF710
:10081000FBFA10BD6FF0AC00FBE76FF0AC00704767
:1008200038B5044674480BF0F1FB002C00F00B8245
:1008300094F8C43213F0300F24D1002221682046EE
:10084000EDF77EFE0546002840F0DC81D4F86031EB
:1008500003B31B68F3B1D4F864313BB31B682BB30B
:10086000D4F80031002B49D094F8DD32023B0C2B38
:1008700029D8DFE803F02727282727272727272736
:10088000272827005D48C4F8A0010BF0FDFB4FF0BE
:10089000FF35B7E15A480BF0ABFB6FF49E70C4F81C
:1008A000A0010BF0F1FB4FF0FF35ABE155480BF029
:1008B0009FFB6FF49E70C4F8A0010BF0E5FB4FF0B6
:1008C000FF359FE101252046EEF7D4FA88BBD4F826
:1008D000B83183B994F8CC326BB97DB194F8DD327C
:1008E000013384F8DD3248480BF082FB00212046BA
:1008F000EEF730F802E045480BF07AFB2046F0F7BF
:100900007BFAE8B994F8DD320F2B00F29681DFE82C
:1009100013F01E0094013900430049008B00990038
:100920009F00B400CA00DA00EA00F700FD004801A9
:100930005F01C4F8A0010BF0A7FB4FF0FF3561E1A8
:10094000C4F8A0010BF0A0FB4FF0FF355AE194F87A
:10095000D8320B2B0BD82046F5F7BCF8C4F8A00111
:100960000028F4DA0BF090FB4FF0FF354AE1022348
:1009700084F8DD3226480BF03BFBB4F8CE01ECF7EF
:1009800056FC30B394F8D732022B27D0032384F8D7
:10099000DD3220480BF02CFB042384F8DD321E48A6
:1009A0000BF026FB94F8D732022B37D10B2384F8B7
:1009B000D83294F8D8320B2B30D82046F5F78AF885
:1009C000C4F8A0010028F4DA0BF05EFB4FF0FF350D
:1009D00018E12046F7F78EFD054613E10621204673
:1009E000FEF7AAFCC4F8A0010028CFD00BF04CFB06
:1009F0004FF0FF3506E100BF44B20408A8FEFFFF38
:100A0000F0970408149804083898040870980408AB
:100A1000A49804085CB20408CC980408052384F860
:100A2000DD328C480BF0E4FA02212046FEF784FC0C
:100A3000C4F8A001002879D1062384F8DD32864865
:100A40000BF0D6FA072384F8DD3284480BF0D0FA95
:100A50002046FAF797F8C4F8A001002840F0F68085
:100A60002046FDF73BFDC4F8A001002863D1082310
:100A700084F8DD327A480BF0BBFA94F8C53213F0F3
:100A8000080F0AD194F8C43213F0400F58D194F8EB
:100A9000CA3243F0010384F8CA32092384F8DD32F4
:100AA00070480BF0A5FA94F8C53213F0080F04D182
:100AB00094F8C43213F0030F50D10A2384F8DD32C6
:100AC00069480BF095FA94F8C53213F0080F04D179
:100AD00094F8C43213F0030F4CD10B2384F8DD32A9
:100AE00062480BF085FA2046FDF71EFCC4F8A00111
:100AF00000284BD10C2384F8DD325D480BF078FAE6
:100B00000D2384F8DD325B480BF072FA94F8D8328A
:100B10000E2B40D82046F4F7DDFFC4F8A0010028D2
:100B2000F4DA0BF0B1FA4FF0FF356BE00BF0ACFAF2
:100B30004FF0FF3566E00BF0A7FA4FF0FF3561E0AC
:100B4000002211462046FDF74DFDC4F8A001002803
:100B5000A3D00BF099FA4FF0FF3553E02046FDF794
:100B600043FAC4F8A0010028A7D00BF08DFA4FF08B
:100B7000FF3547E02046FEF70FFFC4F8A00100282C
:100B8000ABD00BF081FA4FF0FF353BE00BF07CFA75
:100B90004FF0FF3536E00E2384F8DD3236480BF097
:100BA00027FAD4F8C43223F03F4323F47F0323F41D
:100BB000764323F0BF03402B26D094F8CA3213F0BB
:100BC000010F28D00F2384F8DD322C480BF010FAE7
:100BD000D4F894302BB1D4F89810204698470028C8
:100BE0001FDB94F8C93213F0200F22D001212046D8
:100BF000EDF7B0FE0023C4F8A031012120480BF02E
:100C000023FA0125284638BD94F8CA3243F001037F
:100C100084F8CA32D1E71B480BF0EAF94FF0FF35F0
:100C2000F0E7C4F8A00118480BF0E2F94FF0FF35E7
:100C3000E8E72046EEF768F8D8E714480BF0D8F953
:100C40004FF0FF35DEE74FF0FF35DBE74FF0FF35C4
:100C5000D8E700BF8CB20408F49804085C9A040832
:100C6000B4B204086C99040814990408D8B20408B2
:100C7000F8B20408D0990408389A04081CB3040890
:100C8000E0970408EC9904089C970408849A0408E7
:100C900000B1C165704700B10166704700B141679E
:100CA000704700B18167704710B51446184601239C
:100CB00092B20068E9F744FE08B9204610BD4FF033
:100CC000FF30FBE72DE9F84F002B48D08946174647
:100CD0001E46D3F810A0BAF1000F03D0BAF80830BE
:100CE000934238DA21480BF083F96FF0010B594633
:100CF0001F480BF0A9F95846BDE8F88FB84521DA2E
:100D0000C346002DF3D06C89F368E41ABC42A8BF37
:100D10003C460BEB0408B84524DC696822461944BC
:100D200009EB0B00DFF7DCFEF3682344F3606A890C
:100D30009342E3DB0F480BF05BF92D68356100232C
:100D4000F360DBE715B12846E6F786FB5046E6F789
:100D500003FAC346CBE755464FF0000BD1E74FF0FF
:100D6000FF3BC8E74FF0FF3BC5E700BF38B30408BF
:100D700090B3040874B3040800B54FEA920E4FF024
:100D8000000C0EE051F82C20130A03F0FF1312029E
:100D900002F0FF2213434FEA334340F82C300CF1AA
:100DA000010CF445EED35DF804FB70B40C6804EB61
:100DB000830C0BE01C1D0C601B681468251D15605E
:100DC00025680468261D06606B4023600B68634538
:100DD000F0D370BC704710B584B01C46034610F0C9
:100DE000030F05D111F0030F02D112F0030F09D048
:100DF0004B4013F0030F3AD181EA020313F0030FC3
:100E000018D034E0039002910192A30801AA02A92C
:100E100003A8FFF7CAFF03980299019A04F003049C
:100E200025E011F8013B12F801CB83EA0C0300F82E
:100E3000013B013C11F0030F01D0002CF1D10390D4
:100E400002910192A30801AA02A903A8FFF7ADFF2E
:100E500003980299019A04F0030408E011F8013B99
:100E600012F801CB83EA0C0300F8013B013C002C93
:100E7000F4D104B010BD0B6803EB820C0B68634522
:100E80000ED210B41C1D0C601A6803681C1D04608F
:100E90001C6862401A600B686345F3D310BC70474E
:100EA000704710B582B01446034610F0030F02D10C
:100EB00011F0030F04D04B4013F0030F16D030E0B5
:100EC000019000919208694601A8FFF7D4FF0198AC
:100ED000009904F0030424E011F801CB034613F851
:100EE000012B82EA0C020270013C184610F0030F3D
:100EF00001D0002CF0D101900091A208694601A810
:100F0000FFF7B9FF0198009904F0030409E011F814
:100F100001CB034613F8012B82EA0C020270013C5C
:100F20001846002CF3D102B010BD00002DE9F047A7
:100F300014469A460F684E688A68CB684FEA172CA9
:100F40000CF0FF1C390201F0FF214CEA01074FEAC7
:100F5000162C0CF0FF1C310201F0FF214CEA0106B7
:100F6000110A01F0FF11120202F0FF2211434FEAB1
:100F7000132C0CF0FF1C1A0202F0FF2242EA0C02B2
:100F8000036883EA374E436883EA364C836883EA12
:100F90003143C76887EA3247002203E00831FF295E
:100FA000FCDD0132032A01DC0021F8E74FEA1E6272
:100FB000F24951F82260CCF3074202F5807251F8F1
:100FC00022205640C3F3072202F5007251F8222076
:100FD0005640FAB202F5407251F82220564002699A
:100FE00056404FEA1C6251F82220C3F3074808F527
:100FF000807851F8288082EA0808C7F3072202F5B2
:10100000007251F8222088EA02085FFA8EF202F597
:10101000407251F8222088EA0208426988EA0208F0
:101020001A0E51F82220C7F3074909F5807951F8C3
:10103000299082EA0902CEF3072909F5007951F8CF
:10104000299082EA09025FFA8CF909F5407951F892
:10105000299082EA090285696A403F0E51F827907B
:10106000CEF3074707F5807751F8277089EA070E16
:10107000CCF3072707F5007751F827708EEA070CA5
:10108000DBB203F5407351F823308CEA030CC369DB
:101090008CEA030C330E51F82330C8F3074707F5E9
:1010A000807751F8277083EA070EC2F3072303F510
:1010B000007351F823308EEA030E5FFA8CF303F5C8
:1010C000407351F823308EEA030E036A8EEA030E52
:1010D0004FEA186351F82330C2F3074707F58077CA
:1010E00051F827707B40CCF3072707F5007751F8BC
:1010F00027707B40F7B207F5407751F827707B40A7
:10110000476A7B40170E51F82770CCF3074909F561
:10111000807951F8299087EA0907C6F3072909F56C
:10112000007951F8299087EA09075FFA88F909F5EB
:10113000407951F8299087EA0909876A89EA0707FF
:101140004FEA1C6C51F82C90C6F3074606F58076E2
:1011500051F8266089EA0609C8F3072606F50076E5
:1011600051F8266089EA0609D2B202F5407251F8B8
:10117000222089EA0209C26A89EA02094FEA1E624C
:1011800051F82220C3F3074606F5807651F8266011
:1011900082EA060CC7F3072202F5007251F82220FA
:1011A0008CEA020C5FFA89F202F5407251F82220B3
:1011B0008CEA020C026B8CEA020C1A0E51F8222007
:1011C000C7F3074606F5807651F826607240C9F3EA
:1011D000072606F5007651F8266072405FFA8EF613
:1011E00006F5407651F826607240466B72403E0E1E
:1011F00051F82660C9F3074808F5807851F828802F
:1012000086EA0808CEF3072606F5007651F8266030
:1012100088EA0608DEB206F5407651F8266088EACC
:101220000608866B88EA06084FEA196951F8299082
:10123000CEF3074606F5807651F8266089EA06095E
:10124000C3F3072303F5007351F8233089EA030938
:10125000FBB203F5407351F8233089EA0309C36BED
:1012600089EA03094FEA1C6351F82330C2F30746A9
:1012700006F5807651F8266083EA060EC8F3072348
:1012800003F5007351F823308EEA030E5FFA89F3F9
:1012900003F5407351F823308EEA030E036C8EEA97
:1012A000030E130E51F82330C8F3074606F5807677
:1012B00051F826607340C9F3072606F5007651F809
:1012C000266073405FFA8CF606F5407651F826608A
:1012D0007340466C73404FEA186651F82670C9F3A4
:1012E000074606F5807651F826607740CCF307264E
:1012F00006F5007651F826607740D6B206F54076BE
:1013000051F826607740866C77404FEA196951F8AA
:101310002990CCF3074606F5807651F8266089EAD5
:101320000609C2F3072202F5007251F8222089EA69
:1013300002095FFA88F202F5407251F8222089EA28
:101340000209C26C89EA02094FEA1E6251F82220A2
:10135000C3F3074606F5807651F8266082EA060C4C
:10136000C7F3072202F5007251F822208CEA020C22
:101370005FFA89F202F5407202E000BF28DF04083C
:1013800051F822208CEA020C026D8CEA020C1A0E33
:1013900051F82220C7F3074606F5807651F82660FB
:1013A0007240C9F3072606F5007651F826607240B0
:1013B0005FFA8EF606F5407651F826607240466D6B
:1013C00072403E0E51F82660C9F3074808F5807850
:1013D00051F8288086EA0808CEF3072606F500763D
:1013E00051F8266088EA0608DEB206F5407651F824
:1013F000266088EA0608866D88EA06084FEA1969B9
:1014000051F82990CEF3074606F5807651F826600C
:1014100089EA060EC3F3072303F5007351F823305E
:101420008EEA030EFBB203F5407351F823308EEAC7
:10143000030EC36D8EEA030E4FEA1C6351F823605E
:10144000C2F3074303F5807351F823305E40C8F3BD
:10145000072303F5007351F823305E405FFA8EF3E3
:1014600003F5407351F823305E40036E5E40130E67
:1014700051F82330C8F3074707F5807751F82770F4
:101480007B40CEF3072707F5007751F827707B40A4
:101490005FFA8CF707F5407751F827707B40476E6D
:1014A0007B404FEA186751F82770CEF3074909F5DA
:1014B000807951F8299087EA0907CCF3072909F5C3
:1014C000007951F8299087EA09075FFA82F909F54E
:1014D000407951F8299087EA0907856E6F404FEAF5
:1014E0001E6E51F82E90CCF3074C0CF5807C51F811
:1014F0002CC089EA0C09C2F3072202F5007251F8E8
:10150000222089EA02095FFA88F202F5407251F856
:10151000222089EA0209C26E89EA0209320E51F8D4
:101520002220C3F3074C0CF5807C51F82CE082EAB2
:101530000E0EC7F3072202F5007251F822208EEA40
:10154000020E5FFA89F202F5407251F822208EEA0B
:10155000020E026F8EEA020E1A0E51F82220C7F315
:10156000074C0CF5807C51F82CC082EA0C0CC9F3B6
:10157000072202F5007251F822208CEA020CF2B226
:1015800002F5407251F822208CEA020C426F8CEA7C
:10159000020C3A0E51F82220C9F3074808F580786A
:1015A00051F8288082EA0808C6F3072202F5007283
:1015B00051F8222088EA0208DAB202F5407251F8A6
:1015C000222088EA0208826F88EA02084FEA196935
:1015D00051F82990C6F3074202F5807251F8222093
:1015E00089EA0209C3F3072303F5007351F8233096
:1015F00089EA0309FBB203F5407351F8233089EA05
:101600000309C36F89EA03094FEA1E6351F82320D7
:10161000CCF3074303F5807351F823305A40C8F3E5
:10162000072303F5007351F823305A405FFA89F31A
:1016300003F5407351F823305A40D0F880305A40B7
:101640004FEA1C6351F82330C8F3074606F580764D
:1016500051F826607340C9F3072606F5007651F865
:10166000266073405FFA8EF606F5407651F82660E4
:101670007340D0F8846073404FEA186651F82670C2
:10168000C9F3074606F5807651F826607740CEF319
:10169000072606F5007651F8266077405FFA8CF64B
:1016A00006F5407651F826607740D0F888506F40B4
:1016B0004FEA196951F82990CEF3074606F580766E
:1016C00051F8266089EA0609CCF3072606F500766C
:1016D00051F8266089EA06095FFA88F606F5407631
:1016E00051F8266089EA0609D0F88C6089EA060973
:1016F000160E51F82660C3F3074C0CF5807C51F8A8
:101700002CE086EA0E0EC7F3072606F5007651F8A0
:1017100026608EEA060E5FFA89F606F5407651F8E5
:1017200026608EEA060ED0F890608EEA060E1E0E37
:1017300051F82660C7F3074C0CF5807C51F82C80DB
:1017400086EA0808C9F3072606F5007651F82660F0
:1017500088EA0608D6B206F5407651F8266088EA8F
:101760000608D0F8946088EA06083E0E51F8266014
:10177000C9F3074C0CF5807C51F82CC086EA0C0CA0
:10178000C2F3072606F5007651F826608CEA060CAF
:10179000DEB206F5407651F826608CEA060CD0F8E9
:1017A00098608CEA060C4FEA196951F82960C2F377
:1017B000074202F5807251F822207240C3F30723DA
:1017C00003F5007351F823305A40FBB203F5407320
:1017D00051F823105140D0F89C305940BAF1050F10
:1017E00040F2DF814FEA1E63F84A52F82360C8F3E3
:1017F000074303F5807352F823305E40CCF3072390
:1018000003F5007352F823305E40CBB203F540730A
:1018100052F823305E40D0F8A0305E404FEA1863A3
:1018200052F82370CCF3074303F5807352F823304A
:101830005F40C1F3072303F5007352F823305F4084
:101840005FFA8EF303F5407352F823305F40D0F80F
:10185000A4305F404FEA1C6352F82330C1F30749BC
:1018600009F5807952F8299083EA0903CEF3072914
:1018700009F5007952F8299083EA09035FFA88F99B
:1018800009F5407952F8299083EA0909D0F8A8307F
:1018900089EA0303090E52F82110CEF3074E0EF524
:1018A000807E52F82E9081EA0909C8F3072101F5DC
:1018B000007152F8211089EA01095FFA8CF101F5F3
:1018C000407152F8211089EA0109D0F8AC1089EA78
:1018D0000109310E52F82110C7F3074C0CF5807C3A
:1018E00052F82CE081EA0E0EC3F3072101F50071D6
:1018F00052F821108EEA010E5FFA89F101F540716C
:1019000052F821108EEA010ED0F8B0108EEA010EC6
:10191000390E52F82110C3F3074C0CF5807C52F8B5
:101920002C8081EA0808C9F3072101F5007152F8FB
:10193000211088EA0108F1B201F5407152F8211036
:1019400088EA0108D0F8B41088EA0108190E52F8A4
:101950002110C9F3074C0CF5807C52F82CC081EAA9
:101960000C0CC6F3072101F5007152F821108CEA26
:10197000010CF9B201F5407152F821108CEA010C0A
:10198000D0F8B8108CEA010C4FEA196952F8299086
:10199000C6F3074101F5807152F8216089EA060615
:1019A000C7F3072101F5007152F821107140DBB235
:1019B00003F5407352F823305940D0F8BC305940F9
:1019C000BAF1060F40F2ED804FEA1E6352F8236031
:1019D000C8F3074303F5807352F823305E40CCF31D
:1019E000072303F5007352F823305E40CBB203F5B2
:1019F000407352F823305E40D0F8C0305E404FEA6A
:101A0000186352F82370CCF3074303F5807352F840
:101A100023305F40C1F3072303F5007352F82330EE
:101A20005F405FFA8EF303F5407352F823305F4056
:101A3000D0F8C4305F404FEA1C6352F82330C1F342
:101A4000074909F5807952F8299083EA0903CEF312
:101A5000072909F5007952F8299083EA09035FFA0A
:101A600088F909F5407952F8299083EA0909D0F8F4
:101A7000C83089EA0303090E52F82190CEF30741DA
:101A800001F5807152F8211089EA0109C8F3072194
:101A900001F5007152F8211089EA01095FFA8CF111
:101AA00001F5407152F8211089EA0109D0F8CC10F3
:101AB00089EA0109310E52F821E0C7F3074101F527
:101AC000807152F821108EEA010EC3F3072101F54F
:101AD000007152F821108EEA010E5FFA89F101F5CA
:101AE000407152F821108EEA010ED0F8D0108EEA23
:101AF000010E390E52F82180C3F3074101F58071C0
:101B000052F8211088EA0108C9F3072101F5007194
:101B100052F8211088EA0108F1B201F5407152F83B
:101B2000211088EA0108D0F8D41088EA0108190EBB
:101B300052F821C0C9F3074101F5807152F8211014
:101B40008CEA010CC6F3072101F5007152F821104F
:101B50008CEA010CF9B201F5407152F821108CEABF
:101B6000010CD0F8D8108CEA010C4FEA196952F830
:101B70002990C6F3074101F5807152F8216089EA86
:101B80000606C7F3072101F5007152F821107140D4
:101B9000DBB203F5407352F823305940D0F8DC3003
:101BA00059404FEA4A1300EB4A154FEA1E62074FAD
:101BB00002F5007257F8226006F07F46C8F307422C
:101BC00002F5407257F8222002E000BF28DF040827
:101BD00002F47F021643CCF3072257F8222002F4C6
:101BE0007F425640CAB202F5807217F82220564052
:101BF000C3585E404FEA186303F5007357F823009B
:101C000000F07F40CCF3074303F5407357F82330CF
:101C100003F47F031843C1F3072357F8233003F479
:101C20007F4358405FFA8EF303F5807317F8233033
:101C300058406B6858404FEA1C6303F5007357F82F
:101C4000232002F07F42C1F3074303F5407357F8A6
:101C5000233003F47F031A43CEF3072357F82330CE
:101C600003F47F435A405FFA88F303F5807317F853
:101C700023305A40AB685A400B0E03F5007357F8F7
:101C8000231001F07F41CEF3074303F5407357F86B
:101C9000233003F47F030B43C8F3072857F82810B9
:101CA00001F47F4159405FFA8CF303F5807317F814
:101CB00023304B40E9684B40350A05F0FF153102EF
:101CC00001F0FF210D434FEA3545060A06F0FF16E5
:101CD000010201F0FF2146EA01004FEA3040110AFB
:101CE00001F0FF11120202F0FF2211434FEA3141CD
:101CF0001A0A02F0FF121B0203F0FF2313434FEAFC
:101D0000334325606060A160E360BDE8F08700BFF9
:101D100060B108B58446D0F8F0305B08581E06283C
:101D200007D86046FFF702F9002008BD6FF0AC004D
:101D300070476FF0E100F8E7013900E00139002950
:101D400005DB435C0133DBB24354002BF6D0704714
:101D50000F220B2A06DD835C0133DBB283540BB9FF
:101D6000013AF6E7704700B5C37B03F00103A3EB2C
:101D700043135FFA83FE0022134608E0C15C4FEA7A
:101D8000C11C42EA5102C25401330CF080020F2BF5
:101D9000F4DD037883EA0E0303705DF804FB0000B2
:101DA000F0B583B0054617461E460446DEF798FE9A
:101DB0003A4629462846FEF7DFFF182F40D0202F4D
:101DC0007FD0102F40F0F1802A460021D06801908A
:101DD000994FC0F3074C0CF5007C57F82C3003F0FA
:101DE0007F4C136883EA0C03C0F3072C0CF5407C8E
:101DF00057F82CC00CF47F0C83EA0C035FFA80FCCC
:101E000057F82CC00CF47F4C83EA0C034FEA106C9B
:101E10000CF5807C17F82C707B40884F57F82170A8
:101E20007B40136157687B40536197687B409361A7
:101E30004340D36101310A2900F0B7801032C5E771
:101E40002B460020596901917B4FC1F3074C0CF5DB
:101E5000007C57F82C2002F07F4C1A6882EA0C02B2
:101E6000C1F3072C0CF5407C57F82CC00CF47F0C08
:101E700082EA0C025FFA81FC57F82CC00CF47F4C0C
:101E800082EA0C024FEA116C0CF5807C17F82C707A
:101E90007A406A4F57F820707A409A615F687A40BA
:101EA000DA619F687A401A62DF687A405A620130CC
:101EB00008287AD01F697A409A625140D962183353
:101EC000C0E729464FF0000CC86901900B685A4FD3
:101ED000C0F3074202F5007257F8222002F07F4259
:101EE0005A40C0F3072303F5407357F8233003F437
:101EF0007F035A40C3B257F8233003F47F435A405C
:101F0000030E03F5807317F823305A404B4B53F8F8
:101F10002C305A400A624B685A404A628B685A40D9
:101F20008A62CB685A40CA620CF1010CBCF1070FFF
:101F30003BD001924FEA126E0EF5007E57F82E301C
:101F400003F07F4E0B6983EA0E03C2F3074E0EF5D2
:101F5000407E57F82EE00EF47F0E83EA0E03C2F3A4
:101F6000072E57F82EE00EF47F4E83EA0E03D2B20E
:101F700002F5807217F8222053400B634A695340E0
:101F80004B638A6953408B635840C86320319BE799
:101F90006246002102F8011B94461A46531E002A8D
:101FA000F6D1012E05D003B0F0BD0DF1040C0422D2
:101FB000F4E7D5F8F0309B002FE054F8221001919F
:101FC00054F8231044F82210019944F82310501CAF
:101FD00054F820100191591C54F8216044F82060F5
:101FE000019844F82100901C54F820100191991C8C
:101FF00054F8216044F82060019844F82100D01C76
:1020000054F820100191D91C54F8216044F8206044
:10201000019844F821000432043B9A42CDD301AB2D
:10202000042203E0002203F8012B0A46511E002A75
:10203000F8D10120ACE000BF28DF040828EF040835
:1020400054F8101F0B0E554A03F5807312F82360E5
:10205000534B53F82660C1F3074707F5807712F812
:10206000277007F5807753F827707E40C1F3072764
:1020700007F5807712F8277007F5007753F8277077
:102080007E40C9B201F5807112F8211001F540714E
:1020900053F821107140216061680E0E06F58076BC
:1020A00012F8266053F82660C1F3074707F58077DA
:1020B00012F8277007F5807753F827707E40C1F338
:1020C000072707F5807712F8277007F5007753F890
:1020D00027707E40C9B201F5807112F8211001F518
:1020E000407153F8211071406160A1680E0E06F531
:1020F000807612F8266053F82660C1F3074707F58B
:10210000807712F8277007F5807753F827707E40A4
:10211000C1F3072707F5807712F8277007F50077D6
:1021200053F827707E40C9B201F5807112F8211072
:1021300001F5407153F821107140A160E1680E0E65
:1021400006F5807612F8266053F82660C1F307473B
:1021500007F5807712F8277007F5807753F8277016
:102160007E40C1F3072707F5807712F8277007F53F
:10217000007753F827707E40C9B201F5807112F8DC
:10218000212002F5407253F822307340E3600130A1
:10219000D5F8F03083423FF653AF04E728DF040858
:1021A00028CF04082DE9F04188B080460F4600266C
:1021B00004960596069607966C460068D8F80410B3
:1021C000D8F80820D8F80C300FC412E06846FFF7A2
:1021D000CAFD6400E4B20135072D09DC14F0800F5C
:1021E000F4D0102269460DEB0200FEF75AFEEDE72F
:1021F00001360F2E02DCBC5D0025EDE704AC0FCCF0
:10220000C8F80000C8F80410C8F80820C8F80C3056
:1022100008B0BDE8F081E8B1034689B100B5D1F856
:1022200000E0D1F804C08868CA68C3F8F8E0C3F8D1
:10223000FCC0C3F80001C3F8042100205DF804FBD2
:102240000020C3F8F800C3F8FC00C3F80001C3F88D
:10225000040170476FF0AC0070470000F8B598B308
:102260000E46144619460546103A102A2FD81F4B21
:10227000D34013F0010F2DD0079B33B1102A2CD877
:102280001A4BD34013F0010F2AD0C5F8F440A3082D
:102290000633C5F8F0302846FFF7BDFF074688B97A
:1022A000F02C20D8224631462846DEF719FC22467B
:1022B00029462846FEF760FD069B22463146284601
:1022C000FFF76EFD3846F8BD6FF0AC07FAE76FF028
:1022D000AC07F7E76FF0AC07F4E76FF0AC07F1E796
:1022E0006FF0AC07EEE76FF0AC07EBE70101010020
:1022F00070B18446F02A0ED800B583B00120019059
:10230000049800906046FFF7A9FF03B05DF804FB56
:102310006FF0AC0070476FF0AC00704730B587B01D
:102320000546A2F1100010281AD8134BC34013F031
:10233000010F18D0D5B1E1B102AB002402945C606A
:102340009C60DC6000942846FFF7D2FF08B107B01C
:1023500030BD05F5927202A92846FFF7D9FCF6E7D1
:102360006FF0AC00F3E76FF0AC00F0E76FF0AC009B
:10237000EDE76FF0AC00EAE7010101002DE9F04F55
:1023800089B0129F002800F090800D4616461C462A
:10239000804600230493059306930793C2B1B9B115
:1023A000130902F00F0A0CE00DF1100B1022294660
:1023B0005846FEF776FD41465846FFF7F3FE1035C6
:1023C0004B4603F1FF39002BEED1BAF1000F05D1D6
:1023D0005FB354B33B0907F00F0A1FE0009301936A
:1023E00002930393524629466846DEF779FB04AD13
:1023F000102269462846FEF754FD41462846FFF75D
:10240000D1FEE5E704AD102221462846FEF749FD3E
:1024100041462846FFF7C6FE10344B4603F1FF390C
:10242000002BEFD1BAF1000F42D1F20000238DF85A
:1024300000308DF801308DF80230710F8DF80310E7
:10244000C6F347518DF80410C6F347318DF80510D7
:10245000C6F347168DF806608DF80720FA008DF850
:1024600008308DF809308DF80A307B0F8DF80B306D
:10247000C7F347538DF80C30C7F347338DF80D3051
:10248000C7F347138DF80E308DF80F2004AC1022DF
:1024900069462046FEF705FD41462046FFF782FECD
:1024A000149A21461398DEF71BFB09B0BDE8F08FA4
:1024B0000093019302930393524621466846DEF748
:1024C0000FFB04AC102269462046FEF7EAFC4146A9
:1024D0002046FFF767FEA8E72DE9F04F93B080464E
:1024E000059114469A461D9A1D0903F00F0B0C2AFC
:1024F00015D0102302930EAB019300921C9B002277
:10250000114600F59270FFF739FF0AAE12AB13E9DE
:102510000F0086E80F00059E4FF0000915E01C999A
:102520000EA8DEF7DDFA0023ADF844308DF8463012
:1025300001238DF84730E8E71023224606A93046EC
:10254000FEF749FC103410363D466F1E7DB10EADCE
:102550002846FFF7FDFB06AA29464046FFF7D8FBB1
:1025600081460028E8D0484613B0BDE8F08FBBF1A3
:10257000000F1DD11E9B002BF5D01F9B02931E9BAD
:102580000193CDF800A0059B219A209908F592703F
:10259000FFF7F4FE06AA0AA94046FFF7B9FB8146F9
:1025A0000028E0D11F9A06A91E98FEF77AFCDAE708
:1025B0000EAD2846FFF7CCFB06AA29464046FFF79A
:1025C000A7FB81460028CED15B46224606A93046AD
:1025D000FEF701FCCEE72DE9F04F95B080460D46A1
:1025E00014461F461F9ADDF884901E0903F00F0B56
:1025F0000C2A22D01023029310AB019300921E9B51
:102600000022114600F59270FFF7B8FE10230293E6
:1026100008AB019300972346239A229908F59270FC
:10262000FFF7ACFE04AA10A94046FFF771FB07466E
:1026300080B1384615B0BDE8F08F1E9910A8DEF7BE
:102640004FFA0023ADF84C308DF84E3001238DF851
:102650004F30DBE710220DEB020108A8FEF721FC4A
:10266000BA4633465E1EB3B10DF1400A5046FFF73D
:102670006FFB0CAA51464046FFF74AFB82460028F2
:102680003CD1102322460CA92846FEF7A4FB1035A6
:1026900010343346E6E7BBF1000F02D13A462098EA
:1026A00021E010AE3046FFF753FB0CAA31464046FE
:1026B000FFF72EFB824608B10746BAE70CAE5A4632
:1026C00021463046FEF7EDFB5A4631462846DEF7F6
:1026D00007FAE3E7C35D07F15001694411F8301CC4
:1026E0004B401A430137B945F4DC52428AF0B30734
:1026F000FF4307EAE2778AEA07079AE7074698E77F
:10270000F0B587B00D9D0E9F0F9C119EE8B18446D9
:10271000102C1DD8FDB104B107B30EB1109800B351
:102720000B2C0CD9059610980490039402970195F0
:102730000C9800906046FFF7CFFE07B0F0BD0A4846
:1027400009F056FC6FF0AC00F7E76FF0AC00F4E76F
:102750006FF0AC00F1E76FF0AC00EEE76FF0AC00AB
:10276000EBE76FF0AC00E8E7A4B30408F0B587B07E
:102770000C9D0D9F0E9E0F9CB0B18446BDB10BB158
:10278000C2B1D1B1E6B1102C1DD8FCB10FB3119874
:102790000590109804900394029601970095604666
:1027A000FFF719FF07B0F0BD6FF0AC00FAE76FF06C
:1027B000AC00F7E76FF0AC00F4E76FF0AC00F1E7C6
:1027C0006FF0AC00EEE76FF0AC00EBE76FF0AC0041
:1027D000E8E76FF0AC00E5E7E8B138B51446054628
:1027E000E1B1083A082A1CD840F21113D34013F083
:1027F000010F19D02246F830DEF772F90023C5F830
:1028000018310C2C01D04FF0FF33C5F81C31C5F83E
:102810002041002038BD6FF0AC0070476FF0AC0075
:10282000F8E76FF0AC00F5E76FF0AC00F2E72DE9E8
:10283000F041069F90B30D4611461C46064687B3ED
:10284000A5F10802082A2FD840F21113D34013F043
:10285000010F2CD0C1B1042C2CD106F1F808C4B959
:102860002A1B08EB040138460AF017FD034648B955
:10287000C6F818010C2D01D04FF0FF33C6F81C31FB
:10288000C6F82051BDE8F081002CE6D06FF0AC0016
:10289000F8E722464046DEF723F9E1E76FF0AC00A7
:1028A000F0E76FF0AC00EDE76FF0AC00EAE76FF037
:1028B000AC00E7E76FF0AC00E4E700002DE9F04D75
:1028C00086B084460E980F9EDDF848A0BCF1000F3C
:1028D00046D0884617461D4664461BB1002A42D0A2
:1028E000002943D0002844D0D4F82031B34243D14A
:1028F000BAF1000F29D0D4F818310133C4F81831D7
:1029000033B9D4F81C310133C4F81C31002B36D054
:1029100004F1F80B32465946DEF7E2F8139B0593B3
:10292000CDF810A0119B0393109B02930196CDF854
:1029300000B02B463A4641462046FFF7E1FE0446EA
:1029400048B1204606B0BDE8F08D139B002BD2D0D5
:102950006FF0AC04F5E731465846FFF7EDF9F0E7C4
:102960006FF0AC04EDE76FF0AC04EAE76FF0AC0495
:10297000E7E76FF0AC04E4E76FF0AC04E1E7014C8B
:10298000DFE700BFFCFEFFFF58B138B50C46054637
:102990004FF49C72002117F033FCC5F8344100203D
:1029A00038BD6FF0AC007047034648B14FF49C72DD
:1029B00003E0002203F8012B0A46511E002AF8D139
:1029C00070470146042030B1421ED30031FA03F3B0
:1029D00001D11046F7E770477F2804D908B5FFF703
:1029E000F0FF013008BD012070478446CB08981CD9
:1029F000083901E001380839002902DD3CFA01F309
:102A0000F8D0032A02D0022A02D070470130704762
:102A10002CFA01FC1CF0800FF7D00130F5E7F0B57F
:102A200002EB820601EB86060024F46002F1010C41
:102A300001E00CF1010C9C4522DA00EB8C0510F84A
:102A40002CE010F82240A6451AD90EF1FF3EA6450B
:102A5000EFD10CEB8C0401EB84046768D6F80CE032
:102A60007744F760AD7815F0020FE2D0A568002D2D
:102A7000DFD1257C072DDCD0E4682744F760D8E758
:102A8000F0BD30B58C46002903DBCCF3C70C083908
:102A900007E001F1070CF8E70CF1FF3C5FFA8CFC52
:102AA0000839002902DD30FA01FEF5D0032B0FD0E2
:102AB0004FF0020E022B29D082F801C0002934DB2E
:102AC00020FA01F302F80E3008390EF1010EF5E795
:102AD00020FA01F515F0010F15D04FF0000E0CF1A2
:102AE000010C5FFA8CFC82F802E04FF0030EE1E784
:102AF0000EF1010E5FFA8EFEECB244FA0EF414F001
:102B0000010FF5D0EBE74FF0010EF5E720FA01F3E6
:102B100013F0800FD0D00CF1010C5FFA8CFC002375
:102B200002F80E300EF1010EC6E730BDB0F5CF7FD2
:102B300003D106230B70002070476FF08B007047A5
:102B4000B0F5CF7F03D101230B60002070476FF0F9
:102B50008B007047062804D140F28F230B600020C1
:102B600070476FF08B007047024B53F821301844C8
:102B7000704700BF4800002003680B600160002020
:102B80007047032904D0B1F5807F0AD00020704738
:102B9000C0F88420C0F888309DF8003080F88C3070
:102BA000F4E7C0F85823C0F85C33EFE7437E173BE7
:102BB000DBB2012B05D843680C3B142B04D8002052
:102BC00070476FF0980070476FF0940070470000F6
:102BD00008B562B19446425CAAB9BCF1010F2EDD82
:102BE000014491F90130002B07DA002008BD164896
:102BF00009F0FEF96FF08B00F8E7144809F0F8F9D6
:102C00006FF08B00F2E7BCF1010F01DDFF2A05D068
:102C1000BBB112F0800F0CD10020E7E7084490F917
:102C200001100029F4DA0A4809F0E2F96FF0910086
:102C3000DCE7084809F0DCF96FF09100D6E70020E6
:102C4000D4E71846D2E700BFCCB30408ECB30408BD
:102C50000CB4040830B4040808B50023934245DAE4
:102C600003EB010C10F80CE010F90CC0BCF1000FE4
:102C700012DB4FF0000C0133BCF1000FEEDD93428C
:102C800028D003EB010E10F90EE0BEF1000F27DA99
:102C900001330CF1FF3CEFE70EF0E00CBCF1C00F8C
:102CA00012D00EF0F00CBCF1E00F10D00EF0F80EC8
:102CB000BEF1F00F02D14FF0030CDCE70C4809F035
:102CC00097F96FF08B000AE04FF0010CD3E74FF05B
:102CD000020CD0E7074809F08BF96FF08B0008BDB4
:102CE000034809F085F96FF08B00F8E70020F6E75C
:102CF00044B4040868B4040808B5022A07DD114486
:102D0000084410F9013C002B07DB002008BD0648F1
:102D100009F06EF96FF08B00F8E7044809F068F9E4
:102D20006FF08B00F2E700BF8CB40408A4B4040871
:102D30002DE9F04F83B080460F4616460D9DD5F81D
:102D400040906C6C032C37D0092C4ED00A2C59D0F3
:102D50000A2C6BD00B2C00F082804FF0000A5446F6
:102D6000D146B9F1000F00F0C08095F86D30D5F86C
:102D70005CB02D6E0C9A002A40F0AA80DDF83080FD
:102D8000B8F1000F40F0B3802B193068C0F58072A5
:102D9000934280F0A680224649463844DDF7A0FEE3
:102DA0003368E01830602A4659463844DDF798FE0B
:102DB00033681D4435609AE099F80030552BC3D133
:102DC00099F80130042BBFD199F802A0AAF10303AE
:102DD0000F2B5CD81A46484B03EBC2031C79002C1E
:102DE00058D0454B53F83290BBE7224643494846FA
:102DF00017F05CF90028A9D14FF4807A0E24DFF88F
:102E00000091AEE722463F49484617F04FF90028A7
:102E100043D022463C49484617F048F9002897D14C
:102E20004FF4817A0424DFF8E4909AE72246384987
:102E3000484617F03BF9B0B322463649484617F0EA
:102E400035F9B0B3621E3049484617F02FF9002813
:102E500080D1314809F0CCF86FF08B0847E00A22A6
:102E60002E49484617F022F948BB99F80A3003F575
:102E7000007A032B28D0022B03D11024DFF8A09076
:102E80006FE7284809F0B4F80024A14669E7002458
:102E9000A14666E74FF0000963E74FF0120A0524E8
:102EA000DFF884905DE74FF0140A0F24DFF87C9080
:102EB00057E74FF0130A1024DFF8749051E74FF0F2
:102EC000000A5446D1464CE70F24DFF8689048E7E3
:102ED00000932B465A4651464046FFF752FE804625
:102EE0004EE7154809F084F801E04FF0000840462D
:102EF00003B0BDE8F08F00BFBCF0040868F204081E
:102F00001CB5040844F2040820F204080CB50408B7
:102F100038F204082CF204082CB504084CB5040857
:102F2000C4B4040858B5040814B50408FCB4040873
:102F3000E8B40408D8B4040878B5040838B5049D8A
:102F4000002B76D00C461946002D74DD002C74D071
:102F5000002A74DD23782E2B73D0954273DC431E38
:102F6000012B0BD9042801D0002065E02A46204619
:102F700017F09CF8B0FA80F040095DE001280AD013
:102F8000022804D001283DD10B782E2B3AD1521BB8
:102F900014442A4636E00B782E2B03D00B464FF014
:102FA000000C12E00023002BEAD1A44600239CF879
:102FB00000E0BEF1400F13D0AB4211DA01330CF147
:102FC000010CF4E70CF1010C013393F800E0BEF1C1
:102FD000400F01D0AC45F5DBAC45E4DB0023E2E774
:102FE000AB42CDDABEF1400FCAD10CF1010401337E
:102FF000D21AC5E703F120000EE0984225D1013432
:103000000131013A002A12DD23781148C05C00F03A
:1030100003000128EED018460B780D4D15F803C0BB
:103020000CF0030CBCF1010FE7D12033E5E70120E0
:1030300002E0002000E0002038BD0020FCE7002076
:10304000FAE70020F8E70020F6E70020F4E700BFE9
:10305000F9FB040870B582B006460C46154600E040
:10306000246884B1237BAB42FAD1B268A1688A425A
:10307000F6DB63680091F1682846FFF75FFF0028E0
:10308000EED0012000E0002002B070BD70B582B02B
:1030900006460C461546002201E0012224687CB158
:1030A000237BAB42FAD1B268A1688A42F5DB636840
:1030B0000091F1682846FFF741FF30B90122EDE7A2
:1030C000002002B9012002B070BD01221046F8E7CD
:1030D0002DE9F04387B0444B1B68ADF814301B0C4E
:1030E0008DF81630002879D088460646002977D01A
:1030F000C769C7B14FF00009B9F1020F6CDC09F1E3
:1031000018036B4413F8045C0023019302930393A8
:103110000493022D0DD0042D2BD0012D1CD00020A6
:1031200007B0BDE8F0838369002B5BD04FF0000946
:10313000E2E7D8F82C408CB32A4639462046FFF700
:1031400089FF012822D02A46B1692046FFF79EFF59
:1031500001281FD12468EEE7D8F83040D8F858335A
:10316000002BE8D001220292D8F85C23039204934A
:10317000E1E7D8F83440D8F85033002BDBD00422F4
:103180000292D8F8542303920493D4E7174808F026
:103190002FFFC4E7164808F02BFFC0E7039B002B66
:1031A0000FDD049B6BB12A46394601A8FFF752FF99
:1031B000012809D02A46B16901A8FFF767FF012855
:1031C00006D109F1010997E7084808F011FFA6E7C1
:1031D000074808F00DFFA2E70120A1E700209FE7C4
:1031E00000209DE701209BE7D0B5040894B50408B2
:1031F000B0B5040800B583B001AA002108F01EFA9A
:10320000002804DB019B13B103B05DF804FB034805
:1032100008F0EEFE6FF0AB00F6E700BFD4B504088F
:1032200008B594461A46BCF5037F06D040F28F23BA
:103230009C4502D0BCF5D07F0AD108F0BFFA30B966
:10324000029B4FF4CF721A60039B20221A6008BDC4
:10325000024808F0CDFE6FF0E700F8E7ECB504088F
:1032600038B504460D467F2802D82870012038BDA5
:10327000FFF7A7FB034660F07F022A70012005E0FC
:10328000013BDA0024FA02F22A540130002BF7D174
:10329000EDE700002DE9F04F85B082460E469346DB
:1032A000551E002701930EE046F808700AE00AEB6D
:1032B000850252780821207AFFF797FB6060074467
:1032C00046F80870013D002DC0F29C802A4605EBAF
:1032D00085044FEA840806EB8404637C002BE3D169
:1032E000237C082B00F2928001A151F823F000BF4B
:1032F0004B330208AF320208153302080D340208BE
:103300000D3402080D3402080D3402084733020858
:10331000253302080AEB8502527810212089FFF735
:1033200064FBCBE7A06815F053FB8146A06813F05F
:10333000CDF8002818BF09F101094846FFF74CFBFA
:1033400048440130BAE7E068B8E70AEB850999F824
:10335000023013F0020F19D0A36893B16B1C5B45C8
:1033600014DA1AF8231099F8002091420ED903EBD1
:10337000830206EB820251687F1A012151740B44CB
:10338000EDE75B4631465046FFF749FB99F80130BF
:10339000012B1AD0E2680292032B22D0022B17D005
:1033A000002303930298FFF717FB0130039B0344AC
:1033B000184699F8023013F0020F03D0A368002BCF
:1033C0003FF47CAF029B184478E701220292E3E7C6
:1033D000A3688BB193F90030002B02DB0023039329
:1033E000E0E7029B0133029399F8023013F0020FD9
:1033F00005D100230393D5E700230393D2E70123EC
:103400000393CFE7019C2760002001E06FF0BF002D
:1034100005B0BDE8F08F00BF2DE9F04F83B08346C3
:103420000E4690461F46D1F8009000250BE0002381
:10343000009327E00BEB81014B7852460821207A5C
:10344000FFF71FFB0135454580F2BF80294605EB9C
:103450008504A20006EB8404637C002BF2D1B358F0
:10346000A9EB030307EB030A227C072ADFD00BEB4F
:10347000850250789278520102F020020243FA54F9
:1034800001230093237C082B00F2A18001A252F8B3
:1034900023F000BF3B35020835340208B934020876
:1034A000CF350208CF350208CF350208CF350208E4
:1034B00023350208CB3402080BEB81014B785246CE
:1034C00010212089FFF7DDFABCE7A06815F080FA2B
:1034D0000190A06812F0FAFF009B0AEB0301019A29
:1034E000002818BF01321046FFF7BAFE009B0344C4
:1034F0000093A06812F0EAFF30B10023009A0AF8A6
:10350000023013460133009300995144A06815F02E
:10351000F8FA002896D0304808F06AFD6FF0700085
:1035200057E0A16829B1E26800985044DDF7D8FA65
:1035300088E7009B5344A36084E70BEB810301936E
:103540005B78012B1AD0052B22D0E068032B2BD0FF
:10355000022B22D0009B0AEB0301FFF781FE009BA8
:103560001844019B5B78032B27D0022B1ED0A16847
:1035700041B3E268504416F0C7FD63E700994A1C66
:103580000AF80130237A03B1FF230AF8023059E721
:103590000023009A0AF8023054E7A368002BD9D020
:1035A00093F90030002BD5DA0130D3E7A368002B64
:1035B000DDD093F90030002BD9DA00230AF800306F
:1035C0000130D4E75044A0603CE7484601E06FF08A
:1035D000BF0003B0BDE8F08F14B6040894467AB17A
:1035E000435C072B0FD88C44604410F8012CC3F1C6
:1035F000080302FA03F313F0FF0F07D1002070470E
:103600006FF08B0070476FF08B0070476FF08B008E
:103610007047000070B584460D68002010606C1C77
:103620009C420FD81CF805001CF90550002D0FDB3B
:10363000049D15B105199D4240D80C60002800DD9D
:10364000106070BD224808F0D3FC6FF08300F8E7EB
:1036500000F07F0E7546802815D0BEF1010F14D002
:10366000BEF1040F09DC0EF1FF30C00001268640D8
:10367000A6449E450BD8002015E0164808F0B8FC7B
:103680006FF08B00DDE70026F2E78026F0E71248B6
:1036900008F0AEFC6FF08300D3E71CF8045045EA55
:1036A00000207546013405F1FF3E002DF5D10028BC
:1036B0000ADBB042BCDA6FF08B00C2E7074808F0C3
:1036C00097FC6FF08300BCE76FF08B00B9E700BF99
:1036D0003CB604085CB6040884B60408A0B6040826
:1036E00010B582B001240094FFF794FF02B010BD22
:1036F000F0B585B01C460B6803935D1CA54219D834
:103700000E4617460395C35C302B16D10123009358
:10371000234603A9FFF77EFF002811DB0A9B23B194
:103720003B68039A1344A3420DD1039B33600020EE
:1037300005B0F0BD6FF08300FAE76FF08B00F7E79C
:103740006FF08B00F4E76FF08B00F1E72DE9F041AB
:1037500084B080460C4615461F460023039312F0A2
:10376000200F08D000930B4602AA03A9FFF7C0FF61
:10377000002822DB029C102008F0A0FC0646F8B1CD
:10378000601C08F09BFC706088B12246039941449C
:10379000DDF7A6F9736800201855B46005F01F0521
:1037A00035733B6833603E6004B0BDE8F08130465D
:1037B00008F090FC6FF07C00F6E76FF08B00F3E709
:1037C0006FF07C00F0E700009AB19446A1B1B0B16F
:1037D00010B50C68621C9A4205D8035D8CF8003065
:1037E0000A60002010BD074808F002FC6FF083005B
:1037F000F8E76FF0AC0070476FF0AC0070476FF007
:10380000AC007047C8B604082DE9F04186B0064602
:103810000D46144698460C9F1368059300230393A6
:103820003B460DF1130205A9FFF7CEFF68BB9DF8DB
:103830001330AB422CD10D9B00933B4603AA05A944
:103840003046FFF7E7FE002825DB062D07D003985A
:10385000C8F80000059B236006B0BDE8F081039B1B
:10386000022B0CDD059A13441E4416F9013C002B73
:10387000EDDA0A4808F0BCFB6FF08B00ECE7084873
:1038800008F0B6FB6FF08B00E6E76FF08B00E3E724
:103890006FF08B00E0E76FF08B00DDE7A4B4040865
:1038A0008CB4040810B582B001240194049C0094E7
:1038B000FFF7AAFF02B010BD00B583B00093134616
:1038C0000A463021FFF7EEFF03B05DF804FB00006D
:1038D000F0B585B005460C461646002303930293C7
:1038E0000193324808F092FB234602AA03A9284616
:1038F000FFF7E2FF00282CDB029B002B52D023466F
:103900000DF1030203A92846FFF75EFF002826DB1E
:103910009DF80330802B28D0812B2DD196F8A93328
:1039200043F0400386F8A933234601AA03A9284699
:10393000FFF7D6FE071E25DB019B012B26DC039B30
:103940009C4229D9EB5C86F836330027384605B00F
:10395000F0BD174808F04CFB6FF08B07F6E71548F1
:1039600008F046FB6FF08B07F0E796F8A93343F0B9
:10397000200386F8A933D7E70F4808F039FB6FF02A
:103980008B07E3E70D4808F033FBDFE70C4808F04E
:103990002FFB6FF08307D9E70A4808F029FB6FF087
:1039A0008307D3E76FF08B07D0E700BFE8B60408C2
:1039B00000B7040814B7040824B7040838B704088B
:1039C00050B704086CB7040800B583B000931346E1
:1039D0000A460421FFF766FF03B05DF804FB000010
:1039E00000B583B00023019313600F295FD8DFE88F
:1039F00011F0100018003200590066005E007E00D1
:103A00001401230133013B01B901CE01EA01C201D6
:103A1000F201B0F5CF7F4AD1A64B01930923136081
:103A200045E040F28E23984210D040F28F23984216
:103A300007D0B0F5037F3AD19F4B01930823136061
:103A400035E09E4B01930923136030E09C4B0193BA
:103A5000092313602BE040F2872398421DD0B0F574
:103A6000227F0CD240F20623984211D040F28523E7
:103A700098421CD1934B01930923136017E040F245
:103A80008E23984213D1904B0193092313600EE0CB
:103A90008E4B01930723136009E08D4B019309239B
:103AA000136004E001A907F0C9FD002803DB0198B9
:103AB00003B05DF804FB874808F09AFAF7E7B0F521
:103AC000DB7F0AD0B0F5E57F0CD0B0F5D17FEED129
:103AD000814B019309231360E9E7804B019309238C
:103AE0001360E4E77E4B019309231360DFE7452869
:103AF0006BD0DCD3A828DAD88028D8D380382828FF
:103B0000D5D801A353F820F0DF3B0208F33B0208AD
:103B1000AF3A0208B73B0208AF3A0208AD3B0208D1
:103B2000AF3A0208AF3A0208AF3A0208AF3A0208C9
:103B3000AF3A0208AF3A0208AF3A0208AF3A0208B9
:103B4000AF3A0208AF3A0208113C0208C13B020832
:103B5000E93B0208AF3A0208AF3A0208D53B020837
:103B6000AF3A0208073C0208AF3A0208AF3A02082F
:103B7000AF3A0208AF3A0208AF3A0208AF3A020879
:103B8000AF3A0208AF3A0208AF3A0208AF3A020869
:103B9000AF3A0208AF3A0208AF3A0208AF3A020859
:103BA000AF3A0208AF3A0208FD3B02084D4B0193C1
:103BB000032313607BE74C4B01930323136076E7E9
:103BC0004A4B01930323136071E7494B0193082388
:103BD00013606CE7474B01930323136067E7464B81
:103BE00001930323136062E7444B019303231360A3
:103BF0005DE7434B01930323136058E7414B019367
:103C00000323136053E7404B0193032313604EE7F4
:103C10003E4B01930323136049E7742807D07528AE
:103C20007FF445AF3A4B0193082313603FE7394BCC
:103C30000193082313603AE7922808D0B0F5D77FA4
:103C40007FF435AF344B01930B2313602FE7334BD5
:103C50000193042313602AE74F287FF428AF304BE9
:103C600001930823136022E74F281BD84728FFF44D
:103C70001EAF473808283FF61AAF01A353F820F0CB
:103C8000293D0208333D02083D3D0208473D020838
:103C9000AF3A0208AF3A0208AF3A0208513D0208B3
:103CA0005B3D020897287FF402AF1E4B019304236B
:103CB0001360FCE6A4F304087CF3040890F3040802
:103CC00084F3040870F3040864F304085CF3040844
:103CD00050F3040890B7040844F3040838F30408C8
:103CE0002CF30408FCF20408F8F20408F4F20408C7
:103CF000ECF20408E8F20408E4F20408E0F2040834
:103D0000DCF20408D8F20408D4F20408D0F2040863
:103D1000C0F20408C8F20408B0F20408BCF20408B7
:103D2000A8F20408A4F20408304B0193082313609E
:103D3000BDE62F4B019308231360B8E62D4B01938A
:103D400008231360B3E62C4B019308231360AEE6FF
:103D50002A4B019308231360A9E6294B01930823FA
:103D60001360A4E6B0F5257F7FF4A1AE254B019347
:103D7000092313609BE60D2804D040F29523984256
:103D80007FF495AE204B0193092313608FE640F238
:103D9000B51398420DD040F2C91398420ED040F2AC
:103DA000A11398427FF483AE184B0193092313604B
:103DB0007DE6174B01930923136078E6154B0193B9
:103DC0000923136073E6BD287FF471AE124B019393
:103DD000062313606BE640F28D2398427FF467AEB2
:103DE0000E4B01930823136061E600BF9CF20408A8
:103DF00094F204088CF2040884F204087CF20408AB
:103E000074F204085CF2040850F2040820F3040879
:103E100014F3040808F3040800F304089CF30408EE
:103E2000F0B583B08E4694461946089CDEF80050E3
:103E3000002313604719264607E0445DDCF8003094
:103E40001C44CCF8004001351446621E002CF4D10D
:103E5000CEF80050152902D1204603B0F0BD01AACA
:103E6000DCF80000FFF7BCFD01460028F4D0019A01
:103E7000B24205D1384616F019F904460028EBD0B5
:103E8000024808F0B5F86FF09304E5E7A4B704081A
:103E9000F0B585B00C4617461E460A9D0B7E0B2BCF
:103EA00000F2AB80DFE803F07C060EA927404DA9A5
:103EB000595E596C012D40F0A3808B68BA5D1A7071
:103EC000002055E0002D00F09E80022D00F39E8022
:103ED0008A68002313800AE0A1680A8812020A8017
:103EE000A1680A889819385C02430A800133AB4202
:103EF000F2DB00203CE0002D00F08B80042D00F36D
:103F00008B808A68002313600AE0A1680A681202A5
:103F10000A60A1680A689819385C02430A60013394
:103F2000AB42F2DB002023E0CB681B68AB4276DBC0
:103F30002A46B919A068DCF7D3FDE3681D600020AC
:103F400016E0CB68AB426DD12A46B919A06816F0CD
:103F5000ADF868B16FF08B000AE0886812F091F953
:103F6000002862D12A46B919A06814F03DFD08B9AD
:103F700005B0F0BDA06812F0DAF96FF08D00F7E738
:103F80000022A3689B5C23B1617E994201D001327B
:103F9000F7E7002B4CD03E44A660E5600020E7E741
:103FA0004378012B08D0052B12D0062B15D03744AF
:103FB0008F60CD600020DBE7012D3CD18A68002AAC
:103FC0003CD0BB5D003B18BF012313700020CFE73E
:103FD000BDBB3E448E602846CAE700230393B81950
:103FE0008860CD6000950B6901F1140203A9FFF709
:103FF00017FF0028BCDB0020BAE76FF0BF00B7E76F
:104000006FF08B00B4E76FF08B00B1E76FF08B00BF
:10401000AEE76FF08B00ABE76FF08B00A8E76FF0B7
:104020008300A5E76FF08B00A2E76FF06D009FE7BC
:104030006FF08B009CE76FF08B0099E76FF0BF008B
:1040400096E76FF0910093E72DE9F04F91B00646A7
:104050008846924605931C9F1B9B1B680E934FF648
:10406000FF73ADF81830002305E010AA02EB8302BD
:1040700042F8247C0133062BF7DD96F80090CDF84A
:1040800008904FF0000B5C461C977AE0BBF1000FE4
:1040900040F09A8094E09B4603F13E02023B6A4462
:1040A00012F9282CBFF35B8FB2F1FF3F40F08C80F8
:1040B00040336B44002203F8282C85E0E97891B95D
:1040C0001C9FBA4200F037819A4200F037816B782A
:1040D000062B00F03681032B1AD06FF08B031846A5
:1040E00011B0BDE8F08F013454450FDA2A7816F884
:1040F00024309A420AD2C4EBC40308EB83020E991F
:1041000048F82310002353600134EDE7013C37E009
:104110006FF09203E3E73B7E083BDBB2012B8CBFE1
:1041200000230123039A04991A98FEF751FD0346D0
:104130000028D4D10F9A012A17DD0E991A98405CF5
:1041400098B901310E91013A0F9201230DE0039AC3
:1041500004991A98FFF742FA03460028BFD1049940
:1041600001310E91039A013A0F92AA7812F0020FD0
:1041700000F09A800E9B1A9A1344BB600F9BFB6061
:104180000134544580F2B680C4EBC40308EB8307C6
:104190000E9A48F8232000237B6006EB840516F86E
:1041A0002490029B4B4501DDCDF80890BBF1000F38
:1041B0003FF46CAFEB785B453FF468AF4FF0000B1A
:1041C000EB78012B3FF667AF10AB03EB890353F895
:1041D000243CBFF35B8F0E9A9A423FF46FAF397E57
:1041E0000B2907D01A99895C21F020016878814257
:1041F0007FF464AF1A998A5C7A76BFF35B8F3A7E5C
:104200000B2A0AD00E9A1A99895CC1F34011AA7838
:1042100002F00102914240F097800E9A01320E9214
:10422000012200920FAA0EA91A98FFF7F3F90028AD
:10423000C0F28D800F9A03927A600E99049109F171
:1042400001030A4410A901EB830343F8242CBBF1BA
:10425000010F05DD0BF13E036B44012203F8282C0E
:104260006B78022B3FF457AF032B3FF470AF0C2B4E
:1042700006D07A7E0C2A03D0062B0BD0002374E7DD
:10428000039A04991A98FEF7E7FC034600283FF4C6
:104290006CAF24E7039A04991A98FEF72DFD0346A4
:1042A00000283FF462AF1AE701930F9B00930E9B27
:1042B0001A9A39462846FFF7EBFD034600287FF49B
:1042C0000EAF0F9A0E9B13440E93E87801287FF6E9
:1042D00057AF013400E00134544509DA06EB84019C
:1042E00016F824202B789A42F5D8CB789842F2D051
:1042F000013C45E7059B4BB9012B17DC03F140025C
:104300006A4412F9282C42B30133F5E70299894532
:104310000ADD10AB03EB890353F8242C0E9B9A4261
:1043200018D809F1FF39F2E70023E5E70E9B1B9A45
:1043300013600023D3E66FF08303D0E66FF08B03A6
:10434000CDE66FF08F03CAE66FF08B03C7E66FF020
:104350008B03C4E66FF08B03C1E66FF08B03BEE600
:1043600070B58CB00C4616461D4605A90023059372
:104370004B608B60CB600B614B618B61029501944C
:10438000009001220A48FFF75FFE58B9079B13F817
:10439000013C109A02B13BB90EB1089A3260119AF1
:1043A00002B113700CB070BD6FF09100FAE700BF5E
:1043B000B0F30408F0B585B006460D461746002454
:1043C000039402940D4807F021FE019400942B46BB
:1043D00002AA03A93046FFF7C3FFA04208DB039BF4
:1043E0009D4208D9F35C87F86033204605B0F0BDE4
:1043F0006FF08B00FAE76FF08B00F7E7B8B70408AF
:104400002DE9F04385B005460E4691461F461C48EF
:1044100007F0FCFD542007F051FE044680B1542201
:10442000002115F0EDFE4FF00008B8F1000F0AD0A2
:1044300014B1204607F04EFE404605B0BDE8F083BB
:104440006FF07C08F1E7E7620C9B02930196009500
:104450000023032221460B48FFF7F6FD8046002883
:10446000E6D1236BC9F800300D9B002BE1D094F806
:104470005130052BDDD100230D9A1370D9E700BF11
:10448000CCB7040814F204082DE9F04186B01E46AA
:104490001423ADF81630804600284BD00F46154641
:1044A0004FF4D27007F00AFE0446002846D04FF4BD
:1044B000D272002115F0A4FE0023049304222A7076
:1044C0001A2232606366C4F80C31022384F8683122
:1044D0000DF11603C4F85831029704AB0193CDF8DF
:1044E000008001230F2221461648FFF7ADFD074645
:1044F00058B994F86D3083B93FB994F8153193B930
:104500001FB9BDF816200C9B1A6014B1204607F0A5
:10451000E1FD384606B0BDE8F0812946A06EFEF701
:1045200005FB0746E8E73146D4F81001FEF708FB23
:104530000746E5E704466FF0AC07E6E76FF07C0757
:10454000E3E700BFD8F104082DE9F04192B004463A
:104550000D4616461F460DF1100838220021404630
:1045600015F04EFE02970196009501230222414666
:104570000548FFF769FD18B9069B2360079B636038
:1045800012B0BDE8F08100BF48F104082DE9F04306
:1045900085B00C9F002F39D005460E4690469946AF
:1045A000542007F08BFD0446A0B35422002115F0DF
:1045B00027FE03222261CDF80890CDF804800096F2
:1045C000012321461648FFF73FFD064698B9637E52
:1045D000CBB16369C5F83C330D9B6B60184607F09F
:1045E0006DFD8046C8B16A683946DCF779FAC5F8CE
:1045F00000800123AB6014B1204607F06BFD30460C
:1046000005B0BDE8F0836FF08B06E5E73C466FF040
:10461000AC06F0E76FF07C06EDE76FF07C06EAE7AA
:104620003CF104082DE9F04186B00746884616465D
:10463000002305938DF813302C4807F0E7FC542035
:1046400007F03CFD044668B15422002115F0D8FD66
:10465000002555B114B1204607F03CFD284606B0B0
:10466000BDE8F0816FF07C05F3E7002384F8343077
:104670000DF113036362012384F8503006F54D7287
:104680002264CDF8088005AA0192009703222146F2
:104690001748FFF7D9FC05460028DBD16368002BDB
:1046A000D9D0236A13B19DF81330C3B196F93433CE
:1046B000002B17DB9DF81330003B18BF012396F841
:1046C000A82363F3041286F8A823E36B003B18BF0A
:1046D0000123D2B263F3451286F8A823BBE76FF03B
:1046E0008B05B7E76FF08B05B4E700BFD8B70408B8
:1046F00074F004082DE9F04186B080460F46144658
:1047000000230593204807F081FCE02007F0D6FC49
:10471000054688B1E022002115F072FD0026C4F89C
:10472000DC82C4F8E07256B115B1284607F0D2FC1D
:10473000304606B0BDE8F0816FF07C06EFE70B2352
:1047400085F88830114BAB67029705AB0193CDF824
:1047500000800023082229460D48FFF775FC064615
:104760000028E1D195F88930862B06D0059BBB4205
:10477000DAD2084807F03CFCD6E7AB6FC4F8E43265
:10478000EB6FC4F8E832F1E7F0B7040884F00408EE
:1047900054F0040800B80408F0B59DB006460D4674
:1047A000174600231B931A93224807F02FFC01237E
:1047B00000932B461AAA1BA93046FEF799FF002842
:1047C00031DB0023002B31D11B99A9422ED205AC3D
:1047D00054220021204615F013FD072310930B23CC
:1047E0008DF86430144B159302951BAB0193009622
:1047F0000023032221461148FFF726FC0346002828
:10480000E0D1119A742ADDD19DF86520862AD9D18C
:10481000D7F8D422002AD5D1159AC7F8D422169AEF
:10482000C7F8D822CEE76FF08B03CBE718461DB050
:10483000F0BD00BF50B8040884F0040848F0040834
:10484000F0B58FB005460E461746002406940223A5
:104850000493174807F0DAFB07A907944C608C60B3
:10486000CC600C614C618C61ADF8144005238DF86F
:10487000343005AB099304AB0A93029606AB01935F
:104880000095234601220B48FFF7DEFB30B99DF867
:104890001430A7F83833049A022A01D00FB0F0BDC3
:1048A0009DF8152043EA0223A7F83833F6E700BF46
:1048B00060B8040834F00408F0B58FB006460C4622
:1048C000174600230D934A4807F0A0FB01230093ED
:1048D00023460CAA0DA93046FEF70AFF002801DB8B
:1048E000002540E0434807F083FB6FF08B053AE07A
:1048F000972B77D197F83A3343F0010387F83A338F
:10490000054630E097F83A3343F0020387F83A332C
:10491000054628E097F83A3343F0040387F83A3322
:10492000054620E097F83A3343F0080387F83A3316
:10493000054618E097F83A3343F0100387F83A3306
:10494000054610E097F83A3343F0200387F83A33EE
:10495000054608E097F83A3343F0400387F83A33C6
:10496000054600E00546002D3ED10D9BA3423BD2FB
:1049700005A9002305934B608B60CB600B614B61F5
:104980008B611522099202940DAA019200960122D0
:104990001948FFF759FB10F1940FE4D00028E1D13A
:1049A0000A9B4F2BA4D8472B18D3473B082B17D86B
:1049B00001A252F823F000BF054902081549020878
:1049C0002549020835490208E1490208E14902087F
:1049D000E149020845490208554902080546C2E76F
:1049E0000546C0E70546BEE728460FB0F0BD00BF4C
:1049F00070B8040884B8040830F004082DE9F04FBA
:104A000087B081460E4692469846DDF840B00023B6
:104A10000593702007F052FB0446002854D000256F
:104A2000002714E02A4807F0E3FA6FF0C50514B137
:104A3000204607F04FFB284607B0BDE8F08F216AFB
:104A4000606ACDF800B05346FEF780FE0546002DA3
:104A5000EDD1059BB342EAD200238DF812308DF8D8
:104A60001330B8F1000F02D00137B845DAD3702205
:104A70000021204615F0C4FB0B2384F83430154B7D
:104A80006362012384F850300DF11202226484F82D
:104A90006C300DF11303E365029605AB0193CDF87D
:104AA00000900023042221460B48FFF7CDFA05466B
:104AB0000028CCD194F8352002F17F03DBB2012B22
:104AC000BDD9A42AC3D1BAE76FF07C05A8E700BF1F
:104AD000A0B8040884F0040820F004082DE9F0418F
:104AE00086B006460F46904600230593542007F0F3
:104AF000E5FA054668B15422002115F081FB002437
:104B000054B115B1284607F0E5FA204606B0BDE8D5
:104B1000F0816FF07C04F3E7029705AB01930096F8
:104B20000123032229461148FFF78EFA0446002884
:104B3000E7D1686A48B1A96AD8F8A0320093802307
:104B400008F13802FFF75AFF0446002CD9D1286C2F
:104B50000028D7D0696CD8F8A0320093802308F1E0
:104B60003C02FFF74BFF0446CCE700BF14F00408FB
:104B700010B582B000240194049C0094FFF740FC1F
:104B800002B010BD2DE9F0438BB0D2F80080CDF813
:104B90002480002900F0A680054616460F46012213
:104BA000009208AA09A93846FEF7A2FD002840F0A5
:104BB0009C80099CA4EB0809089B99441C44009420
:104BC000022305F11C0209A93846FFF7D1FF00288E
:104BD000C0F28E80EB6940F28522934217D040F2FA
:104BE0008E22934209D040F2062293426ED0424870
:104BF00007F0FEF96FF093000FE0DDF82480A04588
:104C000005D007EB080917F80830302B0AD02346E7
:104C100009AA39462846FFF797FC099B33600BB079
:104C2000BDE8F08300238DF80A304FF0FF32049284
:104C3000059304238DF80B301A230693142307934E
:104C4000234603AA09A93846FEF736FE002836DBBC
:104C50000399099B194405AB009304AB0DF10A02BB
:104C6000A1EB08014846FFF70FFC40BB286A07ABE1
:104C7000009306AB0DF10B02696A3844FFF704FCA0
:104C8000E8B99DF80A301BB19DF80B2093420FD173
:104C9000049BB3F1FF3F02D0069A93420CD1059AD0
:104CA000079B9A420EDC039A099B13440993AEE7D3
:104CB000124807F09DF902E0114807F099F96FF0EA
:104CC0008B00ACE70F4807F093F9F8E7CDF80490B4
:104CD00007EB08030093234609AA39462846FFF745
:104CE00055FC9AE76FF08B0099E76FF08B0096E721
:104CF0006FF08B0093E700BF34B90408BCB8040818
:104D0000E8B8040810B904082DE9F0438BB0174641
:104D100000228DF82720002800F0A0800D4698463C
:104D20008146002900F09D800B680893FC2007F065
:104D3000C5F9044668B1FC22002115F061FA00268D
:104D400056B114B1204607F0C5F930460BB0BDE8A6
:104D5000F0836FF07C06F3E7012384F834300DF123
:104D600027026262022262660322C4F88020029750
:104D700008AA0192CDF80090092221463A48FFF78F
:104D800063F906460028DCD1A76E9DF82730012B79
:104D900002D96FF08B06D4E740F287239F424DD0B3
:104DA000B7F5227F11D240F206239F422FD040F266
:104DB00085239F4236D194F8A530002B48D094F833
:104DC00089307BB36FF08B06BBE740F28E239F42A6
:104DD00028D194F8A5300BB16FF08B0694F8C13050
:104DE00003B3D4F8A800D4F8AC30D4F8B020A2EBC8
:104DF0000902991807AB009306AB0DF11702091AC7
:104E00004844FFF741FB78B16FF08B069DE794F8BB
:104E1000A5300BB16FF08B06129B1BB1D4F8843018
:104E2000129A1360002E8CD1C8F80070D4F8CC30E0
:104E3000A3EB09032B60D4F8D06083E794F8A53086
:104E40004BB994F88930002BECD06FF08B0678E7E3
:104E50006FF08B0675E76FF08B0672E76FF0AC06AC
:104E600073E76FF0AC0670E78CF1040810B582B000
:104E700000240094FFF748FF02B010BD2DE9F04771
:104E800086B09946FF238DF81730002304938A4695
:104E900000295DD080461646002864D0D2B104AB0C
:104EA0000E9A51464046FFF7E1FF4FF48C7007F031
:104EB00005F9074600285AD04FF48C72002115F0EE
:104EC0009FF9012387F834300DF117037B62BEB1DF
:104ED000002513E0B9F1000FE1D14F466FF0AC04AB
:104EE00039E0AC1CC4EBC40407EB8404082323762C
:104EF00029463046FDF738FEA0600135072DF0DD6C
:104F00000E9B0293CDF804A0CDF8008001230A2265
:104F100039461848FFF798F80446E0B99DF817306D
:104F2000012B02D96FF08B0415E02EB106F58056E7
:104F30000123C6F848380EE0FB6BC9F800307A6DE3
:104F4000D21A18F802203AB9013BC9F8003002E041
:104F50000F466FF0AC0417B1384607F0BBF8204697
:104F600006B0BDE8F08707466FF0AC04F3E76FF0DA
:104F70007C04F0E7B0F1040842B100B583B00093BF
:104F80000023FFF77BFF03B05DF804FB6FF0AC007C
:104F9000704700002DE9F04389B08146002876D0A3
:104FA0000C4690461F46002975D0FC2007F086F875
:104FB000054600287AD0FC22002115F021F9CDF811
:104FC00008800194CDF800900023032205F1A80188
:104FD0003948FFF739F8064670B995F85130E3B112
:104FE000EB6C40F28522934219D040F28E2293421C
:104FF00015D06FF08B0651E00223AB64CDF808802A
:105000000194CDF800900123092229462B48FFF78F
:105010001BF80646002841D1DFE740F28523002E29
:105020003CD195F88920D2B195F86D20002A40D165
:1050300040F28E22934202D06FF08B062EE0286F52
:105040006B6FAA6FA2EB0902991807AB009306AB2E
:105050000DF11702091A4844FFF716FA0646EEB991
:1050600017B1D5F8CC303B60109B1BB1D5F8D030D0
:10507000109A1360119B1BB1D5F8E830119A136098
:10508000129B5BB1D5F8EC30129A136007E005462D
:105090006FF0AC0602E00D466FF0AC0615B1284685
:1050A00007F018F8304609B0BDE8F0836FF07C06D1
:1050B000F4E76FF08B06F1E780F1040868F104086B
:1050C00038B5044603E0204607F004F82C4634B116
:1050D0002568E0680028F6D006F0FCFFF3E738BD4D
:1050E00008B5102006F0EAFF034620B10022026056
:1050F00042608260C260184608BDF8B50E4615468B
:105100001F46FFF7EDFF0446A0B1681C06F0D6FF6E
:10511000E060D8B16760A5602A463146DBF7E0FC65
:10512000E36800225A5521460698FDF725FD0546FD
:1051300050B101E06FF07C0534B1E06808B106F0D1
:10514000C9FF204606F0C6FF2846F8BD6FF07C0573
:10515000F2E700002DE9F04184B005460F461C46F9
:10516000DDF828800E68862A40D011D8812A30D0F8
:10517000822A6BD108F12C03009302232246811965
:10518000D8F8A002FFF7B9FF002865D1264462E0F5
:10519000A42A5BD103961E4401230093334602AA3E
:1051A00003A9FEF7A5FA00280DDB08F134030093EC
:1051B0000423029A03992944D8F8A002FFF79DFF1F
:1051C000002848D048E0264806F012FF6FF08B0018
:1051D00042E008F130030093012322468119D8F8F8
:1051E000A002FFF78AFFB8BB264434E01D4806F052
:1051F000FFFE002200E00132A24207DA9319EB5CC5
:105200003A2B03D02F2BF6D12246F4E792B1A242DB
:1052100010D03244AB5C3A2B12D108F12C0300932E
:1052200006232246A919D8F8A002FFF766FF98B90D
:10523000264410E00C4806F0DBFE6FF0A0000BE007
:105240000A4806F0D5FE6FF0A00005E0084806F019
:10525000CFFE264400203E6004B0BDE8F08100BFD0
:1052600058B904086CB9040894B90408ACB9040826
:10527000CCB90408F0B58FB006460D46174600239A
:105280000D930C932C4806F0C1FE012300932B468E
:105290000CAA0DA93046FEF72BFA78B903460C9AF2
:1052A000D2B197F8A81341F0400187F8A8130D99DF
:1052B0000A44AA4212D06FF08B030FE01F4806F099
:1052C00097FE6FF08B0309E01D4806F091FE6FF02A
:1052D000A00318460FB0F0BD6FF08B030024002B25
:1052E000F7D10D9AAA42F4D20134B4F5806FEBD80D
:1052F00005A9002305934B608B60CB600B614B616C
:105300008B610B228DF82C200E4A079202950DAA74
:105310000192009601220C48FEF796FE03460028F3
:10532000DDD10097069B9DF82D200DA93046FFF793
:1053300011FF0346D3E700BFF0B9040800BA040820
:1053400010BA040884F0040880F0040838B5044654
:1053500003E0204606F0BEFE2C4634B125686068A6
:105360000028F6D006F0B6FEF3E738BD06207047F9
:10537000062B03D108B506F021FA08BD6FF0AD0089
:10538000704700002DE9F04F8BB006468946059224
:105390009846149DDDF854A0169C002309930893A9
:1053A000DAF8003007933B4806F022FE079F05EB32
:1053B000070BE71BB069FFF7D9FF0346059A39468B
:1053C0005846FFF7D5FF00285CD1702006F076FE26
:1053D000074600285AD07022002114F011FF012343
:1053E0000093234608AA07A92846FEF781F98346B9
:1053F00000283FD1B8F1010F15D1079B2B44C6F807
:105400005033089BC6F854330DE00197B8F1010FF3
:1054100014BF00230123009306AB09AA4946304676
:10542000FDF786FC8346BBF1000F19D1079BA34211
:1054300016D2002306930B2387F86C30164BFB65BE
:105440001523BB64029407AB01930095012304224A
:1054500039461248FEF7F8FD83460028E3D1D4E729
:10546000BBF1000F06D1099B002209F80320079B1E
:10547000CAF8003017B1384606F02CFE58460BB07B
:10548000BDE8F08F6FF08B0B0027F3E76FF07C0B1C
:10549000F0E700BF34BA0408A4F00408ACF0040834
:1054A00008B59446202902D0FFF762FF08BD0A46DE
:1054B00001466046DBF714FB0020F7E72DE9F041D9
:1054C00086B080460E4617461C4806F09FFD7020A9
:1054D00006F0F4FD044668B17022002114F090FE3D
:1054E000002555B114B1204606F0F4FD284606B05B
:1054F000BDE8F0816FF07C05F3E700230593029689
:1055000005AB0193CDF800800123042221460C480D
:10551000FEF79AFD05460028E4D1666A002EE2D027
:10552000A56A07F54478B869FFF720FF03464246AD
:1055300029463046FFF7B4FF0546D4E748BA0408C9
:1055400038F00408F0B583B004460E461546002333
:10555000019300930E4806F059FD33466A4601A9AF
:105560002046FEF731FA002801DC03B0F0BD009EB2
:10557000C5F80C63019B1C4405F53B77A869FFF750
:10558000F5FE03463A4631462046FFF789FFECE731
:1055900058BA04082DE9F04105460E461F46DDF8CD
:1055A0001880079C0CB100232360A82A52D8802AB7
:1055B0002ED3803A282A00F29E81DFE812F0E00024
:1055C00010019C019D009C015A009C019C019C01C2
:1055D0009C019C019C019C019C019C019C014B0134
:1055E000770008019C019C01B80081012E019C01FB
:1055F0009C019C019C019C019C019C019C019C01C3
:105600009C019C019C019C019C019C019C017301DB
:10561000452A40F0708198F8A93313F0040F40F048
:105620007F8143F0040388F8A933002F14BF0122BF
:10563000002298F8AA3362F3C30388F8AA3352D140
:10564000424631462846FFF7A7F80028C0F26B8192
:10565000002456E140F2F1239A4240F04C81424648
:1056600031462846FEF7A6FE0028C0F283810024BA
:1056700047E198F8A93313F0080F40F0458143F053
:10568000080388F8A9333B1E18BF012398F8AA2302
:1056900063F3041288F8AA23424631462846FEF7EF
:1056A000C1FF0028C0F2338100242AE198F8A93311
:1056B00013F0020F40F02E8143F0020388F8A93363
:1056C0003B1E18BF012398F8AA2363F3820288F8CF
:1056D000AA23424631462846FFF70CF80028C0F2BC
:1056E0001C8100240DE1A94806F082FCA84806F0C0
:1056F0007FFC6FF09F0404E198F9A933002BC0F2FE
:10570000158198F8A93343F0800388F8A9333B1E2C
:1057100018BF012398F8AA2363F3861288F8AA23F6
:10572000424631462846FFF7A5FD0446E9E098F8D1
:10573000A83313F0040F40F0FC8043F0040388F812
:10574000A833002F14BF0122002298F8AA3362F375
:10575000C71388F8AA3309D1424631462846FFF7D5
:10576000ADFE0028C0F2E8800024CAE0894806F0B7
:105770003FFC894806F03CFC6FF09F04C1E098F8BC
:10578000A83313F0020F40F0DA8043F0020388F8E8
:10579000A833002F14BF0122002298F8AB3362F324
:1057A000410388F8AB3309D1424631462846FFF71A
:1057B000C9FE0028C0F2C6800024A2E0774806F0A7
:1057C00017FC774806F014FC6FF09F0499E07548C9
:1057D00006F00EFC002F40F0B880002491E098F90C
:1057E000A833002BC0F2B48098F8A83343F08003AC
:1057F00088F8A8333B1E18BF012398F8AB2363F346
:10580000820288F8AB23424631462846FFF718F853
:105810000028C0F2A080002473E098F8A93313F0A8
:10582000010F40F09B8043F0010388F8A9333B1E31
:1058300018BF012398F8AB2363F3C30288F8AB23A6
:10584000424631462846FFF737F80028C0F28980E3
:10585000002456E098F8A83313F0100F1CD0002451
:1058600098F8A83313F0080F7ED143F0080388F8A6
:10587000A8333B1E18BF012398F8AB2363F3000243
:1058800088F8AB23424631462846FFF727F900281F
:1058900037DA6FF08B0434E0434806F0A9FB6FF071
:1058A000C504DDE798F8AA3313F0010F5FD143F088
:1058B000010388F8AA333D4806F09AFB002420E053
:1058C00098F8A93313F0100F57D143F0100388F85C
:1058D000A9333B1E18BF012398F8AA2363F345128E
:1058E00088F8AA23424631462846FDF7F1FF0028F2
:1058F00046DB002405E00CB101232360002F42D1D8
:1059000000242046BDE8F0816FF08F04F9E76FF0C6
:105910008B04F6E76FF08F04F3E76FF08B04F0E78A
:105920006FF08F04EDE76FF08B04EAE76FF08F0400
:10593000E7E76FF08F04E4E76FF08B04E1E76FF0C7
:105940008F04DEE76FF08B04DBE76FF09F04D8E78E
:105950006FF08F04D5E76FF08B04D2E76FF08F0400
:10596000CFE76FF08B04CCE76FF08F04C9E76FF0DF
:105970008F04C6E76FF08B04C3E76FF08F04C0E7B6
:105980006FF08B04BDE76FF09F04BAE768BA0408B4
:105990009CBA0408C8BA0408ECBA040818BB040886
:1059A00040BB04086CBB040898BB0408C4BB0408D3
:1059B0002DE9F04796B08146D0F8C882D0F8CC6285
:1059C00000230793384806F021FBB8F1000F5AD0A6
:1059D0002EB900246FF0AC074FF0000A2BE07020C6
:1059E00006F06CFB0446002851D008AD3822002197
:1059F000284614F005FC029607AB0193CDF8008011
:105A00000023022229462948FEF71EFB0746E3E74A
:105A1000226BA56D06AB0193CDF800909DF8173071
:105A2000294607984044FFF7B5FD0346079A2A44E4
:105A3000079223E09A466FBB079BB3422AD2002508
:105A40008DF81750069570222946204614F0D8FB91
:105A50000623E362012384F850300DF11703236419
:105A6000029607AB0193CDF800802B460422214615
:105A70000F48FEF7E9FA03460028C9D013F1A00F3A
:105A8000D8D01F46D7E744466FF0AC07A4E76FF0C5
:105A90007C07A1E707B1BA4614B1204606F01AFB0D
:105AA000504616B0BDE8F087F4BB04080CF00408BB
:105AB000FCEF04082DE9F04F8FB0054689460892A7
:105AC000079300238DF837300B934FF4607006F086
:105AD000F5FA0446002875D04FF46072002114F0E6
:105AE0008FFB0026002E70D00027B946059704973B
:105AF000B846BB46BA46069714B1204606F0EAFA05
:105B0000002E5BD1BAF1000F0FD000230C93CDF81B
:105B100008B00CAA0192CDF800A005F1600205F1D1
:105B20008D012846FFF72EFC0646002E46D1B8F11F
:105B3000000F10D000230C93049B02930CAB019335
:105B4000CDF80080012305F1400205F28D112846B1
:105B5000FFF718FC06468EBB202205F1400105F137
:105B6000600014F0A3FAB0FA80F0400995F8AA3367
:105B700060F3410385F8AA33189B03B1059EEEB983
:105B8000189B002B00F0E481C6B9189B8BB9199BB8
:105B90007BB9D5F8C83263B12846FFF709FF06463E
:105BA000089B33B110F1A00F00F0DD810023089AAB
:105BB00013601EB917B9069B03B11E4630460FB0DD
:105BC000BDE8F08F6FF07C068CE700238DF837304E
:105BD00020220B92012384F86C300DF13701E1652E
:105BE000052184F8881005F52971A1670BA9E167E3
:105BF000C4F8B8300221C4F808120321C4F84012D6
:105C0000C4F82033D5F89C12029105F52671019154
:105C1000D5F8941200912146C048FEF715FA0746C0
:105C2000002840F06C819DF83730032B7DD8D4F8E4
:105C3000C0210592AB620B9BC5F8C432012B00F06A
:105C400084800646D5F8C432002B00F08980D4F851
:105C5000BC30AB61D4F80C32EB61E369EB6094F8D3
:105C60004D31002B00F082804FF00B0ACAEBCA0ABC
:105C70004FEA8A0B04EB8A0A00215046FCF796FF94
:105C8000002876DB0697D5F8948254F80B3043440D
:105C9000C5F84033DAF80430DAF80820A2EB08023D
:105CA000134454F80B209B1AC5F8443394F88531FB
:105CB000002B6DD04FF00D0ACAEBCA0A4FEA8A0BCF
:105CC00004EB8A0A01215046FCF770FF002862DBD2
:105CD00054F80B304344C5F84833DAF80430DAF8A6
:105CE0000820A2EB0802134454F80B209B1AC5F8B5
:105CF0004C33D4F8FC3008EB030AD4F81821A2EB9B
:105D0000030BD4F8A4319844D4F8C021D31A0493D7
:105D1000002E40F00D81189B002B46D0079B002BD6
:105D200059D0069A1A60012740E07D4806F060F9D4
:105D300006974FF00009CDF81490CDF81090C846A2
:105D4000CB46CA466FF08B06D6E695F8A4320BB167
:105D5000064677E7734806F04BF96FF08B0671E75C
:105D6000714806F045F96FF08B0670E74FF00C0AAA
:105D70007CE7B9F1000F08D0B9F1050F03D06FF03F
:105D8000950306937FE706977DE7CDF818907AE7AD
:105D90004FF00E0A90E7B9F1000F99D0B9F1050F55
:105DA00096D06FF09603069392E7189FBFBBD4F886
:105DB000F4322B61D4F86C33C5F88030D4F87033EA
:105DC0006B61D4F82423AB699A4206D04FF00009E6
:105DD0006FF0970690E60127E8E7B3F5027F16D04B
:105DE000B3F5037F13D040F20D218B420FD040F268
:105DF0000E218B420BD094F8613383B140F28E2395
:105E00009A4220D04FF000096FF08B0674E694F8A8
:105E10004533ABB994F86133002B40F08C80002EF1
:105E200040F09380002F3AD1D4F88492199B002B34
:105E300037D0079B002B5AD0069A1A60012730E012
:105E40006FF08B06E6E7D5F894C2D4F8E0100CEBBF
:105E50000100D4F8E430D4F8E820A2EB0C0213449B
:105E60005A1AD4F848930CEB0901D4F84C33D4F8FF
:105E700050E3AEEB0C0C6344A3EB090309939A4285
:105E800004D04FF000096FF08B0635E614F00EF9E0
:105E9000002855D1C5F82090099B6B62BFE74FF0F1
:105EA0000009002F7FF428AED4F8E032002B3FF435
:105EB00024AEAB6A012B1CDDD5F89412D4F8BC32A9
:105EC0000B44C5F8C832D4F8C032D4F8C422521AF0
:105ED0001344D4F8BC229B1AC5F8CC32D4F8BC3297
:105EE000C5F8D032D4F8F432C5F8983205E6012767
:105EF000D7E70E4806F07CF86FF08C06FCE53346D9
:105F0000069606461F464FF00009CDF81490CDF8CE
:105F10001090C846CB46CA46EEE500BF7CEF0408A9
:105F20000CBC04082CBC04086CBC0408BCBC0408F1
:105F30004FF00009E0E54FF000096FF08B06DBE55C
:105F40004FF000096FF08B06D6E54FF00009D3E55E
:105F5000059B0C934B460CAAD5F894122846FEF7E5
:105F600011FE064610E61860199E23E62DE9F0435F
:105F70008BB007460E4690469946002309938C2025
:105F800006F09CF8044670B16422002114F038F940
:105F900000255DB1002514B1204606F09BF8284687
:105FA0000BB0BDE8F0836FF07C05F2E704F134023A
:105FB00000214846FDF714FD2063BE4212D0A665BD
:105FC000C4F85C8009AB052221460B48FDF762F955
:105FD0000028E0D13B46052221460748FDF71CFA80
:105FE000099DD8E70DF10409424631464846DAF7E3
:105FF00077FD4E46E3E700BF90F0040850B170B55E
:106000000C46154606463822002114F0F9F8B56111
:10601000346070BD7047E0B1F8B50F4616461D46B6
:1060200004464FF46B72002114F0EAF80C2384F854
:106030008C30C4F89472C4F89C62C4F8A0527F23D8
:1060400084F83533069A294604F55A70FFF7D6FFCF
:10605000F8BD704710B582B06FF001040094FFF7EF
:10606000DAFF02B010BD90B310B50446406808B125
:1060700006F030F800236360E06808B106F02AF803
:106080000023E3606069F8B1A36A40F2852293427D
:1060900010D040F28E2293420CD040F2062293425E
:1060A00010D103F0B3FA606908B106F013F80023C9
:1060B000636107E008F0B3F9606908B106F00AF817
:1060C00000236361002363610023E36110BD704717
:1060D00000283CD010B5044690F8A83313F0010F07
:1060E00004D0D0F8840008B105F0F4FFA368012BB8
:1060F00027D094F8A83313F0400F05D0E06A18B108
:10610000D4F8A012FEF7DCFF206B18B1D4F8A0126F
:10611000FEF7D6FF606B18B1D4F8A012FEF7D0FFDF
:10612000A06B18B1D4F8A012FFF710F9E06B18B10A
:10613000D4F8A012FFF70AF904F55A70FFF793FF9D
:1061400010BD20680028D4D005F0C4FFD1E7704707
:1061500000B583B0002301930093FFF7ABFC03B0BD
:106160005DF804FB00286DD0034600296DD010B502
:10617000C8695860886818B10868D86048681860AD
:1061800091F8A80310F0010F05D0D1F8880018612C
:10619000D1F88400586191F83503987291F8AA03F8
:1061A000C0F34000DC7A60F30004DC72886B986115
:1061B000C86BD861D1F8ECE2D1F8F0C2D1F8F44262
:1061C000D1F8F802C3F840E0C3F844C09C64D86436
:1061D000D1F8FCE2D1F800C3D1F80443D1F80803A8
:1061E000C3F850E0C3F854C09C65D8650C6CD1F876
:1061F00044E0D1F848C0C86C1C62C3F824E0C3F87E
:1062000028C0D8620C6DD1F854E0D1F858C0C86DE0
:106210001C63C3F834E0C3F838C0D86391F9A8030D
:1062200000280CDB4FF6FF701881002058660860CC
:10623000C1F884008863C86383F8602010BDB1F89A
:106240003803F1E76FF0AC0070476FF0AC007047B7
:1062500010B5682005F032FF044618B1682200210D
:1062600013F0CEFF204610BD38B504460D464069F8
:1062700008B105F02FFFE06808B105F02BFFA06919
:1062800010B12946FFF762F8E06910B12946FFF71F
:106290005DF8204605F01EFF38BD2DE9F84307469E
:1062A0008946154600260AE0446E2946FFF7DCFFC2
:1062B00020460028F8D1002347F8083001364E4523
:1062C00004DA4FEA860857F82600F2E7BDE8F883BB
:1062D00000284AD02DE9F8430D4614461E460746CD
:1062E0002A2A26D8DFE802F03E252525251916257D
:1062F0002525251C1F222525252525252525252560
:10630000252525252525252525252525252525253D
:1063100025253E004FF001080DE04FF016080AE079
:106320004FF0150807E04FF0250804E04FF00A0889
:1063300001E04FF0030805F11409484605F0BEFEE0
:106340003860A8B14A46002113F05AFF3868C4608B
:10635000C0F81080466000F11403036085600020DF
:10636000BDE8F8834FF00208E5E76FF0AC00704736
:106370006FF07C00F4E7D8B138B50446006848B146
:10638000C368013B012B06D900250560856005F037
:10639000A1FE256038BD0368002BF5D0826803E0BC
:1063A000002203F8012B0A46511E002AF8D1EBE720
:1063B000704700002DE9F04190B007460E461546A3
:1063C0001C460DF104083C220021404613F018FF42
:1063D00008238DF8283008958DF83C300D946B46D5
:1063E000032241461048FCF755FF044678B932684D
:1063F000009B9A420FDB3B46032241460A48FDF7C9
:106400000BF800280ADB009B834209D13360204649
:1064100010B0BDE8F0816FF08304F8E70446F6E7BA
:106420006FF0BF04F3E700BF70EF0408F0B59BB056
:1064300007460C4616461D4600210491542205A825
:1064400013F0DEFE209BB3B108238DF848300E9682
:106450008DF864301595029404AB019300970023E6
:10646000032205A90C48FDF7EFFD60B9049BA34288
:1064700009D11BB0F0BD09238DF848300E968DF878
:1064800064301595E7E730460FF051FF28460FF0CE
:106490004EFF6FF0AA00ECE770EF04082DE9F0471B
:1064A00088B00C4690461D4600238DF81F30069399
:1064B0000593814620B1E1B1F2B105B31E4601E07A
:1064C0006FF0AC0605AB009306AB2A462146484662
:1064D000FEF71AFC002815DA4FF0000ACEB10027AB
:1064E00016B317B1384605F0F5FD304608B0BDE8E3
:1064F000F0876FF0AC06E5E76FF0AC06E2E76FF00F
:10650000AC06DFE700221146059805F097F88246B1
:10651000E4E7E02005F0D2FD074600283ED0E02267
:10652000002113F06DFEDBE7012387F834300DF115
:106530001F027A620322C7F8802002950194CDF8E9
:106540000090082239461848FDF77EFD06460028CF
:10655000C7D19DF81F30012B02D06FF08B06C0E72A
:1065600097F86D3063B197F8893013B96FF08B06E7
:10657000B7E7D7F88400FCF73DFEB0F1000A10DB66
:10658000D7F8D030D7F8CC20796C386CCDF804A08F
:10659000CDF8008004F0E9FF0646A3E76FF07C0623
:1065A0009FE76FF0AB069CE750EF04082DE9F0433E
:1065B00085B08146002865D00D4617461E46002945
:1065C00064D0002A66D0002B68D0E02005F076FD6C
:1065D0000446002866D0A822002113F011FE0622EE
:1065E00084F85020354B23640723636403236366D8
:1065F00002960195CDF80090012321463048FDF721
:1066000023FD8046C0B905250323C3EBC30304EB78
:1066100083035A7E002A4BD05869FCF7EBFD031E1A
:1066200049DBB8F1000F1ED014B1204605F052FD31
:10663000404605B0BDE8F083E0220021204613F07B
:10664000DFFD0323C4F8803002960195CDF8009059
:106650000123082221461B48FDF7F6FC804620BB9B
:1066600007250423D1E7C5EBC50504EB85053A46AC
:10667000E968A86804F0FCFE80460028D4D06FF0DA
:10668000AA08D1E704466FF0AC08CDE70C466FF0DE
:10669000AC08C9E714466FF0AC08C5E700246FF0FA
:1066A000AC08C1E76FF07C08BEE76FF08B08BBE772
:1066B0006FF08B08B8E76FF08F08B5E75CF304085C
:1066C00050F1040850EF04082DE9F041069CB8B3DE
:1066D0000E4615461F468046AAB3BCB304F5805348
:1066E0000022C3F8482820460FF0CBFD88BB324675
:1066F0004146204612F078F968B904F542763046F2
:106700000FF0BFFD68B93A462946304612F06CF9E1
:1067100068B9BDE8F08120460FF009FE6FF08D00EA
:10672000F7E720460FF003FE6FF06D00F1E720461B
:106730000FF0FDFD30460FF0FAFD6FF08D00E8E739
:106740006FF0AC00E5E76FF0AC00E2E76FF0AC0093
:10675000DFE76FF06D00DCE730B589B01546002447
:106760000794069405940494A2B11A4604AB0293CC
:1067700006AB019305AB009307ABFEF70BFC08B12A
:1067800009B030BD0095049B069A05990798FFF75C
:106790009BFFF5E76FF0AC00F2E700002DE9F04752
:1067A00086B00F9F002800F0A281884691461E46C1
:1067B0000446002900F09E81002A00F09E81002BF3
:1067C00000F09E810E9B002B00F09D81109B002B02
:1067D00000F09C81119B002B00F09B81A74805F0E5
:1067E00015FCE369042B00F27681DFE813F0050065
:1067F00016002D00CF000E01A762202005F05EFCE0
:106800006060002800F06A81042384F82C301A2389
:106810002363142363630123E36140F28E23129AFE
:106820009A422DD00123029304F12403019304F131
:10683000200300936368129A49464046FCF7F0FC37
:10684000054690B90223E36140F285239F4241D07F
:1068500040F28E239F423DD040F206239F4271D0EA
:10686000874805F0C5FB6FF093052946834805F07E
:10687000EBFB2046FFF7F7FB284606B0BDE8F087A4
:106880000023059304F13403009304F1300304F171
:106890002C0214991398FDF7F7FD05460028E4D162
:1068A00005A994F82C00FCF755F905460028DCD121
:1068B0000123029304F12403019304F120030093C4
:1068C0006368059A49464046FCF7AAFC054600283D
:1068D000B8D0CAE70023059341F65C0005F0EEFB53
:1068E000606148B3A269216807F058FD0546002899
:1068F000BBD1119805F0E2FBE06000B3119BB3F54A
:10690000007F0FD80E9B626905A93046FFF724FF70
:10691000054668B9119A1099E068DAF7E1F80023A2
:10692000A36026E0574805F063FB6FF083059CE702
:10693000554805F05DFB98E76FF07C0595E76FF033
:106940007C0592E70023059323614FF4446005F032
:10695000B5FB6061B8B1A269216802F036FE051E80
:1069600083DB0E9B626905A93046FFF71FFE051EFB
:1069700005DB002D7FF479AF0323E36108E0434892
:1069800005F036FB71E76FF07C056EE76FF09A0556
:1069900040F285239F420DD040F28E239F4209D0C2
:1069A00040F206239F4223D0002DC0F29A80042398
:1069B000E3612CE040F28E23129A9A4208D0636978
:1069C00004F108021199E06808F032F90546EBE796
:1069D00063690293636B0193236B009394F82C30EB
:1069E00004F108021199E06808F03BF90546DBE77D
:1069F0006369019304F110030093636A626811995B
:106A0000109804F087FB0546CEE76FF09A0540F238
:106A100085239F420DD040F28E239F4209D040F241
:106A200006239F427FF421AF2369012B4DD100251E
:106A30001BE740F28E23129A9A422BD04FF400703B
:106A400005F03CFB064600284ED0236A626A616866
:106A5000FFF78CFA0246854206D1A06820B1314684
:106A600013F024FB054620B1094805F0C1FA6FF088
:106A70009A05304605F02EFBF7E600BFE4BC04089B
:106A80004CBD0408F8BC040814BD040830BD04085B
:106A900064BD04086668676AD4F8088094F82C908E
:106AA000D4F834A0606907F0AEFE23680393C000F9
:106AB0000290CDF804A0CDF800902B46424639460E
:106AC000304607F013FE0546CFE6134805F090FA6E
:106AD0006FF09A05C9E66FF09A05C6E66FF07C057F
:106AE000C3E66FF09A05C0E66FF07C05BDE66FF077
:106AF000AC05C1E66FF0AC05BEE66FF0AC05BBE6D9
:106B00006FF0AC05B8E66FF0AC05B5E66FF0AC051C
:106B1000B2E66FF0AC05AFE688BD0408002800F0CF
:106B200062812DE9F04788B00E4615469946044625
:106B3000D0F88483B8F1000F31D0002705B3062EBA
:106B40001ED0112E1CD0D4F86403002800F045811B
:106B5000052D05D82A23EB4013F0010F40F00D81DD
:106B6000012D05D0032D03D0042D01D0052D07D113
:106B70002146D4F86403FCF7ABFA002800F0278123
:106B8000D4F8A00320B1052D06D1994805F030FABC
:106B9000D4F8A40300B9384608B0BDE8F08700F582
:106BA00069722946FFF7D4FA074600F19703012BD3
:106BB00040F289800028EFDB94F8A83303F09002BC
:106BC000802A00F0878013F0020F1BD1D4F80080D8
:106BD000B8F1000F16D0D4F804A0BAF1000F11D00C
:106BE000A069B0F5397F7ED004F53B77FEF7BEFB98
:106BF00003463A4651464046FEF7BAFB0746002F89
:106C000040F0F48094F8AA3313F0020F04D035B3A7
:106C1000062E24D0112E22D00023C4F8643394F819
:106C2000A83313F0040F6DD1D4F86433002B71D066
:106C3000D4F8641349B12022114404F1600013F028
:106C400035FA10B10023C4F86433D4F86433002B50
:106C50006FD0D4F8643313B1664805F0C9F994F8DD
:106C6000A83313F0200F03D094F8342384F835238D
:106C700094F8AA2312F0020F7FF460AF002E3FF4C5
:106C80005DAF03F09003902B7FF458AFB4F8383326
:106C900013F0040F3FF452AFD4F86433002B3FF4E9
:106CA0004DAF9A7A002A59D1002384F83533002D4C
:106CB0003FF466AF504805F09BF9504805F098F94D
:106CC0006FF0ED0068E7C4F8A003052D7FF474AF02
:106CD000474671E7B4F8382312F0040F3FF473AF5E
:106CE0006FF0E10058E7AAF1410AC24404F53B778E
:106CF000FEF73CFB03463A4641215046FEF738FB7F
:106D000007467CE704F544714846F1F759F8C4F8A2
:106D1000640389E794F8A83313F0020F88D0032D99
:106D200086D004F53B714846F1F74AF8C4F864038D
:106D30007EE704F160014846F1F778F8C4F864038F
:106D4000002886D094F8A83313F0040F81D02C4883
:106D500005F04EF90023C4F864337AE7013A94F859
:106D60003513531A63EB0303DB0F581E5B421340CA
:106D700001400B4384F83533E0E64268D4F894725E
:106D8000E168C36800260796666A0696266ABE19F9
:106D90000596A669049666690396D4F88060029603
:106DA0000192006800902269521A394404F55A7021
:106DB000FFF7F4FC074600283FF4D2AE10F16C0F49
:106DC00001D13846E8E60F4805F012F9F9E70E4818
:106DD00005F00EF96FF0C500DEE60C4805F008F985
:106DE0006FF0BB00D8E66FF0AC0070473846D3E6D2
:106DF00060BE0408BCBD0408C8BD0408ECBD04089E
:106E0000A0BD040808BE040824BE040844BE04084B
:106E100070B582B0044600250095FFF77FFE051E81
:106E20000CDBD4F8880000280BDCE36940F28522F3
:106E300093421ED040F28E2293421AD0284602B0CE
:106E400070BD013005F03AF9064620B3D4F8882029
:106E5000D4F88410D9F744FED4F888300022F254D4
:106E6000C4F8846094F8A83343F0010384F8A8338D
:106E7000DBE72368002BE1D060680028DED005F056
:106E80001DF9064650B162682168D9F729FE2660CF
:106E90000123A360D2E76FF07C05CFE76FF07C059C
:106EA000CCE770B40C6804EB830C0BE01C1D0C6089
:106EB0001B681468251D156025680468261D06607A
:106EC0006B4023600B686345F0D370BC704710B50E
:106ED00084B01C46034610F0030F05D111F0030FD8
:106EE00002D112F0030F09D04B4013F0030F3AD137
:106EF00081EA020313F0030F18D034E003900291EB
:106F00000192A30801AA02A903A8FFF7CAFF0398E8
:106F10000299019A04F0030425E011F8013B12F8EC
:106F200001CB83EA0C0300F8013B013C11F0030F95
:106F300001D0002CF1D1039002910192A30801AA83
:106F400002A903A8FFF7ADFF03980299019A04F084
:106F5000030408E011F8013B12F801CB83EA0C03AB
:106F600000F8013B013C002CF4D104B010BD2DE928
:106F7000F04F87B083460E460B46024640311F68ED
:106F80005D689C68D868176055609460D060103365
:106F900010328B42F3D14FF0140ECDF804E0059679
:106FA00035E1DBF80000DBF810301844CBF80000C6
:106FB000DBF8302042404FEA3242CBF83020DBF899
:106FC00020101144CBF820104B404FEA3353CBF83C
:106FD00010301844CBF8000080EA02094FEA396902
:106FE000CBF8309001EB0902CBF8202002925340FD
:106FF0004FEA73630493CBF81030DBF80410DBF82E
:1070000014301944CBF80410DBF834404C404FEAFC
:107010003444CBF83440DBF824202244CBF824203D
:1070200053404FEA3353CBF814301944CBF80410D3
:1070300081EA04084FEA3868CBF8348002EB080490
:10704000CBF82440039484EA030C4FEA7C6CCBF821
:1070500014C0DBF80820DBF818603244CBF80820B5
:10706000DBF8383053404FEA3343CBF83830DBF8A5
:1070700028701F44CBF828707E404FEA3656CBF874
:1070800018603244CBF8082053404FEA336ECBF8F7
:1070900038E07744CBF828707E404FEA7666CBF82C
:1070A0001860DBF80C30DBF81C402344CBF80C30C4
:1070B000DBF83C505D404FEA354ACBF83CA0DBF8AA
:1070C0002C505544CBF82C506C404FEA3454CBF83C
:1070D0001C402344CBF80C3083EA0A0A4FEA3A6A90
:1070E000CBF83CA05544CBF82C506C404FEA74646C
:1070F000CBF81C406044CBF8000080EA0A0A4FEA53
:107100003A4ACBF83CA05744CBF8287087EA0C0CDD
:107110004FEA3C5CCBF814C06044CBF8000080EA36
:107120000A004FEA3060CBF83C000744CBF82870E7
:1071300087EA0C074FEA7767CBF814703144CBF835
:10714000041081EA09094FEA3940CBF830000544C0
:10715000CBF82C506E404FEA3656CBF818603144CD
:10716000CBF8041041404FEA3161CBF830100D44A8
:10717000CBF82C5075404FEA7565CBF81850224477
:10718000CBF8082082EA08084FEA3840CBF83400F0
:1071900002990144CBF820104C404FEA3454CBF80C
:1071A0001C402244CBF8082042404FEA3262CBF820
:1071B00034201144CBF8201061404FEA7161CBF8C4
:1071C0001C1004990B44CBF80C3083EA0E0E4FEAE6
:1071D0003E40CBF83800039A0244CBF824205140BB
:1071E0004FEA3151CBF810100B44CBF80C30434030
:1071F0004FEA3363CBF838301A44CBF824204A40A6
:107200004FEA7262CBF81020019B023B0193019B75
:10721000002B7FF4C6AE9E46059E08E05BF82E303C
:1072200056F82E2013444BF82E300EF1010EBEF10D
:107230000F0FF3D907B0BDE8F08F2DE9F04391B0FF
:1072400005460F4616461C46002B37D0036CABB3E1
:10725000E21A62EB0202D20F511EC2F1000808EAE4
:1072600004080B4048EA030801466846FFF77FFE22
:107270002A6CC2F1400243466A4439463046FFF761
:1072800026FE2B6CA3EB08032B6413B92B6B013385
:107290002B63A4EB0804464447440FE029466846A4
:1072A000FFF765FE2B6B01332B6340236A4639469B
:1072B0003046FFF70CFE403C403640373F2CEDD8BF
:1072C00014B911B0BDE8F08329466846FFF74FFEB8
:1072D00023466A4639463046FFF7F9FDC4F14004BB
:1072E0002C64EEE7D0B110B584B00B46144684464A
:1072F000B9B10DF1040E086849689A68AEE8070054
:107300000020CCF84000CCF83040019BCCF8343061
:10731000CCF83810CCF83C2004B010BD6FF0AC00B5
:1073200070476FF0AC00F7E7002839D0F0B589B0AE
:107330000C4615460646002935D0102A01D0202AD1
:1073400034D114F0030F1ED1236833616368736175
:10735000A368B361E368F361202D1ED0154B22684A
:10736000326262687262A268B262E268F2621A68AD
:1073700032605A6872609A68B260DB68F36000201D
:10738000306409B0F0BD0C4804F032FE2A462146B4
:107390006846D9F7A5FB6C46D6E71034074BDEE705
:1073A0006FF0AC0070476FF0AC00EAE76FF0AC0034
:1073B000E7E700BFB4F3040800BF0408C4F30408FF
:1073C00048B110B50C46114642B154B12246FFF700
:1073D00034FF002010BD6FF0AC0070476FF0AC00C0
:1073E000F8E76FF0AC00F5E7B0F5806F05D0B0F5C9
:1073F000006F09D04FF0FF307047A02901D1002065
:1074000070474FF0FF307047E02907D0B1F5807F1B
:1074100001D1002070474FF0FF30704700207047C7
:107420002DE9F04782B0002800F0EE800D4691462D
:1074300098468246002900F0EA804FF4427004F03A
:107440003DFE0446002800F0E5804FF4427004F051
:1074500035FE074610B34FF4427004F02FFE064687
:1074600010B30023019300930246394620460EF0E4
:1074700012FF10BB4A462946204611F0B5FA0546D0
:1074800038BBB8F1000F26D00A9A4146304611F0B9
:10749000ABFA054610B36FF06E0521E0204604F00C
:1074A00019FE6FF07C05A8E0384604F013FE204674
:1074B00004F010FE6FF07C059FE0304604F00AFEF9
:1074C000384604F007FE204604F004FE6FF06D0518
:1074D00093E06FF06E05BAF810367BBB002D37D005
:1074E0000B9B002B77D1002D75D1B8F1000F53D035
:1074F000394650460EF040FF00286AD1B8F1000F1F
:1075000069D050460EF0B9FFB0F5006F49D0504633
:107510000EF0B3FFB0F5406F4FD023463A463146E8
:10752000204610F005FF00286BD1012120460FF006
:107530002EF800284FD06FF077054CE031460AF561
:10754000C2600EF019FF0028C8D06FF06D05C7E7C4
:10755000022120460FF01BF8B0F1FF3F02D16FF07F
:107560007705BDE7394650460EF006FF10B16FF0C3
:107570006D05B5E73A46022138460FF051F810B1D3
:107580006FF07105ACE7394620460EF054FF012834
:10759000A6D16FF07705A3E7BAF81036002BADD06F
:1075A000A6E723463A46314620460DF057F80546F1
:1075B0000028BAD06FF06F050DE023463A463146F9
:1075C00020460DF0CCFB05460028AED06FF06F05CD
:1075D00001E06FF06D0520460EF0A9FE38460EF072
:1075E000A6FE30460EF0A3FE304604F073FD38468A
:1075F00004F070FD204604F06DFD284602B0BDE8A1
:10760000F0876FF06F05E6E76FF0AC05F5E76FF018
:10761000AC05F2E76FF07C05EFE700002DE9F04FD5
:1076200085B003929946B0F81036002B47D0044637
:10763000884600F5C26B584611F0CAF90546204647
:1076400011F0C6F9D4F81C3923B9E900C000FFF7DE
:10765000CBFED0BBD9F800400834204604F02EFD04
:107660000746002800F0BD804FF4427004F026FD6C
:10767000824680B34FF4427004F020FD054680B38B
:10768000002201920092134651460EF004FE064677
:1076900080BB22463946404605F0FFFD064698BBB2
:1076A00022463946284611F09FF9064660BB012163
:1076B00028460EF06CFF0128EBD13B463BE04A48E0
:1076C00004F096FC6FF0AC062DE0484804F090FC06
:1076D0006FF0AC0627E0384604F0FCFC6FF07C0647
:1076E00021E0384604F0F6FC504604F0F3FC6FF05D
:1076F0007C0618E0384604F0EDFC504604F0EAFC45
:10770000284604F0E7FC0EE028460EF010FE504636
:107710000EF00DFE384604F0DDFC504604F0DAFCB5
:10772000284604F0D7FC304605B0BDE8F08F0021B4
:1077300003F8011B1446621E002CF8D1384604F0F1
:10774000C9FCD9F80010C90050460EF004FF0646E7
:1077500060B128460EF0FDFD50460EF0E8FD5046A3
:1077600004F0B8FC284604F0B5FCDCE75946504666
:107770000EF061FE012826D0002EEAD152460121EA
:1077800050460EF04DFF06460028E2D12A465146EB
:1077900028460FF0D9FB06460028DAD12A460121F7
:1077A00028460EF027FF06460028D2D1284611F0C1
:1077B0000FF9D9F8002082420BD20D4804F018FCD2
:1077C0006FF0AC06C5E7514658460EF0D5FD0646AB
:1077D000D2E7C9F800000399284611F092F906464D
:1077E000B7E76FF07C069EE720BF040854BF04088B
:1077F00088BF040800000000042801D8002070475A
:10780000F8B5D8F71FFE06460F4611A3D3E90023AB
:107810001AF0E8FE10A3D3E90023D8F78DFE044642
:107820000D46304639461AF0A9FE0DA3D3E90023D0
:107830001AF0D8FE02460B4620462946D8F77CFEB1
:107840000022094BD8F7C0FCD9F710F9F8BD00BFEA
:10785000555555555555D53F3333333333330340A1
:10786000555555555555E53F000014402DE9F0415B
:107870000F4614461D4603881BB1436813F0010FE1
:1078800056D0B0F8103633B12B4622463946FFF7B2
:10789000C5FEBDE8F08111F09BF806468046B0F5C4
:1078A000207F2CD00FDCB0F5C07F2AD006DC8028EA
:1078B00029D0B0F5807F11D11D2627E0B0F5007FDB
:1078C0000CD1272622E0B0F5607F1ED0B0F5806F86
:1078D0002CD0B0F5407F01D12E2617E0F000FFF745
:1078E0008BFFC0F39C030133B8EB030862EB020289
:1078F000D20F511E524216400B401E4306E02A266C
:1079000004E0222602E0152600E031262B68B3426F
:1079100011D332462146384605F0BFFC0028B8D1C5
:10792000237843F00C0323702E60B2E73426EDE792
:107930006FF06100ADE76FF0E900AAE72DE9F047CD
:1079400082B004460D4616461F46DDF828A0DAF838
:10795000008011F03DF880457AD320460EF08DFD71
:10796000B0F5006F33D020460EF087FDB0F5406FC4
:1079700039D04FF4427004F0A1FB804600286AD051
:107980004FF4427004F09AFB8146C0B3002201928A
:1079900000921346014640460EF07DFCA8BB3246DD
:1079A0002946404611F020F8C0B36FF06E044846F7
:1079B0000EF0BDFC40460EF0CCFC484604F08AFBBD
:1079C000404604F087FB204602B0BDE8F087CDF8C2
:1079D00004A0009723463246294604F542700CF075
:1079E000BFFE0446EFE7CDF804A0009723463246D9
:1079F000294604F542700DF034FA0446E3E74046A8
:107A000004F068FB6FF07C04DDE7484604F062FB9D
:107A1000404604F05FFB6FF06D04D4E74B4622460E
:107A2000414604F5427010F083FC10B16FF06F0412
:107A3000BDE73946484611F064F8044610B16FF0CE
:107A40007004B4E7484610F0C3FFCAF80000AEE780
:107A50006FF0E904B7E76FF07C04B4E72DE9F0417B
:107A600082B0089E099FA8B114461D468046A1B168
:107A7000B2B1C3B1D6B1E7B1FFF7F8FE10B102B0B1
:107A8000BDE8F081009733462A6821464046FFF75B
:107A900055FFF4E76FF0AC00F1E76FF0AC00EEE7F4
:107AA0006FF0AC00EBE76FF0AC00E8E76FF0AC0014
:107AB000E5E76FF0AC00E2E72DE9F04782B004465D
:107AC0008A4691461F46038823B1436813F0010F8D
:107AD00000F027814FF4427004F0F0FA06460028C7
:107AE00000F022814FF4427004F0E8FA05460028C5
:107AF00041D04FF4427004F0E1FA8046002840D0B3
:107B000020460EF0BAFCB0F5006F43D020460EF0D0
:107B1000B4FCB0F5406F75D00D9B002B40F0AA80EF
:107B20000023019300934246314628460EF0B3FBF2
:107B3000002840F0A6800A9A3946284610F054FFE3
:107B4000002800F0AA806FF06E0440460EF001FCA1
:107B500030460EF0ECFB28460EF0FBFB404604F0EE
:107B6000B9FA284604F0B6FA304604F0B3FA2046D3
:107B700002B0BDE8F087304604F0ACFA6FF07C0448
:107B8000F5E7284604F0A6FA304604F0A3FA6FF0B1
:107B90007C04ECE730460EF074FB58B16FF06D04D6
:107BA000404604F097FA284604F094FA304604F070
:107BB00091FADCE70C9A0B99304610F015FF90B162
:107BC0006FF06E0430460EF0B2FB002CE8D1D9F80D
:107BD0000030A3B1012BE3D19AF80030012BDFD1A3
:107BE0006FF06104DCE7CDF80490CDF800A02346E7
:107BF0000A9A394630460CF0B3FD0446E2E76FF0CE
:107C00006104CDE730460EF03CFB58B16FF06D04D7
:107C1000404604F05FFA284604F05CFA304604F06F
:107C200059FAA4E70C9A0B99304610F0DDFE90B19A
:107C30006FF06E0430460EF07AFB002CE8D1D9F8D4
:107C40000030A3B1012BE3D19AF80030012BDFD132
:107C50006FF06104DCE7CDF80490CDF800A0234676
:107C60000A9A394630460DF0FCF80446E2E76FF018
:107C70006104CDE74FF442720021284612F0C0FAA9
:107C80004EE7404604F026FA284604F023FA304630
:107C900004F020FA6FF06D0469E70C9A0B993046F6
:107CA00010F0A2FEB8BB0D9B8BB1D9F800201F329B
:107CB0000BD4CDF80080234652112946304610F0EF
:107CC00021FA58B16FF06F043FE71F32F1E74346E6
:107CD00022462946304610F02BFBF2E701214046B0
:107CE0000EF055FCD0B10D9B3BB1D9F800205146A8
:107CF000404610F011FF044627E75146404610F079
:107D000000FF044600287FF420AF404610F060FEDC
:107D1000C9F8000019E76FF06E0416E76FF0610410
:107D200013E76FF0610422E76FF07C041FE70000A7
:107D3000F0B583B00746002800F088800E4615464F
:107D40001C46002900F09280002B00F09380002A4E
:107D500000F09480089B002B00F095800B780BB905
:107D6000551E013623781BB9089B013B089301344B
:107D7000099B3BB11B782BB90A9B013B0A93099BDA
:107D80000133099338460EF07CFA20B100242646D0
:107D90006FF06D055EE02A463146384610F024FE4D
:107DA000002875D10B9B4BBB0193B5F5807F0FD09D
:107DB0000C9BCBB101AA0821384610F056FF0546AE
:107DC000CDB9019BD3B93E4600246FF0F20541E0E6
:107DD0004FF480723849304612F068F905460028A1
:107DE000E6D101230193EBE701AA0821384610F000
:107DF000EAFE0546E4E73E4600242BE007F542761E
:107E000030460EF03EFA20B13E4600246FF06D057C
:107E100020E0089A2146304610F0E6FD054600288D
:107E20003BD1099B23B107F5C2600EF02AFAC8BB0B
:107E3000099BC3B10A9A194607F5C26010F0D4FD38
:107E40000546A0BB0B9BC7F81C390CE00446064650
:107E50006FF0AC053FB114B120460EF068FA16B1D0
:107E600030460EF064FA284603B0F0BD0C466FF0C1
:107E7000AC05EFE71E466FF0AC05EBE700242646A5
:107E80006FF0AC05E6E7002426466FF0AC05E1E7AD
:107E9000002426466FF09D05DCE73E4600246FF087
:107EA0009D05D7E734463E466FF06D05D2E7344670
:107EB0003E466FF06D05CDE7E8F3040800487047D3
:107EC000D4F30408A0B110B582B00446C0F8181964
:107ED0000023C0F81C390193009300F5C26200F53D
:107EE00042710EF0D8F930B9C4F81C0902B010BDC7
:107EF0006FF0AC0070476FF07C00F7E768B110B529
:107F000004460EF014FA04F542700EF010FA04F56F
:107F1000C2600EF00CFA002010BD0020704700B5C2
:107F200083B00123019300230093FFF779FA03B094
:107F30005DF804FB10B54FF0000C01E00CF1010CF2
:107F40009C4503D212F80C40002CF7D002EB0C0E2B
:107F5000B3EB0C032DD0012B05D08B421CD08B42F0
:107F600030D8002010BD12F80C20012AF5D16FF096
:107F70006100F7E70132591E914204D91EF802C090
:107F8000845CA445F6D0914208D01EF80210835CB0
:107F9000994214D80020E5E70022ECE71EF8021011
:107FA000835C994208D0013B9942EED16FF06100A9
:107FB000D8E76FF06100D5E76FF06100D2E76FF0AE
:107FC0006100CFE76FF06100CCE730B583B0069C6D
:107FD000079D50B161B172B183B194B1A5B1019562
:107FE0000094FFF73BFD03B030BD6FF0AC00FAE743
:107FF0006FF0AC00F7E76FF0AC00F4E76FF0AC00A7
:10800000F1E76FF0AC00EEE76FF0AC00EBE710B516
:1080100084B0079C80B1844689B19AB1ABB1BCB140
:108020000020039008980290019406980090604602
:10803000FFF742FD04B010BD6FF0AC00FAE76FF03F
:10804000AC00F7E76FF0AC00F4E76FF0AC00F1E7DD
:108050006FF0AC00EEE700B587B0DDF830C0CDF8CA
:1080600010C0DDF82CC0CDF80CC0DDF828C0CDF86C
:1080700008C0DDF824C0CDF804C0DDF820C0CDF87C
:1080800000C0FFF755FE07B05DF804FB30B587B0C0
:108090000024049401250395029401940A9C009401
:1080A000FFF746FE07B030BDA8B110B504460EF08C
:1080B0003EF904F542700EF03AF904F5C2600EF094
:1080C00036F994F8183913F0010F00D110BD20468D
:1080D00004F000F8FAE7704738B50546144611B1C8
:1080E00008460EF024F995F82430E44364B22340A6
:1080F00085F8243038BD00283BD010B5044690F8F0
:10810000243013F0010F17D194F8243013F0020F2C
:1081100017D194F8243013F0080F18D194F82430B4
:1081200013F0100F19D194F8243013F0200F1AD146
:10813000002384F8243010BD01224168FFF7CCFFF2
:10814000E2E70222A1682046FFF7C6FFE1E7082226
:10815000E1682046FFF7C0FFE0E7102221692046D2
:10816000FFF7BAFFDFE7202261692046FFF7B4FF7F
:10817000DEE7704718B108B5FFF7BDFF08BD7047CF
:108180002DE9F84F07460E461C461B8801335B015C
:10819000013B61D45B115A000132012A5ED90133DF
:1081A000D80003F08BFF054678B1238801335B01CB
:1081B000013B55D45B115A000132012A52D90133D7
:1081C000DA000021284612F01BF822880132520101
:1081D000013A49D4521153000133012B46D90132DF
:1081E000D00003F06BFF804678B1238801335B0138
:1081F000013B3DD45B115A000132012A3AD90133C7
:10820000DA000021404611F0FBFFADB3B8F1000FDA
:1082100038D021880131490101393AD44911490046
:10822000013128460EF01EF8814660B921880131DF
:10823000490101392FD449114900013140460EF05E
:1082400011F8814648B3404603F044FF284603F046
:1082500041FF4846BDE8F88F1F339BE70820A0E7A1
:108260001F33A7E70822ACE71F32B3E70820B8E7BF
:108270001F33BFE70822C4E7B8F1000F02D0404621
:1082800003F028FF15B1284603F024FF6FF07C09A6
:10829000DFE71F31C2E71F31CDE706F5427A06F569
:1082A000C26B314638460EF067F8814660B1284609
:1082B0000EF03DF840460EF03AF8404603F00AFF53
:1082C000284603F007FFC4E7514607F542700EF059
:1082D00053F881460028EAD1594607F5C2600EF0EE
:1082E0004BF881460028E2D1294658460FF0FAF8AB
:1082F00081460028DBD100230A9A214628460FF048
:108300000DFC81460028D2D15A46514658460EF0FF
:10831000E5FE81460028CAD100230A9A2146584624
:108320000FF0FCFB81460028C1D15B46224659462E
:1083300058460EF067FA81460028B8D143462246D7
:10834000294630460EF0D4FA81460028AFD12B469C
:108350002246314628460EF055FA81460028A6D11D
:108360004246414628460EF0B9FE814600289ED17D
:1083700000230A9A214640460FF0D0FB8146002890
:1083800095D12B462246414640460EF03BFA8146A7
:1083900000288CD12B462246414628460EF032FA60
:1083A0008146002883D153462246514650460EF05E
:1083B00029FA814600287FF47AAF514650460FF0E3
:1083C00091F8814600287FF472AF00230A9A214673
:1083D00050460FF0A3FB814600287FF468AF41466A
:1083E00050460FF07FF8814600287FF460AF0023ED
:1083F0000A9A214640460FF091FB814600287FF4FF
:1084000056AF4246214640460EF068F981460028A4
:108410007FF44DAF5246314650460EF05FFE814626
:1084200000287FF444AF00230A9A214650460FF0FB
:1084300075FB814600287FF43AAF314628460FF09D
:1084400051F8814600287FF432AF00230A9A214672
:1084500030460FF063FB814600287FF428AF334697
:108460002246514630460EF043FA814600287FF4FA
:108470001EAF33462246514630460EF039FA814649
:1084800000287FF414AF53462246314650460EF082
:108490002FFA814600287FF40AAF524629465046FB
:1084A0000EF01CFE814600287FF401AF00230A9ADB
:1084B000214650460FF032FB814600287FF4F7AE8C
:1084C00053462246414650460EF012FA8146EEE6E9
:1084D0002DE9F04F87B081460E4690460293109CDE
:1084E000914265D0238801335B01013B63D45B116A
:1084F0005A000132012A60D90133D80003F0DEFDB1
:10850000054678B1238801335B01013B57D45B11E9
:108510005A000132012A54D90133DA0000212846D9
:1085200011F06EFE238801335B01013B4BD45B11DC
:108530005A000132012A48D90133D80003F0BEFDA8
:10854000074678B1238801335B01013B3FD45B11BF
:108550005A000132012A3CD90133DA0000213846A1
:1085600011F04EFEBDB3D7B3218801314901013965
:108570003CD449114900013128460DF073FE824672
:1085800060B9218801314901013931D449114900CB
:10859000013138460DF066FE824658B3384603F086
:1085A00099FD284603F096FD504607B0BDE8F08FD0
:1085B0008946064696E71F3399E708209EE71F3352
:1085C000A5E70822AAE71F33B1E70820B6E71F3363
:1085D000BDE70822C2E717B1384603F07BFD15B1AD
:1085E000284603F077FD6FF07C0ADDE71F31C0E716
:1085F0001F31CBE706F5427B2B46224659462046E3
:108600000EF076F9824660B128460DF090FE3846AD
:108610000DF08DFE384603F05DFD284603F05AFD4F
:10862000C2E7CDF80C900596314648460DF003FFA1
:1086300038B906F5C26A504610F0DAFB002840F05F
:10864000608108F54273029308F5C26304934146C2
:1086500003980DF091FE82460028D5D1029909F5C4
:1086600042700DF089FE82460028CDD1049909F5AB
:10867000C2600DF081FE82460028C5D1B6F81036E2
:10868000002B40F06A81BAF1000FBDD12946049851
:108690000EF028FF82460028B6D10023119A214609
:1086A00028460FF03BFA82460028ADD13A462946CB
:1086B00005980EF013FD82460028A5D10023119ADB
:1086C000214638460FF02AFA824600289CD12A46D5
:1086D000294604980EF002FD8246002894D100231A
:1086E000119A214628460FF019FA824600288BD1AC
:1086F0002A46294658460EF0F1FC8246002883D1CE
:108700000023119A214628460FF008FA82460028D5
:108710007FF47AAF029B2246294618460EF0E8F80D
:10872000824600287FF470AF2B4622462946284611
:108730000EF068F8824600287FF466AF2B4622468A
:10874000029928460EF05EF8824600287FF45CAF5E
:1087500043462246394640460EF0CAF88246002873
:108760007FF452AF3B462246394638460EF04AF86F
:10877000824600287FF448AF3B46224641463846B1
:108780000EF040F8824600287FF43EAFB6F810366F
:10879000002B40F02D81BAF1000F7FF435AF049A21
:1087A000414610460EF09AFC824600287FF42CAF1A
:1087B0000023119A214604980FF0B0F98246002850
:1087C0007FF422AF2A46414628460EF087FC8246B7
:1087D00000287FF419AF0023119A214628460FF094
:1087E0009DF9824600287FF40FAF414640460EF0C7
:1087F00079FE824600287FF407AF0023119A2146B4
:1088000040460FF08BF9824600287FF4FDAE3A46D1
:10881000414638460EF062FC824600287FF4F4AEF2
:108820000023119A214638460FF078F98246002835
:108830007FF4EAAE2A46414628460EF04FFC8246B7
:1088400000287FF4E1AE0023119A214628460FF05C
:1088500065F9824600287FF4D7AE414602980EF0B3
:1088600041FE824600287FF4CFAE0023119A2146B4
:1088700040460FF053F9824600287FF4C5AE4346C8
:108880002246394640460EF033F8824600287FF4EF
:10889000BBAE3B462246414638460EF029F882469A
:1088A00000287FF4B1AE3B462246414638460EF0E2
:1088B0001FF8824600287FF4A7AE3A460299384650
:1088C0000EF00CFC824600287FF49EAE0023119A25
:1088D000214638460FF022F9824600287FF494AEF4
:1088E000029B2246294638460EF002F882460028AE
:1088F0007FF48AAE029A214610460DF0EFFE8246C2
:1089000082E6514609F5C2600DF095FD00287FF41E
:1089100098AE09F5427A594650460DF08CFD30B1BB
:10892000294650460DF087FD00287FF48AAE284680
:108930000DF0FDFC38460DF0FAFC384603F0CAFB9A
:10894000284603F0C7FB119B00932346029A414639
:108950004846FFF715FC824626E606F5C269294619
:1089600048460EF0BFFD824600287FF44DAE00233E
:10897000119A214628460FF0D1F8824600287FF44C
:1089800043AE4246414628460EF0A8FB82460028E8
:108990007FF43AAE0023119A214640460FF0BEF80C
:1089A000824600287FF430AE2A46294648460EF01B
:1089B00095FB824600287FF427AE0023119A2146BA
:1089C00028460FF0ABF8824600287FF41DAE029ACD
:1089D000114628460EF082FB824600287FF414AE32
:1089E0000023119A214602980FF098F882464AE631
:1089F000049A06F5C26110460EF070FB824600280C
:108A00007FF402AE0023119A214604980FF086F8F5
:108A10008246C0E670B582B000283AD005460468A8
:108A2000BCB140F61C120021204611F0E9FB2B6876
:108A3000CBB100230193009304F5C26204F54271A7
:108A400020460DF028FC0646A0B92C60304602B046
:108A500070BD40F61C1003F031FB04460028E0D145
:108A60006FF07C06F2E794F8183943F0010384F8BC
:108A70001839DEE7084803F0BBFA94F8183913F008
:108A8000010F01D10024E0E7204603F023FB00247E
:108A9000DBE76FF0AC06D9E7B0BF04082DE9F04181
:108AA00005460E461446B2F800C00CF1010C4FEA20
:108AB0004C1CBCF1010C33D44FEA6C1C4FEA4C0344
:108AC0000133012B2FD90CF1010C4FEACC0003F03C
:108AD000F5FA0746002873D0238801335B01013B78
:108AE00023D45B115A000132012A20D90133DA0064
:108AF0000021384611F084FB2188013149010139F8
:108B000017D449114900013138460DF0ABFB8046BE
:108B100088B117B1384603F0DDFA4046BDE8F08170
:108B20000CF11F0CC8E70820D1E71F33D9E7082252
:108B3000DEE71F31E5E7214638460FF022F8804690
:108B400018B138460DF0F3FBE3E7012138460DF08C
:108B50001EFDB8B9314628460DF00EFC80460028AF
:108B6000EFD106F5427105F542700DF005FC804627
:108B70000028E6D106F5C26105F5C2600DF0FCFBE8
:108B80008046DEE733462246394628460EF008FC8A
:108B900080460028D5D106F542732246394605F5B0
:108BA00042700EF0FDFB80460028CAD106F5C26374
:108BB0002246394605F5C2600EF0F2FB8046C0E75A
:108BC0006FF07C08A5E72DE9F04705460E46914673
:108BD0009846089CB4F800C00CF1010C4FEA4C1CFC
:108BE000BCF1010C33D44FEA6C1C4FEA4C03013347
:108BF000012B2FD90CF1010C4FEACC0003F05EFAE7
:108C00000746002875D0238801335B01013B23D43C
:108C10005B115A000132012A20D90133DA00002108
:108C2000384611F0EDFA218801314901013917D494
:108C300049114900013138460DF014FB824688B1D4
:108C400017B1384603F046FA5046BDE8F0870CF1FC
:108C50001F0CC8E70820D1E71F33D9E70822DEE759
:108C60001F31E5E7214638460EF08BFF824618B1EA
:108C700038460DF05CFBE3E733462246394628468A
:108C80000EF08EFB82460028F2D106F54273224692
:108C9000394605F542700EF083FB82460028E7D185
:108CA00006F5C2632246394605F5C2600EF078FB30
:108CB00082460028DCD143462246394648460EF01B
:108CC0006FFB82460028D3D108F54273224639460D
:108CD00009F542700EF064FB82460028C8D108F501
:108CE000C2632246394609F5C2600EF059FB82463E
:108CF000BEE76FF07C0AA3E72DE9F84307460D466F
:108D000016461C46B3F800C00CF1010C4FEA4C1C8F
:108D1000BCF1010C36D44FEA6C1C4FEA4C03013312
:108D2000012B32D90CF1010C4FEACC0003F0C6F94B
:108D3000804690B3238801335B01013B27D45B114C
:108D40005A000132012A24D90133DA0000214046B9
:108D500011F056FA21880131490101391BD449111A
:108D60004900013140460DF07DFA8146B9F1000F0E
:108D700016D0B8F1000F02D0404603F0ABF94846D8
:108D8000BDE8F8830CF11F0CC5E70820CEE71F33C0
:108D9000D5E70822DAE71F31E1E76FF07C09E5E764
:108DA0004246012108980DF03BFC814618B140462F
:108DB0000DF09BFADDE7414638460DF03CFBB0FA7A
:108DC00080F77F0932463946284610F026F881465A
:108DD0000028ECD1424605F5427120460DF0F1FC29
:108DE00081460028E3D106F542723946404610F02C
:108DF00014F881460028DAD106F5C262394605F535
:108E0000C26010F00AF88146D1E700002DE9F04178
:108E10009846056AC3699D4210D204460F4616461D
:108E200080696B1C236205EBC50500EBC500106073
:108E300011210DF017FA38B1BDE8F081084803F0B0
:108E4000D7F86FF0A900F7E794F8243043EA080355
:108E500084F824301022394630680FF091FEEBE799
:108E6000C8BF0408F8B5002855D00746002955D0DA
:108E70000C682368834202D0002384F824302760E2
:108E800094F8243022EA0306134384F8243016F0C1
:108E9000010F0FD1002516F0020F13D116F0080FA5
:108EA00019D116F0100F1FD116F0200F24D165BB79
:108EB0002846F8BD0123221DF9682046FFF7A6FFCA
:108EC0000546E8E7022304F1080239692046FFF766
:108ED0009DFF0544E2E7082304F10C02B96920462E
:108EE000FFF794FF0544DCE71023E218F9692046F8
:108EF000FFF78CFF0544D7E7202304F11402396AF9
:108F00002046FFF783FF0544D1E72046FFF732F9FB
:108F10006FF06E05CCE76FF0AC05C9E76FF0AC05FC
:108F2000C6E7F0B58DB004460D46164602A801907E
:108F30002822002111F064F901230993482003F04D
:108F4000BDF8074678B1019B9861082201A9206904
:108F5000FFF788FF04464CB92B8813B3338853B905
:108F60006FF078041FE06FF07C04F4E717B3384625
:108F700003F0B0F81EE0019BD96828460DF05BFABB
:108F8000B0F1FF3F02D06FF061040CE0019BD968A3
:108F900030460DF050FAB0F1FF3F04D06FF061049D
:108FA00001E06FF078040198FFF7E4F817B1384654
:108FB00003F090F820460DB0F0BD30B58DB00446FA
:108FC00002A801902822002111F01AF90123099327
:108FD000482003F073F8054678B1019B9861082298
:108FE00001A92046FFF73EFF04464CB115B12846C3
:108FF00003F070F820460DB030BD6FF07C04F4E74C
:10900000019BD8680DF039FA04460198FFF7B2F8D1
:10901000002DEFD0284603F05DF8EBE730B585B0C2
:109020005D68B5F1FF3F16D00E4C4FF0340C0CFBD1
:10903000054CDCF80440072C10D15C690394002433
:109040000294099C0194089C009403F634130CF0DC
:10905000E1F805B030BD6FF0E900FAE76FF0E90024
:10906000F7E700BFE8F40408F0B587B004461046FF
:109070000D9A5668B6F1FF3F19D00F4619460F4DAD
:10908000342303FB065CDCF80430072B12D102F515
:10909000C563556904950C9D03950297019400934F
:1090A00002F5487318320CF0ABF907B0F0BD6FF061
:1090B000AD00FAE76FF0AD00F7E700BFE8F4040891
:1090C000D0B310B5864600290CDD422937DCDEF826
:1090D0000430B3F1FF3F35D00020CEF80400CEF8C5
:1090E000100007E0002AF0DA6FF0AC001DE08B42C0
:1090F00011DA0130342300FB03F3134CE35853B16E
:10910000002AF4DD104C4FF0340C0CFB004CDCF862
:1091100004409442EDD14BB1CEF8040034220A4B06
:1091200002FB0033CEF81030002010BD074802F0DB
:109130005FFF6FF0AB00F8E76FF0AC0070476FF0C7
:10914000A900F2E70020F0E7E8F40408ECBF040807
:109150002DE9F84F002800F030810C4616461F46D6
:109160008046002900F02C8100F5C26900214846A4
:109170000DF00DFA00287DD0238801335B01013BFF
:1091800000F18D805B115A000132012A40F2898082
:109190000133D80002F092FF054678B123880133ED
:1091A0005B01013B7FD45B115A000132012A7CD95B
:1091B0000133DA000021284611F022F8208801301E
:1091C0004001013873D4401143000133012B70D9A1
:1091D0000130C00002F072FF824678B1238801336B
:1091E0005B01013B67D45B115A000132012A64D94B
:1091F0000133DA000021504611F002F8002D5ED054
:10920000BAF1000F61D0218801314901013963D4DD
:1092100049114900013128460DF024F800285FD19A
:10922000218801314901013958D4491149000131DE
:1092300050460DF017F8002852D108F5427B002F58
:1092400000F0AA8033462A46214648460EF0CBFA63
:10925000074600284DD028460DF069F850460DF01D
:1092600066F8504602F036FF284602F033FF3846D3
:10927000BDE8F88F002140460DF080F90746002830
:10928000F5D1002108F542700DF078F90746002865
:10929000EDD1012148460DF071F90746E7E71F338C
:1092A00070E7082076E71F337DE7082282E71F304A
:1092B00089E708208EE71F3395E708229AE7BAF17D
:1092C000000F02D0504602F005FF15B1284602F00B
:1092D00001FF6FF07C07CAE71F3199E71F31A4E750
:1092E000504602F0F7FE284602F0F4FE6FF07C07CD
:1092F000BDE700233246214628460EF00FFC074604
:10930000002FA8D1514628460EF0ECF80746002859
:10931000A1D15246214650460DF016FE07460028C0
:1093200099D12A46514628460DF0D8FE0746002816
:1093300091D12A46214628460DF006FE0746002810
:1093400089D14246514640460DF0C8FE07460028E6
:1093500081D100233246214640460EF0DFFB07460E
:1093600000287FF478AF5A46294658460DF0B6FEDD
:10937000074600287FF46FAF002332462146584647
:109380000EF0CCFB074600287FF465AF012148466C
:109390000DF0F4F807465EE70023324621464846C2
:1093A0000EF0BCFB074600287FF455AF2A46214645
:1093B00048460EF017F80746A2E76FF0A90756E7F0
:1093C0006FF0A90753E708B50023FFF7C1FE08BDFA
:1093D00038B5C8B10C460546C9B10CF0CDFF0346FF
:1093E00008B1184638BD04F5427105F542700CF01D
:1093F000C3FF03460028F4D104F5C26105F5C2603D
:109400000CF0BAFF0346ECE76FF0A903E9E76FF051
:10941000A903E6E7034601280EDC0021342201FB04
:1094200002F20748805828B9B3F1FF3F01DB9942A7
:1094300004DC70470131F1E7002070470120F8E7B4
:10944000E8F40408F0B595B0002839D015461F4659
:10945000002938DB422939DC002A3AD0002F3BD0E2
:1094600001F10804224601A903F017FF064628B1BE
:109470005EB92B884BB96FF0780606E0224601A949
:1094800028460FF0B1FA064610B101AB4A2211E0AE
:10949000394628460CF0CFFFB0F1FF3FE8D02A460E
:1094A000394628460DF050FD0646E1E7002203F854
:1094B000012B0A46511E002AF8D1304615B0F0BDE6
:1094C0006FF0AC06F9E76FF0AC06F6E76FF0AC06AC
:1094D000F3E76FF0AC06F0E76FF0AC06EDE7F8B538
:1094E00006460D4617461C46194609980EF049FBDC
:1094F000034610B193B11846F8BD2346089A294691
:109500003046FFF79FFF03460028F4D1089B224610
:10951000099918460DF044FF0346EBE707F5C265CD
:109520002A46089928460DF0D9FD03460028E2D1C5
:109530000023069A214628460EF0F0FA034600283A
:10954000D9D1079908980DF0CDFF03460028D2D154
:109550000023069A214607980EF0E0FA03460028F9
:10956000C9D1089A079910460DF0B8FD03460028A6
:10957000C1D10023069A214608980EF0CFFA03467F
:109580000028B8D13A46079938460DF0A7FD0346A2
:109590000028B0D10023069A214638460EF0BEFAC4
:1095A00003460028A7D107F542773A46089938467E
:1095B0000DF094FD034600289DD10023069A214614
:1095C00038460EF0ABFA034695E7C8B130B583B024
:1095D0000D4604464FF44462002110F011FE0023B2
:1095E0000193009304F5C56304F5487204F1180172
:1095F00004F634100CF04FFE28B9656103B030BD9D
:109600006FF0AC0070476FF07C00F7E790B110B5D9
:10961000044618300CF08BFE04F548700CF087FE01
:1096200004F5C5600CF083FE04F634100CF091FED6
:10963000002010BD00207047F0B583B007460C46EF
:1096400015461E46018819B9B0F80833002B3FD0E3
:1096500023881BB9B4F80833002B3ED02146384686
:109660000CF0E9FE38B904F5C26107F5C2600CF0F0
:10967000E2FE002837D0099B0193089B00933346F4
:109680002A4621463846FEF723FF50BBB5F8103670
:109690003BBB2B88002B5AD1B5F80833002B56D191
:1096A000B4F81036002B49D129462046FFF790FE2A
:1096B000B8B9089905F5C2600EF063FA88B9099B3C
:1096C0000093089B324629462846FEF759FD08E0DC
:1096D00011462046FFF77CFE03E029463846FFF797
:1096E00077FE03B0F0BD04F5427107F542700CF04F
:1096F000A2FE40B9099B0093089B324629462046AA
:10970000FEF73EFDEDE7002128460CF037FF40B1A3
:109710000028E6D10A9B002BE3D001230A9A1360AC
:10972000DFE7002105F542700CF028FF0028D8D1B2
:10973000012105F5C2600CF021FFE9E7099B0093C8
:10974000089B324629462046FEF71AFDC9E700214C
:1097500028460CF013FF0028C3D1002105F5427004
:109760000CF00CFF0028BCD1012105F5C2600CF003
:1097700005FF0028B5D10A9B002BB2D001230A9A1D
:109780001360AEE710B582B00C46018811B9B0F88D
:10979000081351B1049900912146FEF7F1FC10B96C
:1097A000B4F810362BB102B010BD2146FFF710FE01
:1097B000F9E7002120460CF0E1FE0028F3D100215A
:1097C00004F542700CF0DAFE0028ECD1012104F51A
:1097D000C2600CF0D3FEE6E72DE9F04F8FB00B909E
:1097E0000A9193461F46DDF864A050460CF045FEF2
:1097F000073012D4C410BB6807934FF4427002F0D4
:109800005DFC0590002800F0A6800CF03AFD089061
:1098100028B1002506952026A3E00730EAE739683D
:109820000A980CF0A9FD069030B1089B069A0892A0
:1098300006930025202694E00A9B03F542753968BB
:1098400001F5427128460CF097FD089010B10025F3
:10985000202686E00A9B03F5C266396801F5C261DD
:1098600030460CF089FD069030B1089B069A0892AC
:1098700006930025202674E079680A980CF07CFD98
:10988000089010B1002520266BE0796801F542713F
:1098900028460CF071FD069030B1089B069A08929C
:1098A0000693002520265CE0796801F5C261304608
:1098B0000CF062FD089000285AD11B9B002B29D088
:1098C000BB6803F5427207990391029201931A9BB8
:1098D000009353463A6821461B98FFF700FE069016
:1098E000069B002B47D11B9BBBB1BB6803F54272A3
:1098F00007990391029201931A9B009353467A6849
:1099000021461B98FFF7EBFD0890089B43B100250B
:10991000202626E0089B0693E2E7069B0893F4E7DF
:1099200050460CF0AAFD431C06930B9A55686D082F
:109930001F2B0EDD202607990B980CF01DFD0890BB
:1099400078B9BAF80010013107980CF0CFFC0890F4
:1099500007E0069EEFE70025069520266FF07C03C2
:1099600008930124A146A046089BCDF824B01CE032
:1099700000252026F5E7089B069A08920693002505
:109980002026EEE705F0010B6D088BEA0404059B29
:1099900000932346BAF80020796838680CF006FD79
:1099A000034688B108F101085C46002B45D1069AB0
:1099B000904542DA013EE5D1079B03EB89035D68E0
:1099C00009F101092026DDE738687968059B0093D5
:1099D0002346BAF8002001F5427100F542700CF000
:1099E000E5FC03460028DDD138687968059B0093C3
:1099F0002346BAF8002001F5C26100F5C2600CF000
:109A0000D5FC03460028CDD138681A9B00935346F5
:109A1000189A0146FFF7B6FE03460028C2D13868FF
:109A20000DAB02931A9B0193CDF800A0189B024640
:109A30007968FFF701FE0346B4E70893DDF824B028
:109A400084F0010443B1059B13B1184602F042FBB8
:109A500008980FB0BDE8F08F059B00932346BAF835
:109A60000020796838680CF0A1FC08900028EAD141
:109A700038687968059B00932346BAF8002001F501
:109A8000427100F542700CF091FC08900028DAD188
:109A900038687968059B00932346BAF8002001F5E1
:109AA000C26100F5C2600CF081FC08900028CAD1A8
:109AB000B9680A980CF060FC08900028C3D1BA6815
:109AC00002F542720A9B03F5427150460CF079FE92
:109AD00008900028B7D1B96801F5C2610A9B03F567
:109AE000C2600CF049FC08900028ACD10B9B5C686C
:109AF00004F00104059B00932346BAF8002079681E
:109B000038680CF053FC089000289CD138687968BC
:109B1000059B00932346BAF8002001F5427100F539
:109B200042700CF043FC089000288CD138687968AA
:109B3000059B00932346BAF8002001F5C26100F5A9
:109B4000C2600CF033FC089000287FF47CAF3868CA
:109B50000DAB02931A9B0193CDF800A0189B02460F
:109B6000B968FFF769FD089000287FF46CAF059B8A
:109B700000932346BAF80020796838680CF016FC88
:109B8000089000287FF45FAF38687968059B0093E0
:109B90002346BAF8002001F5427100F542700CF03E
:109BA00005FC089000287FF44EAF38687968059B63
:109BB00000932346BAF8002001F5C26100F5C260A7
:109BC0000CF0F4FB089000287FF43DAF594638684C
:109BD0000CF0D2FB089000287FF435AF38680BF505
:109BE000427100F542700CF0C7FB089000287FF42A
:109BF0002AAF38680BF5C26100F5C2600CF0BCFBFF
:109C0000089020E72DE9F04F8BB0DDF850A0189DAB
:109C100000287AD00F46904699468346002977D08F
:109C2000002A78D0BAF1000F78D00CF026FC044658
:109C300015980CF022FC844210DC00240994069450
:109C400007940894022C0FDC294606A800EB840038
:109C5000FEF7E0FE064668B90134F3E7314802F04A
:109C6000C7F96FF0D8064CE0294609A8FEF7D2FEE6
:109C7000064628B129460998FEF716FA00243EE068
:109C80002B46524609993846FEF708FF064600283B
:109C9000F0D105A950460DF05BFF06460028E9D13A
:109CA000169B0393059B0293CDF804A0CDF800907A
:109CB00006AB424609995846FFF78EFD0646002836
:109CC000D8D1159B00935346424609995846FFF751
:109CD00013F806460028CDD1179B002BCAD0059A51
:109CE00051464046FFF76FFB0646C3E70AAB03EB5E
:109CF0008403294653F8100CFEF7D6F90134022CE0
:109D0000F4DD30460BB0BDE8F08F6FF0A906F8E740
:109D10006FF0A906F5E76FF0A906F2E76FF0A90664
:109D2000EFE700BF00C004082DE9F04F95B00446EE
:109D30000F4690461E4600F634194268B2F1FF3FC6
:109D400006D0584B342101FB02335B68072B21D02E
:109D50000021079108910AA80990282210F050FAD2
:109D600003231193D82002F0A9F98246E0B1099BA0
:109D700098610B2209A92069FFF774F80546B5B16F
:109D8000BAF1000F02D0504602F0A4F9284615B0EF
:109D9000BDE8F08F43690093334642463946484652
:109DA0000BF0F1F90546F1E76FF07C05E7E7616933
:109DB00007A8FEF72FFE834608BBD4F83C2C002AE8
:109DC00055D009998B686069049000200390029235
:109DD000CA6801924A680092079A39464846FFF7D6
:109DE00011FF0546002844D108A9099B58680DF0C9
:109DF000AFFE834670B12B4605469B4639E0099875
:109E0000FEF7B8F9BAF1000F02D0504602F062F93D
:109E10005D46BBE70123089A099949680798FFF74F
:109E200097F9054628BB099B58680EF0D1FD83467B
:109E30003368834202D26FF083051AE007980EF070
:109E4000C7FD584502DD6FF0830512E05A46002138
:109E5000404610F0D5F9079D28460EF0B9FDABEB52
:109E60000001414428460EF04CFE054601E06FF02B
:109E7000EB05C6F800B007980CF06BFA079800F5F0
:109E800042700CF066FA61690798FEF70DF90998BF
:109E9000FEF770F9BAF1000F3FF478AF504602F0C8
:109EA00019F973E7E8F40408002841D0F8B50D4625
:109EB00016461F46044600293DD0002A3ED0002BFE
:109EC0003FD00368023B012B10D84068FFF7A2FA8D
:109ED00090B1236983B1A368012B13DD022B24D138
:109EE0000223A36000200023A360F8BD164802F0FF
:109EF0007FF86FF0A900F8E7144802F079F86FF0E6
:109F0000A900F2E7002B0DDB0123A3603B4632469C
:109F100029462046FFF708FF0028E1DA10F16C0F10
:109F2000E1D1E2E76FF0BF00DDE76FF0BF00DAE7F5
:109F30006FF0AC0070476FF0AC00D6E76FF0AC008C
:109F4000D3E76FF0AC00D0E734C0040844C0040885
:109F500048B32DE9F0410C4615461E46074629B385
:109F60003AB34BB30368023B012B28D84068FFF794
:109F700051FA38B3D7F81080B8F1000F25D06068D7
:109F8000FFF748FA20B323692BB3D8F804205B68A5
:109F90009A4223D133462A4604F118013846FFF786
:109FA00083FFBDE8F0816FF0AC0070476FF0AC004C
:109FB000F7E76FF0AC00F4E76FF0AC00F1E76FF09B
:109FC000A900EEE76FF0A900EBE76FF0A900E8E762
:109FD0006FF0A900E5E76FF0A900E2E76FF0A900D4
:109FE000DFE700002DE9F04389B0002800F0AE80E3
:109FF0008846154699460446002A33D01746B4F8D9
:10A000003439002B33D16FF0D706CEB96268B2F184
:10A01000FF3F06D04F4B342101FB02335B68072B17
:10A020003DD0002306930793616907A8FEF7F2FC71
:10A03000064600283CD061690798FEF735F856B10E
:10A0400038460CF074F907F542700CF070F907F51A
:10A05000C2600CF06CF92368032B72D0304609B053
:10A06000BDE8F0830746032347F8183BC7E7D8F855
:10A070000C1004F634100CF0DEF9B0F1FF3F02D002
:10A080006FF0D706C1E700230193009307F5C26282
:10A0900007F5427138460CF0FEF80646B5E76369ED
:10A0A0000122394604F634100AF0F3FF0646C6E7EB
:10A0B0000799D8F810000CF05FF906460028BAD1CD
:10A0C000079901F54271D8F814000CF055F90646CD
:10A0D0000028B0D106A9D8F804000DF039FD0646D5
:10A0E0000028A8D10121079800F5C2600CF046FABB
:10A0F000064600289FD16369049300230393CDF89B
:10A100000890D8F80C300193D8F804300093D8F8B0
:10A1100008303A46079904F63410FFF773FD0646F7
:10A1200010F1610F0AD0002885D10123069AD8F8D2
:10A1300004103846FFF70CF806467CE76FF07C0603
:10A1400079E7002D8AD10223236087E76FF0AC0600
:10A1500084E700BFE8F404082DE9F0418CB0002A40
:10A160007FD00546144600287ED00022A2601A4601
:10A170002046FEF7A5FF064600286ED19DF8483020
:10A18000E3606268B2F1FF3F06D0394B342101FB36
:10A1900002335B68072B33D002A8019028220021EC
:10A1A00010F02EF80523099304F6341738460CF006
:10A1B00068F80646002842D14FF4B47001F07EFFE3
:10A1C000804650B3019B98613B2201A92069FEF7AC
:10A1D00049FE064638BB2169019BDB683A4609689F
:10A1E0002846FFF72FF9064608BB2B4600220199A7
:10A1F0002046FFF7F7FE0646E8B90223236023E076
:10A20000636904F1180204F6341128460AF07AFF53
:10A21000064610BB022323601FE0164801F0E8FE4B
:10A220006FF07C060DE0144801F0E2FE09E01348EF
:10A2300001F0DEFE05E0124801F0DAFE01E04FF029
:10A24000000838460CF085F80198FDF793FFB8F147
:10A25000000F02D0404601F03DFF30460CB0BDE893
:10A26000F0816FF0AC06F8E76FF0AC06F5E700BFE1
:10A27000E8F4040860C004087CC0040898C004081E
:10A28000ACC0040800B583B0DDF810C0CDF800C044
:10A29000FFF762FF03B05DF804FB10B582B0002445
:10A2A0000094FFF7EFFF02B010BD2DE9F04F87B02B
:10A2B00081460D4604921E46DDF848B002693AB167
:10A2C0001368DB001F335B095B000133012B47D9A7
:10A2D000002A47D01068C0001F3040090130C0007C
:10A2E00001F0ECFE0390002800F0BD80D9F81020AA
:10A2F0003AB11368DB001F335B095B000133012BAC
:10A3000032D99AB31268D2001F3252090132D200F8
:10A31000002103980FF074FFD9F8103043B3196887
:10A32000C9001F31490949000131039F38460BF02C
:10A3300099FF0446002840F09880DDF81080013431
:10A34000402C00F39780D9F81010F3683A4609685A
:10A350004046FFF777F810F1790FF0D0044684E01B
:10A360000820BDE74820BBE70822D1E74822CFE715
:10A370001121DAE750460BF0DAFF05F548700BF0D3
:10A38000D6FF05F5C5600BF0D2FF05F634100BF0D3
:10A39000E0FF029B002B70D108F10108B8F1400FDB
:10A3A00078DCD9F8103019685B68002200922A46E0
:10A3B0000498FFF7D1FE029000286ED105F1180A2B
:10A3C0002246F16850460CF0BFFD0290002866D18D
:10A3D0002388002BCED005F6341709F634130593E5
:10A3E0003B46F268039938460CF0DAFF02900028E9
:10A3F00057D13A46F16838460CF0F4FF0290002835
:10A4000051D15B46F268214605980CF0C9FF0290D5
:10A4100000284AD15B46F268594638460CF0C0FF26
:10A420000290002843D13B46F268109938460CF060
:10A43000B7FF029000283CD15B46F2685946384687
:10A440000CF0E0F90290002835D15B46F2680399E0
:10A4500058460CF0A5FF029078BBBBF80030002BEB
:10A4600088D0029C0AE06FF07C044FF00008029450
:10A47000119C8EE76FF0C604F7E71C46039D284643
:10A480000BF067FF15B1284601F024FE204607B007
:10A49000BDE8F08F6FF0C604F0E7029CEEE7029C87
:10A4A000ECE7029CEAE7029CE8E7029CE6E7029CF4
:10A4B000E4E7029CE2E7029CE0E7029CDEE72DE98C
:10A4C000F04F93B00646884617461C46DDF870905C
:10A4D00008A80790282200210FF092FE01230F9375
:10A4E000002E00F0E280B9F1000F00F0E1801D9B2A
:10A4F000002B00F0E080002C00F0E080002F00F046
:10A50000E0802368023B012B00F2DE806068FEF7EA
:10A5100081FF002800F0DB802369002B00F0DA8047
:10A520001D9B0193CDF8009023463A4641463046A4
:10A53000FEF774FD054610F1EA0F40F0AF80226986
:10A540003AB11368DB001F335B095B000133012B59
:10A550007CD9002A7CD01068C0001F30400901302F
:10A56000C00001F0ABFD8346002800F0B6802269F0
:10A570003AB11368DB001F335B095B000133012B29
:10A5800068D9002A68D01268D2001F3252090132FD
:10A59000D200002158460FF033FE2369002B5DD016
:10A5A0001968C9001F3149094900013158460BF0AB
:10A5B00059FE0546002853D1482001F07FFD824610
:10A5C00000285AD0079B9861082207A92069FEF746
:10A5D00049FC0546002852D1079BD8680BF04DFF77
:10A5E0000590B0EBC80F03D200F107084FEAD80876
:10A5F0004246314658460EF0F7F9054600283ED14E
:10A60000059BB3EBC80F2FD34FF4446001F056FD08
:10A610000646002846D06FF001026169FEF7D5FFBB
:10A62000054660BB1D9B0293CDF80490CDF800B0A9
:10A63000079B3A4631462046FFF737FE054630462F
:10A64000FEF7E4FF304601F045FD18E0082088E7FA
:10A65000482086E708229CE748229AE71121A5E7CF
:10A66000584601F037FD19E003F007015A46C1F1E1
:10A67000080158460CF052F9C6E76FF07C055846C1
:10A680000BF055FE0798FDF775FD584601F022FDC9
:10A69000BAF1000F02D0504601F01CFD284613B05D
:10A6A000BDE8F08F6FF07C05E9E76FF0A905F5E7ED
:10A6B0006FF0A905F2E76FF0A905EFE76FF0A905C4
:10A6C000ECE76FF0A905E9E76FF0A905E6E76FF0A1
:10A6D000A905E3E76FF0A905E0E76FF07C05DDE78A
:10A6E0002DE9F04F83B00D9C002800F0EA808A46E7
:10A6F000904699468346002A00F0E680002B00F041
:10A70000E680002C00F0E6800C9B002B00F09E8081
:10A71000226942B11368DB001F335B095B00013320
:10A72000012B40F29980002A00F098801068C00048
:10A730001F3040090130C00001F0C0FC064600286F
:10A7400000F0CB80226942B11368DB001F335B0944
:10A750005B000133012B40F28380002A00F08280ED
:10A760001268D2001F3252090132D2000021304655
:10A770000FF046FD22693AB11368DB001F335B0915
:10A780005B000133012B6FD9002A6FD01068C00025
:10A790001F3040090130C00001F090FC074600283E
:10A7A0006CD022693AB11368DB001F335B095B0090
:10A7B0000133012B5CD9002A5CD01268D2001F3211
:10A7C00052090132D200002138460FF019FD2369E9
:10A7D000002B51D01968C9001F31490949000131C6
:10A7E00030460BF03FFD054600284DD12369002B74
:10A7F00051D01968C9001F31490949000131384653
:10A800000BF030FD0546002847D1019700962346FE
:10A810000C9A51465846FFF752FE051E44DB3B4654
:10A82000324649464046FBF7C5FD054630460BF02B
:10A830007EFD38460BF07BFD384601F04BFC304680
:10A8400001F048FC284603B0BDE8F08F244801F031
:10A85000CFFB6FF0A905F5E708206DE748206BE70F
:10A86000082283E7482281E7082095E7482093E7FC
:10A870000822A8E74822A6E71121B1E7304601F0F7
:10A8800029FC6FF07C05DDE7384601F023FC3046FB
:10A8900001F020FCD6E71121B1E7384601F01AFC9F
:10A8A000304601F017FCCDE730460BF040FD38464E
:10A8B0000BF03DFD384601F00DFC304601F00AFC7E
:10A8C000C0E76FF0A905BDE76FF0A905BAE76FF023
:10A8D000A905B7E76FF0A905B4E76FF07C05B1E70C
:10A8E000C4C004082DE9F04F8BB0984600230893AC
:10A8F0000690002800F0B3810F461546002900F0AD
:10A90000B181002A00F0B181B8F1000F00F0B081F0
:10A91000149B002B00F0AF81169B002B00F0AE8142
:10A9200040F2011001F0CAFB8246002800F0A98124
:10A9300040F2011001F0C2FB834660B3402001F0F9
:10A94000BDFB044668B340F2011632460021504672
:10A950000FF056FC3246002158460FF051FC4022C1
:10A96000002120460FF04CFC38460EF031F8064628
:10A9700040460EF02DF881463346864238BF0346E6
:10A980000593B6F5817F80F03A81B0F5817F11D3D0
:10A990006FF0AC0635E1504601F09CFB6FF06006AD
:10A9A00059E1584601F096FB504601F093FB6FF0D9
:10A9B000600650E1991B514438460EF0A2F8064655
:10A9C000002840F01E81059BA3EB09015944404635
:10A9D0000EF097F80646002840F013810746DDF890
:10A9E0005C800F2F08DC414604EB8700FEF712F86D
:10A9F000064608B90137F4E7002E40F0028108A9A5
:10AA000016980DF0A5F80646002840F0FA80236954
:10AA10006168179A0192169A00922A460698FEF7E4
:10AA2000D2F80646002840F0EC80089B0093169B65
:10AA3000159AA1686068FEF7A5FE0646002840F05A
:10AA4000E08000230293089B0193169B0093159BC3
:10AA5000E268A1686068FEF7EFFD0646002840F056
:10AA6000D080089B0093169B159A216A2069FEF7F7
:10AA700089FE0646002840F0C48000230293089B0C
:10AA80000193169B0093159B226B216A2069FEF7A8
:10AA9000D3FD0646002840F0B480012717E02901C5
:10AAA00007EB850200230293089B0193169B0093FA
:10AAB000159B54F82220615854F82700FEF7BCFD7E
:10AAC0000135032D02DC0028FAD1E8E70137032F16
:10AAD00001DC0125F5E70646002840F092800123BD
:10AAE00009939AF8003006939BF80030079380464C
:10AAF0004FF003090346149D40E009F10109B9F143
:10AB0000040F43D11AF8082006921BF80820079278
:10AB100008F101084FF0000938E0099AAAB9002BA2
:10AB200064D1089B0093169B159A29462846FEF788
:10AB300029FE0346002859D1089B0093169B159ABD
:10AB400029462846FEF71EFE034607B9B6B107EBB5
:10AB50008607099A012A2BD0002B47D109AB029313
:10AB6000089B0193169B0093159B2A4654F82710C7
:10AB70002846FEF761FD0346002837D1059A424575
:10AB8000BBDCB9F1030F31D009F10109069A97092D
:10AB900007998E099200D2B206928A00D2B2079229
:10ABA000002FBAD1002EB8D1099A012AB5D1E5E714
:10ABB00000220992D3B9294654F827000BF0DCFB98
:10ABC000034698B954F8270005F5427100F5427024
:10ABD0000BF0D2FB034648B954F8270005F5C261D3
:10ABE00000F5C2600BF0C8FB0346C7E71E4643B939
:10ABF000089A16991498FEF7E6FB064601E06FF0F6
:10AC0000AC060027179D0F2F06DC294654F82700B5
:10AC1000FDF74AFA0137F6E7534640F2011203E026
:10AC2000002203F8012B0A46511E002AF8D15B4688
:10AC300040F2011203E0002203F8012B0A46511EE4
:10AC4000002AF8D1204601F045FA584601F042FAB0
:10AC5000504601F03FFA30460BB0BDE8F08F6FF080
:10AC6000A906F8E76FF0A906F5E76FF0A906F2E785
:10AC70006FF0A906EFE76FF0A906ECE76FF0A90601
:10AC8000E9E76FF06006E6E72DE9F04F87B082460E
:10AC9000894690461D46119C002305930493226922
:10ACA00042B11368DB001F335B095B000133012BEA
:10ACB00040F21A81002A00F019811068C0001F308C
:10ACC00040090130C00001F0F9F90746002800F002
:10ACD0004981226942B11368DB001F335B095B00C5
:10ACE0000133012B40F20481002A00F00381126835
:10ACF000D2001F3252090132D200002138460FF033
:10AD00007FFA2369002B00F0F7801968C9001F3112
:10AD100049094900013138460BF0A4FA002840F0F7
:10AD2000ED80129BD8680BF0A8FB8346B0EBC50FF3
:10AD300001D2C51DED082A46414638460DF054FEA5
:10AD4000064618B9BBEBC50FC0F0DE80226942B1E0
:10AD50001368DB001F335B095B000133012B40F2FA
:10AD6000DC80002A00F0DB801068C0001F30400942
:10AD70000130C00001F0A2F90546002800F0D7809C
:10AD8000226942B11368DB001F335B095B000133AA
:10AD9000012B40F2C680002A00F0C5801268D20064
:10ADA0001F3252090132D200002128460FF028FA42
:10ADB000002E40F0BE802369002B00F0B680196899
:10ADC000C9001F3149094900013128460BF04AFAF0
:10ADD0000646002840F0AD80616905A8FDF71AFE1F
:10ADE0000646002840F0A580616904A8FDF712FE20
:10ADF0000646002840F09D802A46129BD9684846A6
:10AE00000CF0F0FA0646002840F093803B46129A78
:10AE1000D268294638460CF0C3FA0646002840F0AE
:10AE200088802B46129AD268294650460CF0B8FA10
:10AE3000064600287DD10599129B18690BF09CFAF3
:10AE40000646002875D1059901F54271129B586993
:10AE50000BF092FA064600286BD10121059800F507
:10AE6000C2600BF08BFB0646002862D1049904F106
:10AE700018000BF081FA064600285AD1049901F512
:10AE8000427104F548700BF077FA0646002850D15D
:10AE9000049901F5C26104F5C5600BF06DFA064630
:10AEA000002846D1059863690393129B5B6802935F
:10AEB000129B9B68019300902B46049A3946FFF73A
:10AEC00011FD0646A8BB2A46129BD96805980CF0CE
:10AED0003BF8064668BB514628460BF0ACFA40BB2F
:10AEE000109B01221A6024E00820ECE64820EAE6E4
:10AEF000082202E7482200E711210CE7384601F05A
:10AF0000E9F86FF07C0629E00BF007013A46C1F141
:10AF1000080138460BF002FD18E708202AE7482010
:10AF200028E7082240E748223EE711214DE76FF06D
:10AF30007C0661690598FDF7B7F861690498FDF72B
:10AF4000B3F838460BF0F3F928460BF0F0F915B1D9
:10AF5000284601F0BFF8384601F0BCF8304607B08B
:10AF6000BDE8F08F6FF07C06F8E700002DE9F04FA8
:10AF700093B005460E4617469A46DDF870901D9C24
:10AF800008A80790282200210FF03AF905230F9313
:10AF9000002D00F09F80002E00F09F80002F00F019
:10AFA0009F80B9F1000F00F09E80002C00F09E8081
:10AFB0000023C9F800306068FEF72CFA002800F082
:10AFC00098802369002B00F097803246294620465E
:10AFD000FDF7A7FF8046B0B92368032B17D04FF0C9
:10AFE000000B0194CDF8009053463A46314628466E
:10AFF000FEF73AF8059010F1AE0F3ED0B8F1000F11
:10B0000031D1DDF81480404613B0BDE8F08F3F48E1
:10B0100000F0EEFF4FF4B47001F050F883460028C2
:10B020006DD0079B98613B2207A92069FDF71AFFA5
:10B03000804650B900231A4607992046FEF7D2FFF2
:10B04000804630B94FF00108CBE7584601F042F88E
:10B05000D9E72F4800F0CCFF0798FDF78BF858464A
:10B0600001F038F8CFE70798FDF784F8BBF1000F3F
:10B07000C7D0584601F02EF8C3E7B8F1000F0FD142
:10B080004FF4B47001F01AF8834600283AD0079BB9
:10B0900098613B2207A92069FDF7E4FE8046A8B924
:10B0A000079B02930194CDF8009053463A463146EF
:10B0B0002846FFF7E9FD80460798FDF75BF8BBF1EE
:10B0C000000FA0D0584601F005F89CE7584601F063
:10B0D00001F898E76FF0A90895E76FF0A90892E7E3
:10B0E0006FF0A9088FE76FF0A9088CE76FF0A90847
:10B0F00089E76FF0A90886E76FF0A90883E76FF08A
:10B100007C0880E76FF07C087DE700BFDCC00408A6
:10B1100014C104082DE9F04F85B00E9F0F9C0390D9
:10B12000002800F0F3808A4690469946002A00F0F5
:10B13000F080002F00F0F080002C00F0F0802269F9
:10B140003AB11368DB001F335B095B000133012B4D
:10B1500073D9002A73D01068C0001F304009013035
:10B16000C00000F0ABFF0546002800F0DB8022693C
:10B170003AB11368DB001F335B095B000133012B1D
:10B180005FD9002A5FD01268D2001F325209013203
:10B19000D200002128460FF033F822693AB1136833
:10B1A000DB001F335B095B000133012B4DD9002A03
:10B1B0004DD01068C0001F3040090130C00000F0C1
:10B1C0007DFF064600284AD022693AB11368DB00A9
:10B1D0001F335B095B000133012B3AD9002A3AD0B7
:10B1E0001268D2001F3252090132D20000213046CB
:10B1F0000FF006F8236983B31968C9001F314909A4
:10B200004900013128460BF02DF8834668BB2369BD
:10B2100093B31968C9001F3149094900013130460B
:10B220000BF020F8834648BBA368072B5AD8DFE809
:10B2300003F02C595959592C3956082091E74820C8
:10B240008FE70822A5E74822A3E70820B7E74820B0
:10B25000B5E70822CAE74822C8E71121D2E7284605
:10B2600000F038FF6FF07C0B47E0304600F032FF13
:10B27000284600F02FFF40E01121D0E7304600F0D3
:10B2800029FF284600F026FF37E00523A3600023AE
:10B290003B60009333462A4651460398FBF7C6F8B5
:10B2A00000282EDB0623A360019400974B464246FC
:10B2B00031462846FFF75AFE074628460BF037F876
:10B2C00030460BF034F8304600F004FF284600F01A
:10B2D00001FF002F17DB0723A360002507E00723EA
:10B2E000A36001E06FF0BF0B304600F0F3FE15B134
:10B2F000284600F0EFFE0023A360584605B0BDE8E5
:10B30000F08F8346F0E7BB460025F0E76FF0A90B0E
:10B31000F3E76FF0A90BF0E76FF0A90BEDE76FF023
:10B32000A90BEAE76FF07C0BE7E700002DE9F04F8F
:10B3300083B0002800F082800D4690460446002924
:10B3400046D0002D7DD0B8F1000F7DD02368032BAF
:10B350007DD0002B7ED06068FEF75CF800287CD0A2
:10B360002369002B7CD01F68D8F800304FEA470AC9
:10B370000AF1010A534539D304F1180B58460DF070
:10B3800027FB064604F5487420460DF021FB01908A
:10B39000B74230D387422ED304232B7040F20110E2
:10B3A00000F08CFE814600285DD040F201120021A1
:10B3B0000EF026FFB91B494458460DF0A2FB064685
:10B3C000F8B1484600F086FE304603B0BDE8F08F85
:10B3D000002AB6D003693BB11B685B000133C8F893
:10B3E00000306FF0C906EFE72023F6E7C8F800A0A9
:10B3F0006FF08306E8E71D4800F0FAFD6FF0830662
:10B40000E2E73A464946681CD5F76AFB40F201126A
:10B41000002148460EF0F4FE019BF91A49442046EB
:10B420000DF06FFB06460028CBD1781C3A46494602
:10B430002844D5F755FBC8F800A0C2E76FF0A9066D
:10B44000C2E76FF0A906BFE76FF0A906BCE76FF08F
:10B45000F506B9E76FF0A906B6E76FF0A906B3E7FE
:10B460006FF0A906B0E76FF07C06ADE734C10408C1
:10B470002DE9F04F85B0039300286AD00D4614469D
:10B480008346002A68D011F0010F68D00023936032
:10B4900002F6341A02F1180702F5487802F5C56978
:10B4A000019300934B464246394650460AF0F3FE5C
:10B4B0000646002856D19BF80030042B0CD0022BF6
:10B4C00008D0032B26D0023BDBB2012B25D96FF02D
:10B4D0008B0601E06FF0AD06013D0BF1010B4EB99B
:10B4E0006D08039A29462046FDF7EAFD01232360F3
:10B4F0000646A8B138460AF01AFF40460AF017FF80
:10B5000048460AF014FF50460AF011FF304605B0D5
:10B51000BDE8F08F6FF0AD06DEE76FF0AD06DBE75C
:10B520002A46594638460DF05FFA06460028E1D112
:10B530002A460BEB050140460DF056FA0646002858
:10B54000D8D1012148460BF019F806460028DDD075
:10B55000D0E76FF0AC06D9E76FF0AC06D6E76FF036
:10B56000A906D3E76FF07C06D0E72DE9F04182B061
:10B57000089C64B306460F461546984650B3B2B1D0
:10B5800000230193099B224641462846FFF770FF9E
:10B59000002805DB0223236090B102B0BDE8F081F2
:10B5A0004346224601A92846FBF700F8F2E70023AC
:10B5B000A360099A2046FDF783FD03232360EBE790
:10B5C0003A46314604F634100DF00EFAE5E76FF016
:10B5D000AC00E2E76FF0AC00DFE718B103691BB124
:10B5E000186870470020704700207047C8B1006994
:10B5F000C8B110B50468FDF7E0FC0346B0EBC40F1A
:10B6000002DDC41D0BD4E4106400E01D13F0070F2D
:10B6100001D104F10900812800DC013810BD073494
:10B62000F1E7002070470020704718B1C0F83C1CBB
:10B63000002070476FF0AC007047000040B310B4BA
:10B640008446002000E00130342300FB03F3124C59
:10B65000E358CBB1104B342404FB0033DB6A634561
:10B66000F1D122B10C4B04FB00339B6A136029B16A
:10B67000094B342202FB00335B6A0B60064B342219
:10B6800002FB0033586801E06FF0AD0010BC70475A
:10B690006FF0AC00704700BFE8F4040806280ED035
:10B6A00006D90738C0B20A280ED96FF0AC0070472F
:10B6B0000138C0B2042804D96FF0AC0070472020D4
:10B6C00070476FF0E70070476FF0E70070470000C9
:10B6D0002DE9F04106460F4690461D46702000F0C9
:10B6E000EDFC40B30446069A294603F0B8FE054631
:10B6F00040B1124800F07CFC204600F0EBFC2846EC
:10B70000BDE8F0813A463146204603F0B4FE0546D6
:10B7100030B10B4800F06CFC204603F0EAFEEBE78A
:10B720004146204603F0B6FE05460028F4D0054801
:10B7300000F05EFCF0E76FF07C05E0E7F0C2040883
:10B7400004C3040818C30408F0B583B004460D46CA
:10B7500017461E46FFF7A2FF002811DB089B984200
:10B7600019D8E01E0E2819D8DFE800F00808080CE8
:10B770000808080808080818180808006FF0E7000B
:10B7800003B0F0BD0A9B0093099B32463946284618
:10B79000FFF79EFFF4E76FF08300F1E76FF0AC0076
:10B7A000EEE710B584B06FF0010402940024019418
:10B7B000069C0094FFF7C8FF04B010BD00B583B02D
:10B7C0006FF0010300930023FFF782FF03B05DF8E1
:10B7D00004FB062905D108B511461A4603F03FFEC1
:10B7E00008BD6FF0AC007047062801D000207047FC
:10B7F00008B50B4611464022184603F03CFE08BD32
:10B80000C31E052B03D8062804D1202070476FF0F3
:10B81000AC0070476FF0AC00704738B50446154671
:10B820006FF00103FFF7D5FF08B9C4F8105138BD18
:10B8300028B370B50D461646044641B194F815314B
:10B8400053B194F81431062B13D0002070BD002A98
:10B85000F4D06FF0AC00F9E704F17002214694F8DF
:10B860001401FFF7C1FF0028F0D1012384F815313E
:10B87000E7E732462946204603F0FDFDE6E76FF094
:10B88000AC00704700283FD070B50D460446002933
:10B890003ED090F815316BB194F81431062B3AD1A3
:10B8A00004F1F0063146204603F0F4FD034678B17A
:10B8B000184670BD00F17002014690F81401FFF7C0
:10B8C00093FF03460028F3D1012384F81531E3E701
:10B8D000402204F1B001204603F0CDFD03460028CC
:10B8E000E6D120223146204603F0C5FD034600285C
:10B8F000DED12946204603F0CDFD03460028D7D1EE
:10B90000002284F81521D3E76FF0AC031846704786
:10B910006FF0AC03CCE76FF0AC03C9E758B138B5B2
:10B920000C4605464FF48C7200210EF069FCC5F8F8
:10B930001041002038BD6FF0AC007047A8B110B5C1
:10B94000044690F81431062B02D04FF48C7308E0B3
:10B9500003F0CFFDF9E72046002300F8013B044641
:10B9600013465A1E002BF6D110BD70472DE9F8433F
:10B9700000286DD00C46914698460746CAB3E31E90
:10B98000052B07D90A2C05D00B2C03D00C2C01D089
:10B990000D2C60D1D7F8105197F8143173BB0023E8
:10B9A00087F8153187F814412A4621463846FFF7B3
:10B9B00034FF0646002848D1089B13B9B8F10D0F93
:10B9C0004CD907F1700407F1B00597F81431062B34
:10B9D00047D1B8F1400F15D8B9F1000F04D0424655
:10B9E00049462046D5F77CF8B8F13F0F1AD9002315
:10B9F00029E0002BC3D06FF0AC0626E03846FFF7F5
:10BA00009DFFCCE742464946384603F034FD0646E2
:10BA1000D8B92146384603F03DFD0646A8B94FF097
:10BA20002008E1E7C8F14002002104EB08000EF015
:10BA3000E7FBDCE7E25C82F05C02EA54E25C82F065
:10BA40003602E25401333F2BF4D93046BDE8F88387
:10BA50006FF0AC06F9E76FF0AC06F6E76FF0C706DB
:10BA6000F3E76FF0AC06F0E710B582B00124009464
:10BA7000FFF77CFF02B010BD2DE9F04389B080468E
:10BA80000D4691461F46FFF7BBFE041E10DB4FF428
:10BA90008C7000F013FB064680B36DB1139A1299B7
:10BAA0003046FFF73BFF044670B1304600F012FB12
:10BAB000204609B0BDE8F0836D4622460021684665
:10BAC0000EF09EFBA146E9E74B462A46414630462A
:10BAD000FFF7CAFF044618B13046FFF72FFFE4E72F
:10BAE000109A39463046FFF7A3FE04460028F3D1EA
:10BAF00011993046FFF7C6FE0446EDE76FF07C046F
:10BB0000D6E72DE9F04F8FB083460191029203935F
:10BB1000DDF8689001238DF81730FFF771FE041EE1
:10BB200073DB2746199B002B73D0B9FBF4F304FB9E
:10BB30001394002C18BF0133FF2B6DD84FF48C7079
:10BB400000F0BCFA0546002869D01C9A1B99FFF743
:10BB5000E5FE044640B92022002106A80EF050FB65
:10BB600000260094199C41E0284600F0B3FA4CE00E
:10BB70004FF0000AA9EB0608029B019A5946284695
:10BB8000FFF772FF0090002838D1524606A92846D8
:10BB9000FFF74EFE009088BB189A03992846FFF7DE
:10BBA00047FE009050BB01220DF117012846FFF718
:10BBB0003FFE009010BB06A92846FFF763FE0090E9
:10BBC000E0B9B8EB070363EB0303DB0F5A1E5B42DC
:10BBD00003EA08033A401A4306A9A019D4F780FFE4
:10BBE0003E449DF8173001338DF817304E4505D28D
:10BBF0009DF81730012BBBD0BA46BBE7009C284606
:10BC0000FFF79CFE284600F065FA20460FB0BDE81D
:10BC1000F08F6FF0AC04F8E76FF0AC04F5E76FF06D
:10BC20007C04F2E72DE9F04F83B001901F460E9B94
:10BC3000042B40F0AC8016464FEA511911F01F0B4F
:10BC400017D009F1010909F1FF3A202000F036FA76
:10BC500005464FF48C7000F031FA04468DB168B19E
:10BC6000109A0F99FFF75AFE804688B12B46202282
:10BC700075E01F29E7D86FF0AC0884E0284600F093
:10BC800029FA14B1204600F025FA6FF07C087AE01A
:10BC90003B46324606212046FFF7E6FE804618B1B5
:10BCA0002046FFF74BFEE1E70D9A0C992046FFF77F
:10BCB000BFFD80460028F3D129462046FFF7E2FD6C
:10BCC00080460028ECD100273E4618E0019BD91998
:10BCD0002046FFF7D7FD80460028E1D120372022FB
:10BCE00029462046FFF7A4FD80460028D8D12946E2
:10BCF0002046FFF7C7FD80460028D1D10136B14567
:10BD0000CED9202229462046FFF792FD8046002802
:10BD1000C6D10D9A0C992046FFF78AFD804600286F
:10BD2000BED15645D2D1BBF1000FCFD02946204617
:10BD3000FFF7A8FD80460028B2D101235A1E5B42BE
:10BD400003EA0B0302F020021A432946019BD8198B
:10BD5000D4F7C6FED2E7002203F8012B0A46511E93
:10BD6000002AF8D123464FF48C7203E0002203F836
:10BD7000012B0A46511E002AF8D1284600F0AAF9E4
:10BD8000204600F0A7F9404603B0BDE8F08F6FF001
:10BD9000E708F8E72DE9F04F87B09A46DDF84490C0
:10BDA000149B159DA3B306460F469046139B09EBC3
:10BDB000030BBBF1800F2ED8802000F07FF90446E2
:10BDC00060B34A461099D4F78BFE139A129904EB8C
:10BDD0000900D4F785FE032D03DD082D02D10425CB
:10BDE00000E00425179B0493169B03930295CDF85E
:10BDF00004B000945346424639463046FFF712FFDE
:10BE00000546204600F066F9284607B0BDE8F08FE9
:10BE10006FF0AC05F8E76FF08305F5E76FF07C0590
:10BE2000F2E72DE9F04385B00C9D0D9E062E1BD147
:10BE300080460F4691461C467DB10F9A03920E9A9A
:10BE40000292CDF80480009523464A463946304692
:10BE5000FFF712FE05B0BDE8F08320252A46002139
:10BE600018460EF0CDF9E8E76FF0AC00F2E72DE9E7
:10BE7000F04F87B08346119E139CDDF85480301933
:10BE8000404404304F284AD80F4691469A4600F065
:10BE900015F90546002845D0C7F3072303704770FE
:10BEA00033198370C6B90326ECB9741C05F80680F3
:10BEB000B8F1000F1ED1189B0493179B03930297B0
:10BEC000CDF804B000942B46524649461698FFF729
:10BED00018FE06462B4618E0324610990330D4F778
:10BEE000FFFD0336E0E722461299A819D4F7F8FDC2
:10BEF0002644DAE7424614992819D4F7F1FD444460
:10BF0000D9E7002103F8011B1446621E002CF8D16A
:10BF1000284600F0DFF8304607B0BDE8F08F6FF03C
:10BF20008306F8E76FF07C06F5E7000030B583B0D4
:10BF30000D461946184C246814B1A04703B030BD13
:10BF4000164B1C68A4B155B1154B1B68D8680191FC
:10BF500000922B46224613490EF058F8EEE7104B9C
:10BF600018680B4622461049C0680EF04FF8E5E706
:10BF70004DB10B4B1B68D868009113462A460B49FC
:10BF80000EF044F8DAE7064B1B680A460849D86801
:10BF90000EF03CF8D2E700BF3832012030320120E9
:10BFA000840400202CC3040840C304084CC30408C4
:10BFB0003CC304080FB400B59BB00C4B1B6823B9FD
:10BFC0001BB05DF804EB04B070471DAB00931C9AE6
:10BFD000642101A80EF02EF80028F1DD01AB00224B
:10BFE00011460120FFF7A2FFEAE700BF343201202B
:10BFF00008B5054B1B6803B908BD0346002211466E
:10C000000120FFF793FFF7E7343201200C4B1B6848
:10C0100003B9704700B595B003460A4A50216846F7
:10C020000DF0DEFE4F2802DD00238DF84F306B4609
:10C03000002211460220FFF779FF15B05DF804FBDE
:10C04000343201205CC304080D4B1B6803B97047F0
:10C0500000B597B0009103460A4A502102A80DF09E
:10C06000BFFE4F2802DD00238DF8573002AB0022BF
:10C0700011460320FFF75AFF17B05DF804FB00BF1D
:10C080003432012070C3040800B595B00346094A54
:10C09000502168460DF0A4FE074B1B6813B915B07C
:10C0A0005DF804FB6B46002211461046FFF73EFF89
:10C0B000F5E700BF90C304083432012008B5044BF3
:10C0C0001B680BB1984708BD0DF0ACF8FBE700BF4B
:10C0D0004032012008B5044B1B680BB1984708BDDE
:10C0E0000DF0A8F8FBE700BF3C320120037842784E
:10C0F00043EA0223827843EA0243C07843EA0060BD
:10C1000070470170C1F307234370C1F30743837085
:10C11000090EC17070472DE9F04F91B08246019130
:10C12000069290F84C3083B300230C932820FFF73D
:10C13000C5FF8146002800F0AC81DAF80030029398
:10C14000DAF804300393DAF808200792DAF80C10D2
:10C150000A91DAF810000D9003EB83030E9302EBC3
:10C1600082030B9301EB8103049300EB800305939F
:10C17000DAF81470DAF81850DAF81C40DAF82060AF
:10C18000DAF82480CDF83CA06CE14FF080730C937A
:10C19000CCE7DDF804A05046FFF7A8FF20F07C4074
:10C1A00007445346D81CFFF7A1FFC0F3990005448C
:10C1B0005346981DFFF79AFFC0F3191004440AF183
:10C1C0000900FFF793FF06EB90160AF10C00FFF74A
:10C1D0008DFF0C9A42EA10208044DDF808A0A7FBEE
:10C1E0000A30C9F80030C9F80400DDF814B0A5FB26
:10C1F0000B12C91842EB0002C9F80010C9F804205C
:10C20000DDF810E0A4FB0E305B1840EB0200C9F82B
:10C210000030C9F804000B9AA6FB0221D21841EBAA
:10C220000001C9F80020C9F80410DDF838C0A8FBE7
:10C230000C309B1840EB0102C9F800300992C9F894
:10C2400004200399A1FB07C1C9F808C0C9F80C1064
:10C25000A5FB0A2012EB0C0240EB0100C9F80820F4
:10C26000C9F80C00A4FB0B1C89184CEB0000C9F8A2
:10C270000810C9F80C00A6FB0E2C52184CEB00015C
:10C28000C9F80820C9F80C100B98A8FB00E01EEBB9
:10C29000020E40EB0101C9F808E00891C9F80C1042
:10C2A0000798A0FB07C1C9F810C0C9F8141003987B
:10C2B000A0FB052012EB0C0240EB0100C9F8102096
:10C2C000C9F81400A4FB0A1C89184CEB0000C9F83B
:10C2D0001010C9F81400A6FB0B2C52184CEB0001EF
:10C2E000C9F81020C9F81410DDF810C0A8FB0CC064
:10C2F0001CEB020C40EB0100C9F810C0C9F8140097
:10C300000A9AA2FB07B1C9F818B0C9F81C10079A1D
:10C31000A2FB052A12EB0B024AEB010AC9F818200E
:10C32000C9F81CA00399A1FB041B89184BEB0A0B4D
:10C33000C9F81810C9F81CB0DDF808A0A6FB0A2A35
:10C3400052184AEB0B0AC9F81820C9F81CA0DDF8EE
:10C3500014B0A8FB0B1B89184BEB0A02C9F8181084
:10C36000C9F81C20DDF834B0ABFB077AC9F820709F
:10C37000C9F824A0DDF828B0ABFB055BED194BEB49
:10C380000A07C9F82050C9F82470DDF81CB0ABFBCF
:10C39000044A64194AEB0705C9F82040C9F824503B
:10C3A000039FA7FB0667361947EB0507C9F820600E
:10C3B000C9F82470DDF808A0A8FB0A8418EB06056C
:10C3C00044EB0707C9F82050C9F824709C0E099E59
:10C3D00044EA861423F07C4314EB0E04089E46F1D5
:10C3E000000EC9F80840C9F80CE0A60E46EA8E1601
:10C3F00024F07C4E16EB0C0440F10000C9F810400C
:10C40000C9F814004FEA946C4CEA801C24F07C4478
:10C410001CEB010642F10002C9F81860C9F81C20A3
:10C420004FEA966848EA821826F07C4618EB050227
:10C4300047F10007C9F82020C9F82470950E45EA95
:10C44000871522F07C4805EB85051D4425F07C47C7
:10C450000EEB9565DDF804A00AF110030193069B2D
:10C46000103B0693069B0F2B3FF693AEDDF83CA0E6
:10C47000CAF81470CAF81850CAF81C40CAF82060EC
:10C48000CAF824804846FFF725FE002011B0BDE819
:10C49000F08F6FF07C00F9E708B51022FFF73BFE44
:10C4A00008BD00294AD070B504460E46202A48D15E
:10C4B000002849D00846FFF719FE20F07C40206094
:10C4C000F01CFFF713FEC0F3990020F0FC00606041
:10C4D000B01DFFF70BFEC0F3191020F47C50A060D4
:10C4E00006F10900FFF702FE800920F47C20E060DD
:10C4F00006F10C00FFF7FAFDC0F3132020610025C0
:10C500006561A561E5612562656206F11000FFF7CE
:10C51000EDFDA06206F11400FFF7E8FDE06206F110
:10C520001800FFF7E3FD206306F11C00FFF7DEFDB6
:10C530006063A56384F84C50284670BD6FF0AC0072
:10C5400070476FF0AC00F8E76FF0AC00F5E700283B
:10C5500000F0B2802DE9F0470E460446002900F0B5
:10C56000AE80826BA2B1531C0244012182F83C10C0
:10C5700004E0E218002182F83C1001330F2BF8D9B7
:10C58000012384F84C3004F13C012046FFF784FF7E
:10C590006169A769E569236A626A27F07C4005EB57
:10C5A000976525F07C4C03EB956323F07C4502EB0B
:10C5B0009362930E22F07C4203EB83030B4423F03F
:10C5C0007C4100EB93604B1D23F07C4E00EB9363AA
:10C5D00023F07C470CEB936323F07C4805EB9363DB
:10C5E00023F07C4902EB936303F17C434FEAD37A57
:10C5F0000AF1FF3A0EEA0A0E07EA0A0708EA0A08F1
:10C6000009EA0A0903EA0A0A01EAE37141EA0E01AA
:10C6100000EAE37038430CEAE37C4CEA080C05EAD4
:10C62000E37545EA090502EAE37242EA0A0241EAD1
:10C6300080614FEA0C5343EA9013A80340EA1C3090
:10C64000120242EA95420025A76A791845EB0507D0
:10C65000DB1945EB050CE76A17EB03084CF1000307
:10C66000C31845EB0507206B10EB030942EB0702EB
:10C67000636B9F183046FFF744FD4146301DFFF7BE
:10C6800040FD494606F10800FFF73BFD394606F13B
:10C690000C00FFF736FD6561A561E5612562656205
:10C6A00025606560A560E5602561A562E56225639A
:10C6B00065632846BDE8F0876FF0AC0070476FF007
:10C6C000AC00F7E700284CD0F8B50C4615460646F6
:10C6D00051B1002A4BD0826B12B3C2F1100C6545E8
:10C6E00000D2AC46002309E0002A3DD10020F8BD6D
:10C6F000D118E05C314481F83C0001336345F7D345
:10C70000A5EB0C0564446244B2630F2A01D80020F3
:10C71000EDE706F13C013046FFF7BEFE0023B363B0
:10C720000F2D02D8DDB90020E1E725F00F073A46CA
:10C7300021463046FFF7EFFC0028D8D13C44ED1BE2
:10C74000F0E7B36B1344A15C334483F83C1001322F
:10C750009542F6D8B36B2B44B3630020C7E70022A1
:10C76000F6E76FF0AC0070476FF0AC00BFE7002059
:10C77000BDE7C0B109B90020704700B585B00023FE
:10C78000009301930293CDF80B30494201F00F0260
:10C79000531E0E2B03D9002005B05DF804FB69463B
:10C7A000FFF790FFF8E76FF0AC00704748B310B5A3
:10C7B00084B00B4684466946002400940194029498
:10C7C00003948DF80030C3F307208DF80100C3F304
:10C7D00007408DF802001B0E8DF803308DF80820FD
:10C7E000C2F307238DF80930C2F307438DF80A30EE
:10C7F000120E8DF80B2010226046FFF763FF04B085
:10C8000010BD6FF0AC007047F8B5079E002836D019
:10C8100014461D460746002B34D0002E35D0089B09
:10C820000F2B35D972B1002935D0FFF74BFF0346E6
:10C8300008B11846F8BD21463846FFF79AFF03466F
:10C840000028F6D1069A29463846FFF73BFF0346F3
:10C850000028EED106993846FFF78BFF03460028E3
:10C86000E7D1069A21463846FFF7A0FF0346002885
:10C87000DFD131463846FFF76AFE0346D9E76FF04D
:10C88000AC03D6E76FF0AC03D3E76FF0AC03D0E7AF
:10C890006FF0AC03CDE76FF0AC03CAE711B30BB395
:10C8A00099421FD300B50139013B4FF0000C0BE05A
:10C8B00010F801E0F44412F803E0F44400F801C079
:10C8C000CCF3072C0139013B002BF1DA06E0435C85
:10C8D0009C4400F801C0CCF30F2C01390029F6DA92
:10C8E0005DF804FB70470246782305E013460022FA
:10C8F00003F8012B1A460B46591E002BF6D10022D5
:10C9000002E0C15C0A430133772BFAD9101E18BF2D
:10C91000012070472DE9F04FA1B02A9E2B9F8DF882
:10C920000730D3001E93002800F0A3800D469246E6
:10C930002020FFF7C3FB8046002800F09C801E9A51
:10C94000130A03F0FF13120202F0FF2213434FEA0F
:10C9500033431E934FEA5A1B1AF01F0300D00123E2
:10C960009B4401248DF87F404FF0000938E09DF88A
:10C970007F3001338DF87F3004221EA902A802F017
:10C980007AFD044600283DD19DF80730042B37D0AE
:10C9900001220DF1070102A802F06DFD04462FE00F
:10C9A0003A46314602A802F066FD044650BB2C9B75
:10C9B0000BB12D9B33B92CBB414602A802F06AFD96
:10C9C00004461FE01A462C9902A802F054FD0446C2
:10C9D000F1E7524641462846D4F782F809F10109A9
:10C9E000D94533D202A802F07DFD044670BB012276
:10C9F0000DF17F0102A802F03EFD04460028B6D0EA
:10CA0000002CCDD002A802F074FD002CE6D1BAF1C2
:10CA1000200FDED9D8F80000D8F80410D8F8082084
:10CA2000D8F80C3028606960AA60EB60D8F8100074
:10CA3000D8F81410D8F81820D8F81C30286169618B
:10CA4000AA61EB61AAF1200A2035C7E743462022FC
:10CA500003E0002203F8012B0A46511E002AF8D1F8
:10CA60004046FFF737FB201E18BF012021B0BDE86C
:10CA7000F08F0120FAE70120F8E72DE9F04385B0B7
:10CA8000002859D00C46904606463720FFF716FB83
:10CA90000546002852D04FF037094A4600210DF0D4
:10CAA000AFFB371DCDF80C800294CDF804900097B1
:10CAB00001234A4629463046FFF72CFF044630B191
:10CAC0002846FFF707FB204605B0BDE8F0832B465C
:10CAD0003A4605F13001D3F800E0D3F804C09C6871
:10CAE000D868C2F800E0C2F804C09460D060103387
:10CAF00010328B42EFD11968116099889B7991802F
:10CB000093712B46372203E0002203F8012B0A46DB
:10CB1000511E002AF8D10023039302933722019279
:10CB2000009706F13B013046FFF7F4FE044600286B
:10CB3000C6D101233360C3E70124C4E76FF07C044E
:10CB4000C1E72DE9F04184B004460D4616461F4664
:10CB5000782200210DF054FB0B9B636704F104085D
:10CB60000A9B0393029701960095042337224146BE
:10CB70002046FFF7CFFE18B1012004B0BDE8F081D8
:10CB800000230393029337220192CDF8008004F131
:10CB90003B012046FFF7BEFE10B901232360ECE7FE
:10CBA0000120EAE7002800F0A9802DE9F0479CB0B9
:10CBB000894617461C463720FFF780FA0546202095
:10CBC000FFF77CFA80461DB328B307B901274FEA67
:10CBD000571A17F01F0300D001239A4423462A4610
:10CBE0003034D3F800C05E689868D968C2F800C0D5
:10CBF00056609060D16010331032A342F1D11968B1
:10CC0000116099889B79918093710026012445E0F9
:10CC100008B1FFF75FFA15B12846FFF75BFA01206C
:10CC200069E037222946684602F025FC04460028C0
:10CC30003CD14146684602F02DFC044636E0D8F867
:10CC40000000D8F80410D8F80820D8F80C30C9F83B
:10CC50000000C9F80410C9F80820C9F80C30D8F849
:10CC60001000D8F81410D8F81820D8F81C30C9F8DB
:10CC70001000C9F81410C9F81820C9F81C30203F5A
:10CC800009F12009362200E0013A002A05DBAB5CFD
:10CC90000133DBB2AB54002BF6D00136564517D228
:10CCA000684602F01FFC04460028BAD0684602F02D
:10CCB00020FC6CB9B9F1000FEFD0002FEDD01F2F81
:10CCC000BDD83A4641464846D3F70AFF0027E4E775
:10CCD0002B46372203E0002203F8012B0A46511E9F
:10CCE000002AF8D14046FFF7F5F92846FFF7F2F998
:10CCF000201E18BF01201CB0BDE8F087012070473E
:10CD0000002874D02DE9F0419EB00F461446064627
:10CD100002683A4B9A426CD02020FFF7CFF90546C3
:10CD2000002868D003238DF80730B04658F8043B3C
:10CD300000934346224639463046FFF733FF044608
:10CD400010B12B46202246E002A802F0CBFB04469D
:10CD500040B1BCB102A802F0CCFBCCB133680133C6
:10CD60003360EEE701220DF1070102A802F083FB18
:10CD700004460028EED13722414602A802F07BFB90
:10CD80000446E6E7294602A802F084FB0446E1E7F0
:10CD900020232A4637214046FFF780FD372306F13E
:10CDA0003B0219464046FFF779FD009A130A03F04B
:10CDB000FF13120202F0FF2213434FEA33430093A2
:10CDC00004236A4637214046FFF768FDC6E7002284
:10CDD00003F8012B0A46511E002AF8D12846FFF716
:10CDE00079F9201E18BF01201EB0BDE8F081012096
:10CDF00070470220F8E70120F6E700BF40420F002D
:10CE00002DE9F04186460E460D1F0020D5F10403A2
:10CE100060EB0003DB0F03F1FF3C05EA0C0C4CEA6E
:10CE2000830C074618E00EEB0702D25C0EEB0804F9
:10CE3000E45C6240114301339C45F4DC01B90320FA
:10CE40000437F31BD3F1040262EB0202D20F511E2E
:10CE500003EA010C4CEA820CBD4204D907EB0C0832
:10CE600000210B46E8E7BDE8F08138B5A0B10446E3
:10CE7000806878B1FFF737FD054608B16FF0C60549
:10CE8000A06808B1FFF726F90023A36000232373ED
:10CE9000284638BD0025F9E76FF0AC05F8E72DE925
:10CEA000F04784B0DDF83C80DDF84090002B4AD09C
:10CEB00005460E4617469A46B8F1000F46D010B107
:10CEC0000D9B002B45D0B9F1800F45D17820FFF79D
:10CED000F5F80446002842D0129B0293119B01935F
:10CEE000009733460C9A5146FFF72BFEC8B92DB177
:10CEF0000E9A0D992046FFF7C0FD08BB4A464146F1
:10CF00002046FFF7FDFE10B14FF0FF350BE04A461B
:10CF100041462046FFF7F4FE054620B14FF0FF35AD
:10CF200001E04FF0FF352046FFF7DDFC08B14FF080
:10CF3000FF352046FFF7CEF8284604B0BDE8F0875D
:10CF40004FF0FF35EFE76FF0AC05F5E76FF0AC059C
:10CF5000F2E76FF0AC05EFE74FF0FF35ECE76FF06D
:10CF60007C05E9E7F0B589B004460E4617468020F7
:10CF7000FFF7A4F800287CD0054644B30697059631
:10CF8000802304930390202302933B4B019330238F
:10CF900000933A4B002211460120FFF780FF044620
:10CFA00090B12846FFF796F8204609B0F0BDEA5C3C
:10CFB0003348C05C4240114301337F2BF7DD002929
:10CFC000EFD04FF0FF34ECE701460346F5E7802150
:10CFD0002C48FEF7EFFF80212B48FEF7EBFF06976A
:10CFE000059680230493039500200290019030233E
:10CFF0000093264B02460146FFF751FF044608B94D
:10D0000001460AE001462248FEF7D4FFC9E72B5D3E
:10D01000204A105D4340194301347F2CF7DDA9B944
:10D020001A4B0697059680220492039500200290E1
:10D03000019020220092102203F12001FFF72FFF20
:10D0400004460028ADD1014603460BE01248FEF726
:10D05000B1FF4FF0FF34A4E7EA5C0E48C05C4240E9
:10D06000114301337F2BF7DD00299AD04FF0FF34B5
:10D0700097E76FF07C0497E788F60408A8F60408A1
:10D0800008F60408B4C30408D4C30408D8F5040897
:10D09000F4C3040858F5040814C404082DE9F04149
:10D0A00086B00F4615460BF087FE804618B1404605
:10D0B00006B0BDE8F081002400941F4B5A6B42F08B
:10D0C00040025A635B6B03F040030093009B02A88D
:10D0D000029444608460C460184B0293D6F736F81B
:10D0E0000AE00023019301A902A8D6F75CF890B9E1
:10D0F0009DF804303B550134AC4216D2261DAE4299
:10D10000EFD8391911F0030FEBD102A8D6F74BF87D
:10D1100030B93446F0E70BF05BFE6FF06808C6E705
:10D120000BF056FE6FF06808C1E702A8D6F725F8A5
:10D130000BF04EFEBBE700BF00380240000806506F
:10D140002DE9F04385B0002800F08B800F46914612
:10D1500019460546DFB169600023AB602B73B9F156
:10D16000000F19D024240C9A0020FFF7FBFE014683
:10D17000A0B13F48FEF71EFF0326032E67D0012E05
:10D180006AD002232B73304605B0BDE8F083002A35
:10D19000E1D06FF0AC06F6E73424E4E73420FEF784
:10D1A0008DFF804600285FD07820FEF787FFA860BB
:10D1B00040B3224641462846FFF770FF014678B348
:10D1C0002C48FEF7F7FE02232B73012631462A482E
:10D1D000FEF7F0FE76B90C9B02936B680193CDF8D5
:10D1E00000903B46221F08F10401A868FFF7A9FC44
:10D1F000064628B1A86808B1FEF76CFF0023AB60B3
:10D20000434619E078211D48FEF7D4FE02232B7314
:10D210006FF07C011A48FEF7CDFE6FF07C06EFE759
:10D2200021464046FFF7ECFD06460028D3D0CDE767
:10D23000002103F8011B1446621E002CF8D1404661
:10D24000FEF748FF002E98D101232B739BE70323A1
:10D250002B736FF0D00696E702232B736FF0C60690
:10D2600091E76FF0AC068EE76FF07C068BE700BFAE
:10D270003CC40408B0C40408D0C4040864C404084E
:10D2800094C4040800B583B00B46009200221146F6
:10D29000FFF756FF03B05DF804FB2DE9F0410028CD
:10D2A0005ED00F461446064600295CD0002A5DD0A9
:10D2B000B2F5803F5ED8037B012B5ED18068FFF71B
:10D2C0001FFD0546022808D0002D50D0032D42D066
:10D2D000022333736FF0C60549E06FF001027168F5
:10D2E0000120FFF73FFE08B10325EFE72420FEF7FA
:10D2F000E5FE8046E0B1242201463046FFF7CEFE2F
:10D3000008B1012516E024214046FFF779FD0546C6
:10D3100080B9202208F10401B068FFF7AEFB054692
:10D3200040B922463946B068FFF7EAFC054601E0FD
:10D330006FF07C05B8F1000FC6D04346242203E00D
:10D34000002203F8012B0A46511E002AF8D140465C
:10D35000FEF7C0FEB8E7032333736FF0D00506E095
:10D360006FF0AC0503E06FF0AC0500E00025284647
:10D37000BDE8F0816FF0AC05F9E76FF0C605F6E7A0
:10D380000B6803EB820C0B6863450ED210B41C1DB6
:10D390000C601A6803681C1D04601C6862401A60F7
:10D3A0000B686345F3D310BC7047704710B582B06B
:10D3B0001446034610F0030F02D111F0030F04D0FE
:10D3C0004B4013F0030F16D030E00190009192080B
:10D3D000694601A8FFF7D4FF0198009904F00304FF
:10D3E00024E011F801CB034613F8012B82EA0C026A
:10D3F0000270013C184610F0030F01D0002CF0D150
:10D4000001900091A208694601A8FFF7B9FF0198B1
:10D41000009904F0030409E011F801CB034613F866
:10D42000012B82EA0C020270013C1846002CF3D159
:10D4300002B010BD98B310B5044600F58053D3F880
:10D4400044385BB100F58052D2F8502832B100F573
:10D450008051D1F84818023901291CD904F58053AC
:10D4600093F858385BB104F58053D3F8440808B1F9
:10D47000FEF730FE04F58053002283F8582804F5A7
:10D4800080540023C4F84438C4F8503810BD00223A
:10D4900003F8012B0A46511E002AF8D1DEE7704737
:10D4A000002A6BD0F8B5154601296AD9B1F5803F3D
:10D4B0006AD2012B05D04FF0000C4FF0020E6446EB
:10D4C00037E00378ABB94378012B12D102231A4617
:10D4D0008B4204D201339BB2825CFF2AF7D00A2B25
:10D4E0000DD9C21812F8012C4AB918442860C81A7C
:10D4F00043E02748FEF77CFD6FF0C8003DE025487B
:10D50000FEF776FD6FF0C80037E010F80E20013A04
:10D51000D20F013A92B20EF10106B6B24CEA0207FE
:10D5200026EA07063443D24392B24CEA020C0EF1CB
:10D53000010E8E45E9D3C4F10A06F60F013EF6B29C
:10D540006FEA0C02D2B232430678013EF60F013E7A
:10D55000F6B232434778FE1A013EF60F013EF6B2AC
:10D56000DB1B013BDB0F013BDBB2334313432044A6
:10D570002860D8090138091B0840F8BD6FF0AC00DD
:10D5800070476FF0AC00F8E76FF0AC00F5E700BF54
:10D59000F0C4040814C504082DE9F84316469DF8A4
:10D5A000202000283FD00F46804600293ED0002E84
:10D5B0003FD0002B40D0A3F10B01B94213D3354625
:10D5C000002105F8011B5C1E7270012A11D0A4EB2A
:10D5D000070909F1FF394A46B11C0998FFF75DFEBA
:10D5E000B0B9012317E01648FEF702FD6FF0C8003E
:10D5F0000EE0E21B023AFF21B01C0CF001FEE01B22
:10D60000002434543A4641462844D3F769FA204668
:10D61000BDE8F88301334B45F1D2E85C0028F9D12D
:10D620000122EA54F6E76FF0AC00F1E76FF0AC00CE
:10D63000EEE76FF0AC00EBE76FF0AC00E8E700BF9F
:10D6400034C504082DE9F04F91B002900391924641
:10D6500098461A9FFEF722F806462422002107A8C2
:10D660000CF0CEFD002E5FDB0AF1040BBBF1240FA2
:10D6700001D8242E0FD95B46B34538BF33460493F7
:10D680001846FEF71BFD0546002852D001230593DE
:10D690000024A1461CE0242304930023059307AD36
:10D6A000F6E70446059B002B3FD0002D3DD02846D1
:10D6B000FEF710FD39E0EA5C08F80420013301347C
:10D6C000B34201DABC42F6D309F10109BC4223D2CC
:10D6D000524603992846D3F703FA4FEA196305F82F
:10D6E0000A300AF10103C9F30742EA540AF10203BE
:10D6F000C9F30722EA540AF1030305F80390049BD7
:10D7000000932B465A4629460298FEF74AF80146EE
:10D710000028C6D10346D3E70C46059B2BB125B1A3
:10D720002846FEF7D7FC00E03446204611B0BDE89D
:10D73000F08F6FF07C031C46F7E7000000B583B064
:10D74000012809D105980190049800900620FFF760
:10D7500079FF03B05DF804FB0248FEF749FC6FF067
:10D76000AC00F6E754C504082DE9F04F83B0054638
:10D770000C4692460D9F1846FDF790FFB0F1000948
:10D780007FDB0E9B013B03F0070B2A78FF2303FA94
:10D790000BF31A4240F08280BBF1000F01D101353A
:10D7A000013C661EB6EB09063AD4B7F1FF3F3DD007
:10D7B000B94576DBB7F1FF3F76DBB74277DA2C4429
:10D7C00014F8013CBC2B33D13046FEF777FC804681
:10D7D00000286FD0324600210CF012FD0F9B019300
:10D7E000009643464A46A9190C98FFF7A7FF04463E
:10D7F00020BB98F80020012303FA0BF3013B1A40E9
:10D8000088F800202A7813402B70731EDB1BA3427C
:10D8100022DD18F804202B5D9A4214D10134F4E77C
:10D820002648FEF7E5FB6FF0E9092AE04F46C4E71A
:10D830002348FEF7DDFB6FF0C00922E04046FEF70B
:10D8400049FCA1461DE04046FEF744FC1D48FEF79A
:10D85000CFFB6FF0F90914E008EB040118F804207D
:10D8600028192B5D83F001039A420ED1321BFFF77A
:10D870009DFD4046FEF72EFCF61B3544CAF80050CD
:10D88000B944484603B0BDE8F08F4046FEF722FC9D
:10D890000D48FEF7ADFB6FF0F909F2E76FF0C00934
:10D8A000EFE76FF0F909ECE76FF0F909E9E76FF0DE
:10D8B000F909E6E76FF07C09E3E700BF7CC50408DF
:10D8C0009CC50408C0C50408E4C504082DE9F04F50
:10D8D00087B00390894617461D469DF84860DDF8DD
:10D8E00050B0BBF1000F00F09A803046FDF7D6FE35
:10D8F000041EC0F2D380A0462046FEF7DFFB82461E
:10D90000002800F0F0802046FEF7D8FB02900028A7
:10D9100000F08C8000945346159A59463046FDF726
:10D9200040FF0646002840F08780631C0593B5EB56
:10D93000430FC0F08C80A5EB4403023B4B45C0F085
:10D940009280A5EB0906731E0493A6EB4403A3F192
:10D95000020B4D45C0F093804A460399B819D3F79E
:10D96000BFF8023E0123049ABB54A6EB0B06F01845
:10D970005A46002138440CF043FC361B701C2246EA
:10D9800051463844D3F7ACF8224602991198FFF774
:10D9900084FC044600287BD1A5EB0805013D284600
:10D9A000FEF78CFB064600287CD02A4600210CF0AE
:10D9B00027FC169B01930095334642460299139823
:10D9C000FFF7BCFE0446002875D1059C3C442A465E
:10D9D00031462046FFF7EAFC3046FEF77BFB00238A
:10D9E00007F8013B169B0193CDF800803B462A4681
:10D9F00021461398FFF7A2FE0446002865D142464F
:10DA0000029D29463846FFF7D1FC2B464246511E5F
:10DA1000002A61D0002203F8012B0A46F7E7159B84
:10DA2000002B3FF462AF6FF0830437E05046FEF7FF
:10DA300051FB6FF07C0431E02C48FEF7D9FA5046D8
:10DA4000FEF748FB0298FEF745FB344626E02848DF
:10DA5000FEF7CEFA5046FEF73DFB0298FEF73AFB82
:10DA60006FF0AC041AE02348FEF7C2FA5046FEF706
:10DA700031FB0298FEF72EFB6FF0AC040EE050462F
:10DA8000FEF728FB0298FEF725FB6FF0830405E004
:10DA90005046FEF71FFB0298FEF71CFB204607B01E
:10DAA000BDE8F08F5046FEF715FB0298FEF712FB1B
:10DAB0006FF07C04F2E73046FEF70CFB5046FEF7B1
:10DAC00009FB0298FEF706FBE8E75046FEF702FB6B
:10DAD0000298FEF7FFFAE1E75046FEF7FBFA0298DC
:10DAE000FEF7F8FADAE76FF07C04D7E704C604081B
:10DAF0003CC6040868C604082DE9F04F8FB0834681
:10DB00008A46174602921D469DF864901B9E484621
:10DB1000FDF7C4FD041EC0F28D80A24540F08C804C
:10DB20001C9B013B13F00703059305D13B460022E4
:10DB300003F8012B013D0293B6F1FF3F1AD0B44226
:10DB40007DDBB6F1FF3F7DDB731C2A1B93427CDA41
:10DB50006B1E1B1B04930AF1080333449D420BDA2E
:10DB600006EB0A000830FEF7A9FA804600286FD0BD
:10DB7000039005E02646E7E7DDF8088000230393DD
:10DB80000023C8F80030C8F8043008F108075246EE
:10DB900059463846D2F7A4FF5744002E0CDD3246D2
:10DBA00006A91898FFF779FB824698B9324606A96C
:10DBB0003846D2F795FF3744029B049A03EB020BD9
:10DBC00000945B46A7EB080241464846FDF7E9FD95
:10DBD000824638B1039808B1FEF77CFA50460FB080
:10DBE000BDE8F08F013DBC23029843551D9B019376
:10DBF000049B009305460346224659461A98FFF7B0
:10DC00009DFD82460028E5D1059929B12A78012396
:10DC10008B40013B13402B70049B981B421E029CBF
:10DC2000A35C83F00103A354324606A92044FFF706
:10DC3000BDFBCFE7A246D1E76FF0AC0ACEE76FF0AD
:10DC4000F90ACBE76FF0F90AC8E76FF0F90AC5E700
:10DC50006FF07C0AC2E72DE9F04F8FB007460E4601
:10DC600004920293199B002B3CD00298FDF716FDFD
:10DC7000051EC0F2A58005F1010AB6EB4A0FC0F0FF
:10DC8000A2803046FEF71AFA8146002800F09E80F6
:10DC9000324600210CF0B4FA07EB0A010391731B22
:10DCA00003F1FF3B1B9B019300954B465A46189886
:10DCB000FFF744FD0446D8B92A46791C4846FFF7C9
:10DCC00075FB09EB050305931B9A0192CDF800B093
:10DCD0002A4649461898FFF731FD0446D0B14B4615
:10DCE0002A4610E01A9B002BBFD06FF0830402E09D
:10DCF0004846FEF7EFF920460FB0BDE8F08F00224E
:10DD000003F8012B0A46511E002AF8D14846FEF7B7
:10DD1000E1F9F0E75A4605990398FFF747FB4B46B0
:10DD20003246511E22B1002203F8012B0A46F8E7C1
:10DD30004846FEF7CFF94FEA450808F10108424688
:10DD40000121731E934207D9BB5C5B42DB17013391
:10DD5000194088440132F4E7009506AB1A9A1999E4
:10DD60000298FDF71EFD04460028C4D102460AE0D1
:10DD700007EB0A031B5D04F13801694411F8201C0C
:10DD80004B401A430134A542F2DC08F1010117F8B7
:10DD9000083083F0010313443A781A44531EDB0F12
:10DDA000013BDBB2D217D2B21343DB435BB226EAAC
:10DDB000030419400C432744049B1F60341B9AE75B
:10DDC0006FF0AC0497E76FF0AC0494E76FF07C045D
:10DDD00091E72DE9F04F8DB00546099116461F4693
:10DDE000DDF85880179C204608F047FBB0F5006F1F
:10DDF00012D1B8F1010F65DDA8F10203012B0BD898
:10DE0000189B002B00F0B28004F61819484608F061
:10DE100034FBB0F5806F62D0204608F02EFBB0F5E1
:10DE2000406F40F0A680B8F1010F40F38D80A8F15B
:10DE30000208B8F1010F00F29F80189B002B00F040
:10DE40009E8004F6181A504608F017FBB0F5C06F14
:10DE500040F0988004F5426B584608F00EFBB0F590
:10DE6000C06F40F0928004F628730A93184608F0B9
:10DE700004FB002840F38C8004F5915808F1100849
:10DE8000404608F0FAFA002840F3858004F5A959C5
:10DE900009F11809484608F0F0FA00287EDD0697D7
:10DEA00005960494CDF80C90CDF808800A9B019358
:10DEB000CDF800B0534604F5C2620999284606F031
:10DEC0005EFE4DE0B8F1000FA6DB019700962346F9
:10DED00004F542720999284606F0F2F940E004F58B
:10DEE000426B584608F0C9FAB0F5806F94D104F639
:10DEF000287A504608F0C1FA00288DDD04F59153C8
:10DF000010330A93184608F0B8FA002884DD04F5A7
:10DF1000A95318330B93184608F0AFFA00287FF77F
:10DF20007BAF0697059604940B9B03930A9B029381
:10DF3000CDF804A0CDF800B04B4604F5C2620999B3
:10DF4000284606F09CFA0BE0B8F1000F0BDB0197B6
:10DF50000096234604F542720999284606F02FFDE3
:10DF60000DB0BDE8F08F6FF0E900F9E76FF0EB005E
:10DF7000F6E76FF0E900F3E76FF0E900F0E76FF024
:10DF8000EB00EDE76FF0E900EAE76FF0E900E7E7A3
:10DF90006FF0E900E4E76FF0E900E1E76FF0E90016
:10DFA000DEE72DE9F04782B080460C461646002396
:10DFB00001930B8801335B01013B5AD45B115A007A
:10DFC0000132012A57D90133D800FEF777F8054608
:10DFD00078B1238801335B01013B4ED45B115A00B9
:10DFE0000132012A4BD90133DA00002128460CF016
:10DFF00007F9238801335B01013B42D45B115A00CE
:10E000000132012A3FD90133D800FEF757F80746FD
:10E0100078B1238801335B01013B36D45B115A0090
:10E020000132012A33D90133DA00002138460CF0DD
:10E03000E7F88DB36FB3218801314901013932D43A
:10E04000491149000131284608F00CF968B36FF016
:10E050006D06384608F07DF9284608F07AF938460A
:10E06000FEF738F82846FEF735F8304602B0BDE82E
:10E07000F0871F33A2E70820A7E71F33AEE7082287
:10E08000B3E71F33BAE70820BFE71F33C6E708220C
:10E09000CBE72846FEF71EF817B13846FEF71AF808
:10E0A0006FF07C06E1E71F31CAE7218801314901A1
:10E0B000013909D4491149000131384608F0D2F834
:10E0C00020B16FF06D06C4E71F31F3E720460AF078
:10E0D0008FFE0146324628460AF0F3FE0646002827
:10E0E000B7D13A462146284609F07CF910B16FF0C5
:10E0F0007606AEE72B46224604F5427128460AF022
:10E1000017FC10B16FF06F06A3E74346224629467D
:10E11000404609F045F9002840F09380B4F81839DA
:10E1200053B1B4F8203C3BB1B4F8283F23B104F517
:10E130008053B3F830328BB94346224604F5C261AE
:10E1400040460AF0F5F800287ED101A9204609F0E2
:10E15000FFFC002846D06FF074067AE704F5426AA7
:10E160002B46524604F59151103140460AF0E0F832
:10E1700010B16FF06F066CE704F6181943464A4673
:10E1800004F6287140460AF0D3F810B16FF06F061C
:10E190005FE743464A462946404608F077FF10B1FC
:10E1A0006FF0710655E743464A4604F5A951183108
:10E1B000404609F0F5F810B16FF0740649E74246A1
:10E1C0005146404608F08AFF10B16FF0730640E7F1
:10E1D00042462946404608F0D3FA0028B5D06FF0F1
:10E1E000720636E72146284609F0CBFC10B16FF0E5
:10E1F00074062EE73A462946384608F06FFF10B1FC
:10E200006FF0740625E73A462146384608F09CFE32
:10E2100010B16FF074061CE742463946404608F0DC
:10E220005DFF10B16FF0740613E70123019A2146D8
:10E23000404609F073FC00283FF40BAF6FF0740602
:10E2400007E76FF0740604E76FF06F0601E7000060
:10E250002DE9F84305460E4617469846099CB4F842
:10E2600000C00CF1010C4FEA4C1CBCF1010C38D47D
:10E270004FEA6C1C4FEA4C030133012B34D90CF1EB
:10E28000010C4FEACC00FDF719FF814670B32388DB
:10E2900001335B01013B2FD45B115A000132012A8B
:10E2A0002CD90133DA00002148460BF0A9FF218860
:10E2B00001314901013923D449114900013148464E
:10E2C00007F0D0FFF0B13048FDF792FE6FF06D041B
:10E2D000484608F03EF84846FDF7FCFE2046BDE8FB
:10E2E000F8830CF11F0CC3E70820CCE72748FDF7A3
:10E2F0007FFE6FF07C04F1E71F33CDE70822D2E701
:10E300001F31D9E73246294648460AF06DFB0028FE
:10E3100034D1089B012B1CDD089B023B012B30D81C
:10E320000A9A21464846FFF73CFE0446002CCFD10E
:10E330001748FDF75DFED8F80020394648460AF038
:10E34000EBFB0028C4D01348FDF752FE6FF07004B9
:10E35000BEE7002B0FDB4B46224604F542714846D0
:10E360000AF0E6FA04460028E0D00B48FDF740FE2C
:10E370006FF06F04ACE76FF08104A9E76FF06E04F3
:10E38000A6E76FF08104A3E7B8C6040888C60408AE
:10E39000ECC604080CC70408D4C6040870B582B0E3
:10E3A000002839D00D46044641F65C0200210BF0EE
:10E3B00027FF04F580534FF0FF32C3F84828C3F815
:10E3C000405804F5427600220192009213463146ED
:10E3D000204607F060FF054610B1284602B070BD28
:10E3E00004F59153103304F5A952183201920093A9
:10E3F00004F6287304F5426204F6181104F5C260AD
:10E4000007F049FF05460028E7D0204607F08FFFB8
:10E41000304607F08CFFE0E76FF0AC05DDE7002841
:10E4200047D010B50446FFF705F804F58053D3F83C
:10E430004838012B22D004F5A950183007F077FF97
:10E4400004F59150103007F072FF04F6287007F0C1
:10E450006EFF04F5426007F06AFF04F6181007F03B
:10E4600066FF04F5C26007F062FF04F5427007F032
:10E470005EFF204607F05BFF002010BD04F5A950A9
:10E48000183007F066FF04F59150103007F061FF77
:10E4900004F6287007F05DFF04F5426007F059FFAD
:10E4A00004F6181007F055FF04F5C26007F051FF9D
:10E4B000DBE76FF0AC0070472DE9F04788B080468D
:10E4C0000F4616461D469DF840A0129C9DF84C90A4
:10E4D000012C0DD0022C23D0002C37D1119B01939D
:10E4E000CDF800A02B46FFF757F808B0BDE8F0873D
:10E4F0001948FDF77DFD199B0693169B0593159B07
:10E500000493149B0393CDF80890119B0193CDF8CD
:10E5100000A02B46324639464046FFF7D7F9E4E7DC
:10E520000E48FDF765FD199B0593189B0493179BF7
:10E530000393149B0293CDF80490119B00932B46F8
:10E54000324639464046FFF7D7FACEE70448FDF792
:10E550004FFD6FF0C800C8E730C7040850C7040873
:10E5600070C704082DE9F04184B007460E461546F1
:10E570000A9C9DF82C80012C07D0022C17D044BB9C
:10E58000FEF78EFF04B0BDE8F0811548FDF730FDC1
:10E59000119B03930E9B02930D9B01930C9B009385
:10E5A00043462A4631463846FFF755FBEAE70D4811
:10E5B000FDF71EFD119B0393109B02930F9B01938C
:10E5C0000C9B009343462A4631463846FFF7CCF869
:10E5D000D8E70548FDF70CFD6FF0C800D2E700BF93
:10E5E00088C70408ACC70408D0C704082DE9F04167
:10E5F00005460E4614461F46B2F800C00CF1010C49
:10E600004FEA4C1CBCF1010C52D44FEA6C1C4FEA8F
:10E610004C030133012B4ED90CF1010C4FEACC0015
:10E62000FDF74CFD804600284DD0238801335B0167
:10E63000013B42D45B115A000132012A3FD9013318
:10E64000DA00002140460BF0DBFD21880131490151
:10E65000013936D4491149000131404607F002FE24
:10E66000A0BB3246294640460AF0BEF988BB2FB10E
:10E670000121404607F08BFF01282DD142460121A0
:10E68000404607F0B7FF054648BB2146404607F025
:10E69000D2FEB0F1FF3F25D1404607F048FEB8F169
:10E6A000000F02D04046FDF715FD2846BDE8F08179
:10E6B0000CF11F0CA9E70820B2E71F33BAE70822C4
:10E6C000BFE71F31C6E76FF07C05E5E76FF06D052A
:10E6D000E2E76FF06E05DFE76FF0FC05DCE76FF057
:10E6E0007205D9E76FF0FC05D6E700002DE9F04789
:10E6F00094B080460C4616469A469DF870901D9D33
:10E700004846FCF7CBFFB8F1000F42D0002E43D0B3
:10E71000002844DBA04245D1B5F1FF3F31D0AC42E7
:10E7200043DBB5F1FF3F43DBE343AB4243D32F1958
:10E73000574543D10837482F43D80DF1080A002325
:10E74000029303932246414604A8D2F7C9F904F183
:10E7500008002A4631465044D2F7C2F90094534685
:10E760003A4651464846FDF71CF8074628B9224666
:10E77000711950460BF09AFC28B9384614B0BDE820
:10E78000F0872546D0E71048FDF732FC6FF0C00750
:10E79000F3E76FF0AC07F0E76FF0AC07EDE76FF071
:10E7A000AC07EAE76FF0AC07E7E76FF0F907E4E7DB
:10E7B0006FF0F907E1E76FF0F907DEE76FF0F907AF
:10E7C000DBE76FF08307D8E7E8C7040810B584B02B
:10E7D00000240394089C0294079C01949DF818401F
:10E7E0000094FFF783FF04B010BD10B584B000247F
:10E7F00002944FF0FF3401949DF818400094FFF705
:10E80000E5FF04B010BD18B108B50AF0E1F808BD85
:10E810006FF0AC00704700002DE9F04E84B08146E7
:10E820000E4692461D460D9F3846FFF7ECFF041E2C
:10E830001EDBA346B44220D32B68A34223D33B88DC
:10E840001BB17B6813F0010F23D00E9B029301973D
:10E850000C9B00932B46524631464846FFF7B9FAC7
:10E86000044610F1EA0F1AD0204604B0BDE8F08E3D
:10E8700021461248FDF79EFBF6E71148FDF7B8FB6D
:10E880006FF0AC04F0E70F48FDF7B2FB6FF08204C5
:10E89000EAE70D48FDF7ACFB6FF06104E4E7C5F86B
:10E8A00000B00E9B029301970C9B00932B4652469F
:10E8B00031464846FFF7CCFC0446D5E70CC80408AF
:10E8C00030C8040860C8040894C804082DE9F0475B
:10E8D00084B0DDF830A0DDF83490B9F1000F47D0F6
:10E8E00006460F4690461C46002844D0002945D0D5
:10E8F000002A46D0002B47D01B68002B47D0BAF126
:10E90000FF3F47D0BAF1030F05D109F58053D3F883
:10E910004C38042B11D00E9B0293CDF80490CDF807
:10E9200000A02346424639463046FFF775FF051ED4
:10E930000BDB284604B0BDE8F0870F9B4A46FFF783
:10E9400055FE05460028E6D0F3E715F16C0FF0D030
:10E9500015F1700F08D009F580530022C3F84C2838
:10E960004846FEF767FDE4E70C48FDF741FBF2E798
:10E970006FF0AC05DDE76FF0AC05DAE76FF0AC05E2
:10E98000D7E76FF0AC05D4E76FF0AC05D1E76FF0D7
:10E99000AC05CEE76FF0AC05CBE700BFA4C8040818
:10E9A00010B584B001240394089C0294079C019440
:10E9B000069C0094FFF78AFF04B010BD2DE9F043D8
:10E9C0008BB01646139C00220992002800F00A81A1
:10E9D0000D461F468046002900F00781002E00F0FA
:10E9E0000781002C00F0078104F58053D3F84C28F0
:10E9F000062A08D8DFE812F0150007000700070014
:10EA00002E004A00F0006FF0BF0504F5805300228D
:10EA1000C3F84C282046FEF70DFD28460BB0BDE894
:10EA2000F08304F58053C3F85018D3F8443813B179
:10EA30006FF0BF05E9E7129B002B74D004F58053FB
:10EA4000002283F85828C3F8446804F58053042250
:10EA5000C3F84C2804F58053D3F84408169B013BB7
:10EA600018BF012303931C9B02930194149B0093F2
:10EA700004F5C253103302462946FFF727FF051E4F
:10EA800066DB04F580530522C3F84C2804F5805555
:10EA9000D5F84488D5F85098204607F0EEFCD5F814
:10EAA0004038079306901B9B05931A9B0493199B70
:10EAB0000393189B02939DF85C300193169B00937F
:10EAC0009DF8543009AA49464046FFF74BFD0546DC
:10EAD000149B012B45D0002D1BDB0999C9B1129B5A
:10EAE000002B48D0129B19607B1BDB0F013B6FF0A2
:10EAF000820255401D4085EA0203013BDB0F013BCA
:10EB0000DBB2E90F0139C9B20B435BB22B4083EA98
:10EB1000020504F580530622C3F84C2815F16C0F4A
:10EB20007FF473AF79E70846FDF7C8FA04F5805320
:10EB3000C3F84408012283F8582800284FD02A46F9
:10EB40004146D1F7CDFF04F58053C3F850587CE718
:10EB500015F16C0FE2D104F580530522C3F84C285F
:10EB6000DCE78742B7DA04F580530622C3F84C2865
:10EB70006FF0820549E7149B032B28D104F58053DD
:10EB8000D3F844C8002210461AE004F58053D3F8A5
:10EB900044389B5C3354ACEB01031344DB0F013B63
:10EBA000A7EB000E0EF1FF3E4FEADE7E0EF1FF3EB8
:10EBB0005FFA8EFE03EA0E035B4250FA83F00132E5
:10EBC00004F58053D3F850389342DED88CE72A46B8
:10EBD0003046D1F785FF87E76FF0810515E76FF0C5
:10EBE0007C0512E76FF0AC0517E76FF0AC0514E792
:10EBF0006FF0AC0511E76FF0AC050EE710B58CB007
:10EC000003F58054D4F854480A94002409940894D5
:10EC10000794069405940494022403940324029414
:10EC2000019300920B460246FFF7C8FE0CB010BDE0
:10EC300010B58CB003F58054D4F854480A940024DD
:10EC40000994089407940694059404940124039469
:10EC50000294019300920B460246FFF7AFFE0CB000
:10EC600010BD30B58DB0129C04F58055D5F85458C0
:10EC70000A95119D0995002508950795109D069503
:10EC800005930223049301230393029301940092BA
:10EC90000B460246FFF792FE0DB030BD10B584B0B2
:10ECA000079C02944FF0FF340194069C0094FFF7F8
:10ECB000D8FF04B010BD2DE9F0478AB0129C00289F
:10ECC00000F08C800E46174698468146002900F0D9
:10ECD0008880002A00F08880002C00F08880204680
:10ECE000FFF791FD05468045C0F28480A0F10B033B
:10ECF000B3F5BB7F80F08180B342C0F0818004F522
:10ED00008053D3F84C38022B2BD043DC012B62D834
:10ED100004F5805A0123CAF84C38204607F0ADFBB1
:10ED2000DAF84038099308901A9B0793199B0693C9
:10ED3000189B0593179B04939DF858300393159BDC
:10ED400002931B9B01939DF8503000932B463A464B
:10ED500031464846FFF7B0FB061E21DB0222CAF807
:10ED60004C2804F58053C3F850881B9B02930194F0
:10ED7000139B009304F5C25310333A462946384694
:10ED8000FFF70EFE061E1DDB04F580530322C3F8B9
:10ED90004C2801E0032B12D104F58053D3F85068BE
:10EDA00016F16C0F07D004F580530022C3F84C28ED
:10EDB0002046FEF73FFB30460AB0BDE8F0876FF013
:10EDC000BF06F0E716F16C0FEAD104F58053032279
:10EDD000C3F84C28E4E76FF0BF06E4E76FF0AC0639
:10EDE000E9E76FF0AC06E6E76FF0AC06E3E76FF03B
:10EDF000AC06E0E76FF08206DDE76FF0E906DAE7E0
:10EE00006FF08206D7E730B58BB00F9C09940024D1
:10EE1000089407940694059404940394022502959B
:10EE200001940E9C0094FFF746FF0BB030BD10B567
:10EE30008AB00D9C099400240894079406940594C4
:10EE40000494039401240294022401940C9C0094E1
:10EE5000FFF731FF0AB010BD30B58BB0129C09949A
:10EE6000109C08940024079406940F9C05949DF828
:10EE70003840049402240394012502950194119CC6
:10EE80000094FFF718FF0BB030BD10B586B00B9C97
:10EE900004940A9C03944FF0FF340294099C01945B
:10EEA0009DF820400094FFF7D7FF06B010BD30B1A9
:10EEB00041B100F58053C3F85418002070476FF03B
:10EEC000AC0070476FF0AC00704700B54FEA920E8F
:10EED0004FF0000C0EE051F82C20130A03F0FF1342
:10EEE000120202F0FF2213434FEA334340F82C3062
:10EEF0000CF1010CF445EED35DF804FB10B50446AB
:10EF0000202200210BF07CF90C4B23600C4B63603A
:10EF10000C4BA3600C4BE3600C4B23610C4B636107
:10EF20000C4BA36103F17453A3F52303A3F692439F
:10EF3000E361002020666066A06610BD67E6096A8E
:10EF400085AE67BB72F36E3C3AF54FA57F520E510A
:10EF50008C68059BABD9831F2DE9F04F8BB007461A
:10EF60000C464FF48070FDF7A9F8002800F0B4813A
:10EF70000346002207E057F822000AA901EB8201AC
:10EF800041F8200C0132072AF5DD002204E054F894
:10EF9000221043F8221001320F2AF8DD102420E05D
:10EFA00004F180418A1E53F822004FEAF04282EABF
:10EFB000704282EA9022C81F53F820000244A1F157
:10EFC0000F0053F820504FEAB54080EAF51080EA70
:10EFD000D5000244103953F821100A4443F8242084
:10EFE00001343F2CDCDD4FF00008994601974CE1DD
:10EFF000069D4FEAF52282EAB51282EA7562099B04
:10F000009818089A079C82EA04032B40534018443E
:10F01000B34B53F82810084459F828100844029FAD
:10F020004FEA773181EAB70181EAB751DDF80CC0C8
:10F0300047EA0C06DDF810E006EA0E0607EA0C0ABD
:10F0400046EA0A063144059E06440596084409909E
:10F050004FEAF62181EAB61181EA76610A4485EA2F
:10F060000401314061400A4408F1010A53F82A10B2
:10F070000A4459F82A100A444FEA703181EAB00173
:10F0800081EAB05147EA000A0CEA0A0A07EA000BD3
:10F090004AEA0B0A51449644CDF810E00A4408921B
:10F0A0004FEAFE2181EABE1181EA7E61214485EAB0
:10F0B00006040EEA04046C40214408F1020A53F8E5
:10F0C0002A40214459F82A4021444FEA723484EA04
:10F0D000B20484EAB25440EA020A07EA0A0A00EAE1
:10F0E000020B4AEA0B0A54448C44CDF80CC021446C
:10F0F00007914FEAFC2484EABC1484EA7C6425442A
:10F1000086EA0E040CEA04047440254408F1030A5C
:10F1100053F82A40254459F82A4025444FEA7134CF
:10F1200084EAB10484EAB15442EA010A00EA0A0A14
:10F1300002EA010B4AEA0B0A54442F440297254481
:10F1400006954FEAF72484EAB71484EA77643444D6
:10F150008EEA0C063E408EEA0606344408F1040AA4
:10F1600053F82A60344459F82A6034444FEA75361B
:10F1700086EAB50686EAB55641EA050A02EA0A0AAF
:10F1800001EA050B4AEA0B0A56442044099034442C
:10F1900005944FEAF02686EAB01686EA7066764451
:10F1A0008CEA070E00EA0E0E8CEA0E0E764408F189
:10F1B000050E53F82EA0564459F82EE076444FEA37
:10F1C000743E8EEAB40E8EEAB45E45EA040A01EAA1
:10F1D0000A0A05EA040B4AEA0B0AD64432440892AA
:10F1E000764404964FEAF22E8EEAB21E8EEA726ED2
:10F1F000E64487EA000C02EA0C0C87EA0C0CE644B1
:10F2000008F1060C53F82CA0D64459F82CC0E6445B
:10F210004FEA763C8CEAB60C8CEAB65C44EA060A05
:10F2200005EA0A0A04EA060B4AEA0B0AD44401EB8F
:10F230000E0ACDF81CA00EEB0C0103914FEAFA2C3C
:10F240008CEABA1C8CEA7A6C674442400AEA020AE9
:10F2500080EA0A00074408F1070253F822303B44D1
:10F2600059F8222013444FEA713282EAB10282EA4D
:10F27000B15246EA010004400E40344322441D448A
:10F2800006951344029308F10808B8F13F0F7FF781
:10F29000AFAE4B46019F00220AE057F822100AA8A1
:10F2A00000EB820050F8200C014447F82210013294
:10F2B000072AF2DD1A464FF4807103E0002102F8BC
:10F2C000011B0146481E0029F8D11846FCF702FF31
:10F2D00000200BB0BDE8F08F6FF07C00F9E700BFB5
:10F2E000D8F604082DE9F0410746006E3F2871D892
:10F2F0000C4615467A6EAB187B669A4202D9BB6EF5
:10F300000133BB6607F1200678BB4FF000083F2DA4
:10F3100024D92346B44604F14002D3F80080D3F840
:10F3200004E09868D968CCF80080CCF804E0CCF808
:10F330000800CCF80C1010330CF1100C9342ECD1F7
:10F340004034403D402231463046FFF7BEFD314655
:10F350003846FFF701FE80460028D8D0B8F1000FEC
:10F3600000D185BB4046BDE8F081C0F14002AB1A38
:10F3700063EB0303DB0F591EC3F1000808EA05081D
:10F380000A4048EA0208424621463044D1F7A8FB29
:10F390003B6E43443B664444A5EB0805402B02D03A
:10F3A0004FF00008B3E7402231463046FFF78DFDAD
:10F3B00031463846FFF7D0FD804610B900233B6642
:10F3C000A5E70025A3E72A4621463046D1F788FB6A
:10F3D0003D66C7E76FF08308C4E738B5036E3F2B7F
:10F3E0003AD8044600F120055A1C02668022EA54ED
:10F3F000006E38280CD93F2827D9402229462846B4
:10F40000FFF763FD29462046FFF7A6FDE0B9206619
:10F41000206EC0F13802002128440AF0F1FE626E2D
:10F42000A36EDB0003EB5273A366D2006266382240
:10F4300029462846FFF749FDA36EA365636EE36581
:10F4400029462046FFF788FD38BDC0F14002002163
:10F4500028440AF0D5FED0E76FF0BF00F4E738B1DA
:10F4600038B50C460546FFF749FD00B9EC6638BDD6
:10F470006FF0AC00704738B108B511B1FFF732FF3B
:10F4800008BD22B90020FBE76FF0AC0070476FF0B9
:10F49000AC00F5E700B338B50C460546F9B1FFF707
:10F4A0009CFF00B138BD202229462846FFF70DFDFC
:10F4B00028686968AA68EB6820606160A260E36000
:10F4C00028696969AA69EB6920616161A261E361E8
:10F4D0002846FFF713FDE5E76FF0AC0070476FF0CB
:10F4E000AC00DFE708B56FF001020021FFF7B7FFBE
:10F4F00008BD034640B1702203E0002203F8012B4F
:10F500000A46511E002AF8D1704708B5034638B1A3
:10F510000846194638B17022D1F7E2FA002008BD3A
:10F520006FF0AC00FBE76FF0AC00F8E770B5D8B156
:10F530000C460646D9B17020FCF7C0FD0546C8B19F
:10F5400001463046FFF7E1FF064620B12846FCF7AA
:10F55000C1FD304670BD21462846FFF79BFF064699
:10F560002846FFF7C6FFF1E76FF0AC06F1E76FF052
:10F57000AC06EEE76FF07C06EBE770B54FF0000CE1
:10F58000C0F800C003F1FF3E644602E008340EF10B
:10F59000FF3EBEF1000F1BDB50F82C3012F80E506E
:10F5A000A5402B4340F82C30142CEFD923F06043B6
:10F5B00040F82C30C4F11D060CF101038B4207DA30
:10F5C00012F80E50354140F82350153C9C46DEE7BA
:10F5D0000CF1010C04E0002340F82C300CF1010C7C
:10F5E0008C45F8DB70BDF0B515460024046022465A
:10F5F000234620E0002240F82E201A46F44602F16D
:10F600001D03202B13D850F82C2022F0604240F824
:10F610002C200CF1010E8E4508DA1F2BEAD805EBE1
:10F6200084025268DA4040F82E20E6E71A46C2F11A
:10F630002002013463462E88A6421DD98B421BDA74
:10F6400050F8236005EB84077F6807FA02FC46EA5E
:10F650000C0640F8236026F0604640F82360C2F1B3
:10F660001D0203F1010C8C4506DA05EB84035B688F
:10F67000D34040F82C30C2E7013303E0002240F8C9
:10F68000232001338B42F9DBF0BD30B58E460023D9
:10F690000FE05A1C50F8231050F8224004EB61711F
:10F6A00040F8221050F8231021F0604140F8231058
:10F6B0001346462BEDDD00248EF8FF402246FF2343
:10F6C00009E0C2F12502002B02DB00210EF8031035
:10F6D00002B101330134462C1EDC002B1CDB1EF86A
:10F6E000035000EB840150F824C00CFA02FC5FFACE
:10F6F0008CFC45EA0C0C0EF803C0C2F10802013B79
:10F700000AD41C2ADDDC0D6845FA02FC0EF803C0A1
:10F710000832013BF5D5D4E730BD00230FE05A1C79
:10F7200050F8221050F823C001EB6C7140F8221001
:10F7300050F8231021F0604140F823101346222B8B
:10F74000EDDD704700230FE05A1C50F8221050F8EE
:10F7500023C001EB6C7140F8221050F8231021F007
:10F76000604140F823101346462BEDDD7047944668
:10F770000023472B0DDC00B55CF8232051F823E073
:10F78000724440F823200133472BF5DD00205DF85B
:10F7900004FB0020704794460023472B0DDC10B477
:10F7A0005CF8232051F82340A21A40F823200133AB
:10F7B000472BF5DD002010BC7047002070472DE975
:10F7C000F04F83B0834689469046D1F81C31D81754
:10F7D000D2F81C11CA1703FB02F201FB0022A3FBA3
:10F7E00001310A44590F41EAC201CBF83C1223F01F
:10F7F00060444FF0000A8D27DC4641E0A7F1470541
:10F800004FF0470B42E059F825004FEAE07C7B1BA4
:10F8100058F82330D91700FB01F103FB0C11A0FBB2
:10F82000033001449B181A4641EB060601355D453D
:10F8300003DC0EF10E03AB42E5DA530F43EAC603D5
:10F840001B191C464AEB567A22F0604200260EF144
:10F850000F0EF345EBDADDF804C0B81C5CF820307D
:10F86000610F41EACA010B444CF820307B1C24F0A4
:10F8700060444CF8234022F060444FF0000A013FFE
:10F88000002F3FDB472FB9DCBB460025ABEB050360
:10F890000F2B02DC0022104619E0AE46002216466D
:10F8A000CDF804C0D5E759F825304FEAE37E791B3F
:10F8B00058F82160F11703FB01F106FB0E11A3FBC1
:10F8C000063631449B181A4641EB000001355D4570
:10F8D000E9DD530F43EAC0031B194AEB5070BD1C0E
:10F8E0005CF825105C0F44EAC00421444CF8251054
:10F8F000791C23F060434CF8213022F060444FF033
:10F90000000ABCE7CCF8004003B0BDE8F08F2DE959
:10F91000F04F83B00E46D1F81C11CB1701FB03F357
:10F92000A1FB011505EB43054B0F43EAC503C0F8E6
:10F930003C326D0745EAD105490725F07C454FF07B
:10F940008D0B0C4601464EE0DE466AE056F820304C
:10F95000DD17ABEB000156F82110CC1703FB04F4C4
:10F9600001FB0544A3FB013121449B181A4641EBDE
:10F9700007070130704503DC08F10D038342E5DA27
:10F98000009C92187F4112194AEB0707530F43EA74
:10F99000C70313EB0C039C4649EB577922F06044F4
:10F9A0004FF0000A08F10E08C64503DB0022174697
:10F9B0000094DFE701990BF1020051F820304FEA83
:10F9C0005C7242EAC902134441F820300BF1010293
:10F9D0002CF0604341F822304FEA4A7545EAD405DD
:10F9E00064070BF1FF3BBBF1000F64DB0BF101007F
:10F9F00000EBD07040101BF0010F0DD156F82030F5
:10FA0000DF1703FB07F7A3FB033202EB47021B19C7
:10FA10001C4642EB05050130BBF1460F94DD4FF06B
:10FA2000470EAEEB00030D2B42DD4FEA547C4CEA4F
:10FA3000C50C4FEA557924F060444FF0000A804627
:10FA40000191B1E756F820304FEAE379ABEB0007BC
:10FA500056F827804FEAE87703FB07F708FB09779A
:10FA6000A3FB083847449B181A4647EB0C0C01309F
:10FA70007045E7DD93184CEB0C021B1945EB0202B5
:10FA80000BF1020451F8240000EB926041F82400CD
:10FA9000580F40EAC2000BF1010420F0604041F829
:10FAA0002400520742EAD3025C0722F07C4598E723
:10FAB00000229446DCE78E46610F41EAC501CEF88C
:10FAC000001003B0BDE8F08F0023232B0DDC10B431
:10FAD00052F8234051F823C0644440F823400133D6
:10FAE000232BF5DD002010BC704700207047002359
:10FAF000232B0DDC30B452F8234051F823502C1B3B
:10FB000040F823400133232BF5DD002030BC704743
:10FB1000002070472DE9F04F83B083468946904618
:10FB2000D1F88C30D817D2F88C10CA1703FB02F228
:10FB300001FB0022A3FB01310A44590F41EAC20133
:10FB4000CBF81C1123F060444FF0000A4527DC4637
:10FB500041E0A7F123054FF0230B42E059F82500BF
:10FB60004FEAE07C7B1B58F82330D91700FB01F1EA
:10FB700003FB0C11A0FB033001449B181A4641EB18
:10FB8000060601355D4503DC0EF10E03AB42E5DAF6
:10FB9000530F43EAC6031B191C464AEB567A22F060
:10FBA000604200260EF10F0EF345EBDADDF804C0DB
:10FBB000B81C5CF82030610F41EACA010B444CF8D4
:10FBC00020307B1C24F060444CF8234022F0604439
:10FBD0004FF0000A013F002F3FDB232FB9DCBB466B
:10FBE0000025ABEB05030F2B02DC0022104619E0C9
:10FBF000AE4600221646CDF804C0D5E759F82530A8
:10FC00004FEAE37E791B58F82160F11703FB01F1FD
:10FC100006FB0E11A3FB063631449B181A4641EB36
:10FC2000000001355D45E9DD530F43EAC0031B19B0
:10FC30004AEB5070BD1C5CF825105C0F44EAC00410
:10FC400021444CF82510791C23F060434CF82130F6
:10FC500022F060444FF0000ABCE7CCF8004003B04B
:10FC6000BDE8F08F2DE9F04F83B00E46D1F88C102F
:10FC7000CB1701FB03F3A1FB011505EB43054B0F6C
:10FC800043EAC503C0F81C316D0745EAD1054907B1
:10FC900025F07C454FF0450B0C4601464EE0DE4614
:10FCA0006AE056F82030DD17ABEB000156F8211062
:10FCB000CC1703FB04F401FB0544A3FB01312144F1
:10FCC0009B181A4641EB07070130704503DC08F129
:10FCD0000D038342E5DA009C92187F4112194AEB2A
:10FCE0000707530F43EAC70313EB0C039C4649EB8A
:10FCF000577922F060444FF0000A08F10E08C6451B
:10FD000003DB002217460094DFE701990BF10200A4
:10FD100051F820304FEA5C7242EAC902134441F8BC
:10FD200020300BF101022CF0604341F822304FEA01
:10FD30004A7545EAD40564070BF1FF3BBBF1000FA0
:10FD400064DB0BF1010000EBD07040101BF0010FE1
:10FD50000DD156F82030DF1703FB07F7A3FB033262
:10FD600002EB47021B191C4642EB05050130BBF1B3
:10FD7000220F94DD4FF0230EAEEB00030D2B42DD7E
:10FD80004FEA547C4CEAC50C4FEA557924F06044A4
:10FD90004FF0000A80460191B1E756F820304FEA53
:10FDA000E379ABEB000756F827804FEAE87703FBCF
:10FDB00007F708FB0977A3FB083847449B181A4646
:10FDC00047EB0C0C01307045E7DD93184CEB0C024F
:10FDD0001B1945EB02020BF1020451F8240000EB61
:10FDE000926041F82400580F40EAC2000BF1010470
:10FDF00020F0604041F82400520742EAD3025C0739
:10FE000022F07C4598E700229446DCE78E46610F9D
:10FE100041EAC501CEF8001003B0BDE8F08F0368D9
:10FE20009A1C520002F008021A4402FB03F0C0F1CF
:10FE3000020002FB00F000FB03F2C2F1020200FB31
:10FE400002F202FB03F3C3F1020302FB03F323F00C
:10FE50006043C3F100530B6070472DE9F041044645
:10FE60000D461046D61711464FF0000E72467746E3
:10FE700018E055F82E304FEAE37803FB06FC00FB50
:10FE800008CCA3FB0138C4449B184CEB070C23F0AF
:10FE9000604244F82E205A0F42EACC024FEA6C77B7
:10FEA0000EF1010EBEF1470FE3DDC4F82021BDE8DD
:10FEB000F08110B504460A46002304E06FF060406C
:10FEC00044F823000133222BF8DD40F2FF13C4F87D
:10FED0008C3021462046FFF70AFE23680133236059
:10FEE00010BD10B58646232200200AE05EF82230BD
:10FEF00051F822401B1BC0F1000C23EA2C7318435D
:10FF0000013A002AF2DA10BD10B504464FF0000C99
:10FF10000BE051F82C0052F82CE00EEA030EA0EB97
:10FF20000E0044F82C000CF1010CBCF1230FF0DDA5
:10FF300010BD2DE9F0410C461146D5174FF0000ECB
:10FF40007346F4461DE050F82E70FE184CEBE77730
:10FF500054F82E304FEAE37803FB05FC01FB08CC94
:10FF6000A3FB0238C4449B194CEB070C23F06046FA
:10FF700040F82E605B0F43EACC034FEA6C7C0EF135
:10FF8000010EBEF1230FDEDDD0F890201A44C0F838
:10FF90009020BDE8F0812DE9F04104460D46104661
:10FFA000D61711464FF0000E7246774618E055F806
:10FFB0002E304FEAE37803FB06FC00FB08CCA3FBE2
:10FFC0000138C4449B184CEB070C23F0604244F802
:10FFD0002E205A0F42EACC024FEA6C770EF1010E46
:10FFE000BEF1230FE3DDC4F89020BDE8F08110B529
:10FFF00004464FF0000C0AE051F82C0052F82CE0B7
:020000040803EF
:100000000EEA030E704444F82C000CF1010CBCF114
:10001000230FF1DD10BD30B504464FF0000C11E0A8
:1000200051F82C3013410CF10100C2F11D0E51F8B2
:10003000205005FA0EFE43EA0E0323F0604344F815
:100040002C308446BCF1220FEADDD1F88C3013410C
:10005000C4F88C3030BDF0B515464607CF1776187A
:1000600047EBE00752100132710F41EAC70126F059
:10007000604E531AD80F02EAE373C91A4FF01B0CF3
:1000800010E0CEF3007303EB41034FEA4E0ED11A9A
:1000900000EBD174204402EAE1741B1B03EBD17125
:1000A0000CF1FF3CBCF1000FEBDC431C0344DA17FE
:1000B000E81703FB00F105FB0211A3FB0524214413
:1000C000B21A67EB0101520F42EAC1021A44D1177A
:1000D00005FB01F102FB0011A5FB02300144F31AFC
:1000E00067EB0101BB16C3EBA1631344A5FB03211E
:1000F000B21AD11749000131A1FB0220AA1AD20F6E
:1001000002FB0133A5FB0321B61AF01740000130B2
:10011000A0FB0662AD1BED0F05FB0030F0BD00003B
:1001200010B504460A46002304E06FF0604044F82E
:1001300023000133452BF8DD064BC4F818310023AA
:10014000C4F81C3121462046FFF725FB2368013304
:10015000236010BDFFFF030010B586464722002034
:100160000AE05EF8223051F822401B1BC0F1000C5F
:1001700023EA2C731843013A002AF2DA10BD10B5B5
:1001800004464FF0000C0BE051F82C0052F82CE024
:100190000EEA030EA0EB0E0044F82C000CF1010C4B
:1001A000BCF1470FF0DD10BD2DE9F0410C461146C2
:1001B000D5174FF0000E7346F4461DE050F82E7030
:1001C000FE184CEBE77754F82E304FEAE37803FB48
:1001D00005FC01FB08CCA3FB0238C4449B194CEB83
:1001E000070C23F0604640F82E605B0F43EACC0317
:1001F0004FEA6C7C0EF1010EBEF1470FDEDDD0F848
:1002000020211A44C0F82021BDE8F08100230FE02E
:100210005A1C50F8221050F823C001EB6C7140F8C2
:10022000221050F8231021F0604140F823101346AB
:10023000452BEDDD70472DE9F04104460D46104693
:10024000D61711464FF0000E7246774618E055F863
:100250002E304FEAE37803FB06FC00FB08CCA3FB3F
:100260000138C4449B184CEB070C23F0604244F85F
:100270002E205A0F42EACC024FEA6C770EF1010EA3
:10028000BEF18F0FE3DDC4F84022BDE8F08110B568
:1002900004464FF0000C0AE051F82C0052F82CE014
:1002A0000EEA030E704444F82C000CF1010CBCF172
:1002B000470FF1DD10BD30B504464FF0000C11E0E2
:1002C00051F82C3013410CF10100C2F11D0E51F810
:1002D000205005FA0EFE43EA0E0323F0604344F873
:1002E0002C308446BCF1460FEADDD1F81C311341B5
:1002F000C4F81C3130BDF0B515464607CF17761847
:1003000047EBE00752100132710F41EAC70126F0B6
:10031000604E531AD80F02EAE373C91A4FF01B0C50
:1003200010E0CEF3007303EB41034FEA4E0ED11AF7
:1003300000EBD174204402EAE1741B1B03EBD17182
:100340000CF1FF3CBCF1000FEBDC431C0344DA175B
:10035000E81703FB00F105FB0211A3FB0524214470
:10036000B21A67EB0101520F42EAC1021A44D117D7
:1003700005FB01F102FB0011A5FB02300144F31A59
:1003800067EB0101BB16C3EBA1631344A5FB03217B
:10039000B21AD11749000131A1FB0220AA1AD20FCB
:1003A00002FB0133A5FB0321B61AF0174000013010
:1003B000A0FB0662AD1BED0F05FB0030F0BD30B5B4
:1003C0001446D1F81C31C2F11D052B41C0F8203173
:1003D0004FF0470C12E051F82C30A3400CF1804E46
:1003E0000EF1FF3E51F82E2042FA05FE43EA0E03BD
:1003F00023F0604340F82C300CF1FF3CBCF1000FBF
:10040000E9DC0B68A34023F06043036030BD70B5A6
:100410004FF0000CC0F800C003F1FF3E644602E05C
:1004200008340EF1FF3EBEF1000F1BDB50F82C30FC
:1004300012F80E50A5402B4340F82C30142CEFD965
:1004400023F0604340F82C30C4F11D060CF1010389
:100450008B4207DA12F80E50354140F82350153C14
:100460009C46DEE70CF1010C04E0002340F82C3040
:100470000CF1010C8C45F8DB70BDF0B5154600247D
:1004800004602246234620E0002240F82E201A462F
:10049000F44602F11D03202B13D850F82C2022F033
:1004A000604240F82C200CF1010E8E4508DA1F2B1B
:1004B000EAD805EB84025268DA4040F82E20E6E7DD
:1004C0001A46C2F12002013463462E88A6421DD985
:1004D0008B421BDA50F8236005EB84077F6807FA2C
:1004E00002FC46EA0C0640F8236026F0604640F81D
:1004F0002360C2F11D0203F1010C8C4506DA05EB05
:1005000084035B68D34040F82C30C2E7013303E03A
:10051000002240F8232001338B42F9DBF0BD30B5D7
:100520008E4600230FE05A1C50F8231050F822404A
:1005300004EB617140F8221050F8231021F0604163
:1005400040F823101346682BEDDD00248EF87F4120
:10055000224640F27F1309E0C2F12502002B02DBA4
:1005600000210EF8031002B101330134692C1EDCA6
:10057000002B1CDB1EF8035000EB840150F824C054
:100580000CFA02FC5FFA8CFC45EA0C0C0EF803C076
:10059000C2F10802013B0AD41C2ADDDC0D6845FAD1
:1005A00002FC0EF803C00832013BF5D5D4E730BD9C
:1005B00000230FE05A1C50F8221050F823C001EB22
:1005C0006C7140F8221050F8231021F0604140F87F
:1005D00023101346332BEDDD704700230FE05A1C28
:1005E00050F8221050F823C001EB6C7140F8221033
:1005F00050F8231021F0604140F823101346682B77
:10060000EDDD70472DE9F04F83B083468946904673
:10061000D1F8A431D817D2F8A411CA1703FB02F2FB
:1006200001FB0022A3FB01310A44590F41EAC20138
:10063000CBF84C1323F060444FF0000AD127DC467E
:1006400041E0A7F169054FF0690B42E059F8250038
:100650004FEAE07C7B1B58F82330D91700FB01F1EF
:1006600003FB0C11A0FB033001449B181A4641EB1D
:10067000060601355D4503DC0EF10E03AB42E5DAFB
:10068000530F43EAC6031B191C464AEB567A22F065
:10069000604200260EF10F0EF345EBDADDF804C0E0
:1006A000B81C5CF82030610F41EACA010B444CF8D9
:1006B00020307B1C24F060444CF8234022F060443E
:1006C0004FF0000A013F002F3FDB692FB9DCBB462A
:1006D0000025ABEB05030F2B02DC0022104619E0CE
:1006E000AE4600221646CDF804C0D5E759F82530AD
:1006F0004FEAE37E791B58F82160F11703FB01F103
:1007000006FB0E11A3FB063631449B181A4641EB3B
:10071000000001355D45E9DD530F43EAC0031B19B5
:100720004AEB5070BD1C5CF825105C0F44EAC00415
:1007300021444CF82510791C23F060434CF82130FB
:1007400022F060444FF0000ABCE7CCF8004003B050
:10075000BDE8F08F2DE9F04F83B00E46D1F8A4111B
:10076000CB1701FB03F3A1FB011505EB43054B0F71
:1007700043EAC503C0F84C336D0745EAD105490784
:1007800025F07C454FF0D10B0C4601464EE0DE468D
:100790006AE056F82030DD17ABEB000156F8211067
:1007A000CC1703FB04F401FB0544A3FB01312144F6
:1007B0009B181A4641EB07070130704503DC08F12E
:1007C0000D038342E5DA009C92187F4112194AEB2F
:1007D0000707530F43EAC70313EB0C039C4649EB8F
:1007E000577922F060444FF0000A08F10E08C64520
:1007F00003DB002217460094DFE701990BF10200AA
:1008000051F820304FEA5C7242EAC902134441F8C1
:1008100020300BF101022CF0604341F822304FEA06
:100820004A7545EAD40564070BF1FF3BBBF1000FA5
:1008300064DB0BF1010000EBD07040101BF0010FE6
:100840000DD156F82030DF1703FB07F7A3FB033267
:1008500002EB47021B191C4642EB05050130BBF1B8
:10086000680F94DD4FF0690EAEEB00030D2B42DDF7
:100870004FEA547C4CEAC50C4FEA557924F06044A9
:100880004FF0000A80460191B1E756F820304FEA58
:10089000E379ABEB000756F827804FEAE87703FBD4
:1008A00007F708FB0977A3FB083847449B181A464B
:1008B00047EB0C0C01307045E7DD93184CEB0C0254
:1008C0001B1945EB02020BF1020451F8240000EB66
:1008D000926041F82400580F40EAC2000BF1010475
:1008E00020F0604041F82400520742EAD3025C073E
:1008F00022F07C4598E700229446DCE78E46610FA3
:1009000041EAC501CEF8001003B0BDE8F08F0368DE
:100910009A1C520002F008021A4402FB03F0C0F1D4
:10092000020002FB00F000FB03F2C2F1020200FB36
:1009300002F202FB03F3C3F1020302FB03F323F011
:100940006043C3F100530B6070472DE9F04104464A
:100950000D461046D61711464FF0000E72467746E8
:1009600018E055F82E304FEAE37803FB06FC00FB55
:1009700008CCA3FB0138C4449B184CEB070C23F0B4
:10098000604244F82E205A0F42EACC024FEA6C77BC
:100990000EF1010EBEF1690FE3DDC4F8A821BDE838
:1009A000F08194460023342B0DDC10B45CF8232036
:1009B00051F82340A21A40F823200133342BF5DDEF
:1009C000002010BC70470020704710B504460A464E
:1009D000002304E06FF0604044F823000133332B20
:1009E000F8DD6FF07043C4F8D03021462046FFF7A1
:1009F000D8FF23680133236010BD10B5864634222A
:100A000000200AE05EF8223051F822401B1BC0F1A2
:100A1000000C23EA2C731843013A002AF2DA10BDC5
:100A200010B504464FF0000C0BE051F82C0052F8C2
:100A30002CE00EEA030EA0EB0E0044F82C000CF1A3
:100A4000010CBCF1340FF0DD10BD2DE9F0410C4676
:100A50001146D5174FF0000E7346F4461DE050F8CE
:100A60002E70FE184CEBE77754F82E304FEAE378FF
:100A700003FB05FC01FB08CCA3FB0238C4449B1913
:100A80004CEB070C23F0604640F82E605B0F43EA06
:100A9000CC034FEA6C7C0EF1010EBEF1340FDEDDAB
:100AA000D0F8D4201A44C0F8D420BDE8F0812DE954
:100AB000F04F83B0834689469046D1F8D030D8179E
:100AC000D2F8D010CA1703FB02F201FB0022A3FBED
:100AD00001310A44590F41EAC201CBF8A41123F0B5
:100AE00060444FF0000A6727DC4641E0A7F1340577
:100AF0004FF0340B42E059F825004FEAE07C7B1BB5
:100B000058F82330D91700FB01F103FB0C11A0FBAF
:100B1000033001449B181A4641EB060601355D453A
:100B200003DC0EF10E03AB42E5DA530F43EAC603D2
:100B30001B191C464AEB567A22F0604200260EF141
:100B40000F0EF345EBDADDF804C0B81C5CF820307A
:100B5000610F41EACA010B444CF820307B1C24F0A1
:100B600060444CF8234022F060444FF0000A013FFB
:100B7000002F3FDB342FB9DCBB460025ABEB050370
:100B80000F2B02DC0022104619E0AE46002216466A
:100B9000CDF804C0D5E759F825304FEAE37E791B3C
:100BA00058F82160F11703FB01F106FB0E11A3FBBE
:100BB000063631449B181A4641EB000001355D456D
:100BC000E9DD530F43EAC0031B194AEB5070BD1C0B
:100BD0005CF825105C0F44EAC00421444CF8251051
:100BE000791C23F060434CF8213022F060444FF030
:100BF000000ABCE7CCF8004003B0BDE8F08F2DE957
:100C0000F04F83B00E46D1F8D010CB1701FB03F3A1
:100C1000A1FB011505EB43054B0F43EAC503C0F8E3
:100C2000A4316D0745EAD105490725F07C454FF011
:100C3000670B0C4601464EE0DE466AE056F820306F
:100C4000DD17ABEB000156F82110CC1703FB04F4C1
:100C500001FB0544A3FB013121449B181A4641EBDB
:100C600007070130704503DC08F10D038342E5DA24
:100C7000009C92187F4112194AEB0707530F43EA71
:100C8000C70313EB0C039C4649EB577922F06044F1
:100C90004FF0000A08F10E08C64503DB0022174694
:100CA0000094DFE701990BF1020051F820304FEA80
:100CB0005C7242EAC902134441F820300BF1010290
:100CC0002CF0604341F822304FEA4A7545EAD405DA
:100CD00064070BF1FF3BBBF1000F64DB0BF101007C
:100CE00000EBD07040101BF0010F0DD156F82030F2
:100CF000DF1703FB07F7A3FB033202EB47021B19C5
:100D00001C4642EB05050130BBF1330F94DD4FF07B
:100D1000340EAEEB00030D2B42DD4FEA547C4CEA5F
:100D2000C50C4FEA557924F060444FF0000A804624
:100D30000191B1E756F820304FEAE379ABEB0007B9
:100D400056F827804FEAE87703FB07F708FB097797
:100D5000A3FB083847449B181A4647EB0C0C01309C
:100D60007045E7DD93184CEB0C021B1945EB0202B2
:100D70000BF1020451F8240000EB926041F82400CA
:100D8000580F40EAC2000BF1010420F0604041F826
:100D90002400520742EAD3025C0722F07C4598E720
:100DA00000229446DCE78E46610F41EAC501CEF889
:100DB000001003B0BDE8F08F2DE9F04104460D4668
:100DC0001046D61711464FF0000E7246774618E0CF
:100DD00055F82E304FEAE37803FB06FC00FB08CC05
:100DE000A3FB0138C4449B184CEB070C23F0604272
:100DF00044F82E205A0F42EACC024FEA6C770EF1EB
:100E0000010EBEF1340FE3DDC4F8D420BDE8F0815B
:100E100010B504464FF0000C0AE051F82C0052F8CF
:100E20002CE00EEA030E704444F82C000CF1010C87
:100E3000BCF1340FF1DD10BD94460023342B0DDCE2
:100E400000B55CF8232051F823E0724440F82320D9
:100E50000133342BF5DD00205DF804FB00207047E2
:100E600030B504464FF0000C11E051F82C3013411E
:100E70000CF10100C2F11D0E51F8205005FA0EFED2
:100E800043EA0E0323F0604344F82C308446BCF15F
:100E9000330FEADDD1F8D0301341C4F8D03030BD83
:100EA000F0B515464607CF17761847EBE007521006
:100EB0000132710F41EAC70126F0604E531AD80F74
:100EC00002EAE373C91A4FF01B0C10E0CEF3007373
:100ED00003EB41034FEA4E0ED11A00EBD1742044CC
:100EE00002EAE1741B1B03EBD1710CF1FF3CBCF176
:100EF000000FEBDC431C0344DA17E81703FB00F197
:100F000005FB0211A3FB05242144B21A67EB010182
:100F1000520F42EAC1021A44D11705FB01F102FB4C
:100F20000011A5FB02300144F31A67EB0101BB1667
:100F3000C3EBA1631344A5FB0321B21AD1174900E7
:100F40000131A1FB0220AA1AD20F02FB0133A5FB3B
:100F50000321B61AF01740000130A0FB0662AD1B5A
:100F6000ED0F05FB0030F0BD94460023692B0DDC2E
:100F700010B45CF8232051F82340A21A40F8232033
:100F80000133692BF5DD002010BC7047002070474D
:100F900010B504460A46002304E06FF0604044F8B0
:100FA00023000133682BF8DD6FF07843C4F8A431D7
:100FB00021462046FFF7D8FF23680133236010BD88
:100FC00010B58646692200200AE05EF8223051F80A
:100FD00022401B1BC0F1000C23EA2C731843013A7A
:100FE000002AF2DA10BD10B504464FF0000C0BE0F9
:100FF00051F82C0052F82CE00EEA030EA0EB0E0084
:1010000044F82C000CF1010CBCF1690FF0DD10BDAF
:101010002DE9F0410C461146D5174FF0000E7346EE
:10102000F4461DE050F82E70FE184CEBE77754F8AC
:101030002E304FEAE37803FB05FC01FB08CCA3FB51
:101040000238C4449B194CEB070C23F0604640F86F
:101050002E605B0F43EACC034FEA6C7C0EF1010E6D
:10106000BEF1690FDEDDD0F8A8211A44C0F8A8212E
:10107000BDE8F0812DE9F04104460D461046D61733
:1010800011464FF0000E7246774618E055F82E30A4
:101090004FEAE37803FB06FC00FB08CCA3FB013816
:1010A000C4449B184CEB070C23F0604244F82E20FC
:1010B0005A0F42EACC024FEA6C770EF1010EBEF1F4
:1010C000D30FE3DDC4F85023BDE8F08110B504462A
:1010D0004FF0000C0AE051F82C0052F82CE00EEA18
:1010E000030E704444F82C000CF1010CBCF1690FA4
:1010F000F1DD10BD94460023692B0DDC00B55CF8D2
:10110000232051F823E0724440F823200133692B57
:10111000F5DD00205DF804FB0020704730B5044683
:101120004FF0000C11E051F82C3013410CF101008C
:10113000C2F11D0E51F8205005FA0EFE43EA0E03CF
:1011400023F0604344F82C308446BCF1680FEADD9C
:10115000D1F8A4311341C4F8A43130BDF0B515461F
:101160004607CF17761847EBE00752100132710F90
:1011700041EAC70126F0604E531AD80F02EAE37322
:10118000C91A4FF01B0C10E0CEF3007303EB4103C0
:101190004FEA4E0ED11A00EBD174204402EAE174FA
:1011A0001B1B03EBD1710CF1FF3CBCF1000FEBDC1E
:1011B000431C0344DA17E81703FB00F105FB021197
:1011C000A3FB05242144B21A67EB0101520F42EA46
:1011D000C1021A44D11705FB01F102FB0011A5FB66
:1011E00002300144F31A67EB0101BB16C3EBA163A4
:1011F0001344A5FB0321B21AD11749000131A1FB09
:101200000220AA1AD20F02FB0133A5FB0321B61A52
:10121000F01740000130A0FB0662AD1BED0F05FB8F
:101220000030F0BD2DE9F04F07460E4615460B6A1B
:10123000D817116ACA1703FB02F201FB0022A3FBB5
:1012400001310A44590F41EAC201796423F0604830
:101250004FF000090F201FE0A0F1080E082422E043
:101260004FEA5A7343EAC10313EB080349EB517188
:1012700000F1020C57F82C205C0F44EAC104224410
:1012800047F82C20421C23F0604347F822302AF014
:1012900060484FF000090138002822DB0828DBDC19
:1012A00004464FF0000E4FF0000A5146A645D7DC29
:1012B00056F82E304FEAE37BA0EB0E0255F82220C1
:1012C0004FEAE27C03FB0CFC02FB0BCCA3FB0232DB
:1012D000944413EB0A039A464CEB01010EF1010E04
:1012E000E4E7C7F80080BDE8F08F2DE9F047064637
:1012F0000D6AEB1705FB03F3A5FB055707EB430747
:101300006B0F43EAC70343647F0747EAD5076D07BE
:1013100027F07C470F203CE0044657E051F82C3082
:101320004FEAE37AA0EB0C0251F822904FEAE972FF
:1013300003FB02F209FB0A22A3FB09394A4413EB1F
:101340000803984642EB0E0E0CF1010CA445E5DDB6
:1013500018EB08084EEB0E0E18EB050847EB0E0EC7
:10136000821C56F8223003EB9E6346F822304FEA87
:10137000587343EACE03421C23F0604346F8223000
:101380004FEA4E7E4EEAD80E4FEA48752EF07C4763
:10139000013800281EDB00F1010C0CEBDC7C4FEA6D
:1013A0006C0C10F0010F0ED151F82C30DC1703FB40
:1013B00004F4A3FB033202EB44025B191D4642EB2B
:1013C00007070CF1010C0728A6DD08244FF00008E0
:1013D000C646BBE76D0F45EAC7053560BDE8F08737
:1013E0000023082B0DDC10B452F8234051F823C021
:1013F000644440F823400133082BF5DD002010BC85
:101400007047002070470023082B0DDC30B452F8E1
:10141000234051F823502C1B40F823400133082B64
:10142000F5DD002030BC704700207047F0B5154650
:10143000002404602246234620E0002240F82E20AB
:101440001A46F44602F11D03202B13D850F82C2025
:1014500022F0604240F82C200CF1010E8E4508DA93
:101460001F2BEAD805EB84025268DA4040F82E20A0
:10147000E6E71A46C2F12002013463462E88A642EE
:101480001DD98B421BDA50F8236005EB84077F6877
:1014900007FA02FC46EA0C0640F8236026F0604694
:1014A00040F82360C2F11D0203F1010C8C4506DAFD
:1014B00005EB84035B68D34040F82C30C2E701336E
:1014C00003E0002240F8232001338B42F9DBF0BD1A
:1014D00010B58646082200200AE05EF8223051F856
:1014E00022401B1BC0F1000C23EA2C731843013A65
:1014F000002AF2DA10BD4FF0000CBCF1080F0FDC2F
:1015000030B452F82C401C4051F82C502C1B40F8A1
:101510002C400CF1010CBCF1080FF2DD30BC70471F
:1015200070472DE9F041D51714464FF0000E734671
:10153000F4461DE050F82E70FE184CEBE77751F89A
:101540002E304FEAE37803FB05FC02FB08CCA3FB3B
:101550000438C4449B194CEB070C23F0604640F858
:101560002E605B0F43EACC034FEA6C7C0EF1010E58
:10157000BEF1080FDEDD426A1A444262BDE8F08126
:1015800000230FE05A1C50F8221050F823C001EB42
:101590006C7140F8221050F8231021F0604140F89F
:1015A00023101346072BEDDD70472DE9F04700238C
:1015B0004BE050F82320DC1C50F824104FEA422C5A
:1015C0002CF0604C614440F824101C1D50F824108D
:1015D000C2F3085C614440F824109C1D50F82410AC
:1015E0004FEA824C2CF0604C614440F82410DC1D22
:1015F00050F82410C2F3D12C4FEA425E2EF0604E18
:10160000ACEB0E0C614440F8241003F1080C1106F9
:1016100021F06041C2F31424091B50F82C402144EE
:1016200040F82C1003F1090C50F82C10C2F357129B
:10163000114440F82C105A1C50F8221050F8233056
:1016400001EB637140F822101346072BB1DD036AEA
:10165000C26A590221F060410A44C262076BC3F3B7
:1016600003510F440763866B990421F060410E44D7
:101670008663C56BC3F3CC215C0524F06044091B71
:101680000D44C563046C190621F06041C3F30F2CAF
:10169000A1EB0C0104EB0109C0F84090416CC3F3CD
:1016A000521401EB0408C0F84480416A4C0124F054
:1016B000604404EB236AC0F800A0836A4FEA431C2D
:1016C0002CF0604C0CEB216444604FEA421E2EF07B
:1016D000604E0EEB236181604FEA471C2CF0604C9A
:1016E0000CEB2262C260D0F834C04FEA4C1E2EF0E0
:1016F000604E0EEB27630361770127F0604707EB2D
:101700002C6747614FEA451C2CF0604C0CEB2666B9
:1017100086614FEA491C2CF0604C0CEB2565C561D5
:101720004FEA481808EB2968C0F8208004EB6A7C6F
:10173000C0F804C02AF06044046001EB6C7EC0F87D
:1017400008E02CF06041416002EB6E7CC0F80CC0F8
:101750002EF06042826003EB6C7EC0F810E02CF04B
:101760006043C36007EB6E7747612EF0604EC0F8B0
:1017700010E006EB6776866127F0604CC0F814C075
:1017800005EB6675C56126F06049C0F8189008EB56
:101790006577076225F06045C5614FEA2768C8F1A3
:1017A000000828F06046A41B0460891B4160961B5A
:1017B0008660C8F30802A3EB020AC0F80CA008F484
:1017C0008023A9EB0302826108F0FF53EB1AC36187
:1017D00028F07F48A7EB0807076201EB64714160BE
:1017E00024F06044046006EB6176866021F060417D
:1017F00041600AEB6675C56026F0604686600EEBB8
:101800006574046125F06045C5600CEB647141614D
:1018100024F06044046102EB6172826121F0604156
:10182000416103EB6273C36122F06042826107EBA6
:101830006377076223F06043C361BDE8F08738B582
:1018400004461D46FFF7EEFC049A29462046FFF7A2
:10185000ACFE38BD70B5044615461E46FFF745FD83
:10186000324629462046FFF7A0FE70BD38B5044633
:101870001D46FFF7B5FD2046FFF782FE94F92310C1
:101880000139C917CB432A4621462046FFF733FECC
:101890002046FFF775FE38BD38B5044615460A46A2
:1018A000FFF79EFD2046FFF76BFE94F92330013BC6
:1018B000DB17DB432A4621462046FFF71CFE204665
:1018C000FFF75EFE38BD70B504460E4615460A4663
:1018D000FFF786FD2046FFF753FE94F92330013BC6
:1018E000DB17DB432A4621462046FFF704FE20464D
:1018F000FFF746FE324621462046FFF771FD20469F
:10190000FFF73EFE94F92330013BDB17DB432A4609
:1019100021462046FFF7EFFD2046FFF731FE70BD60
:101920004FF0000CBCF1080F0EDC10B552F82C4043
:101930001C4051F82CE0744440F82C400CF1010C90
:10194000BCF1080FF2DD10BD704738B504461D46E6
:10195000FFF759FD2046FFF713FE94F923302A467E
:1019600021462046FFF7DCFF2046FFF709FE38BD81
:101970000022072A15DC00B502F1010C51F82C30C9
:101980001B0723F0604351F822E003EB6E0340F89D
:1019900022306246072AEFDD0B6A5B1003625DF8B6
:1019A00004FB0B6A5B100362704710B504460B68BA
:1019B00043F30003FFF7B4FF2046FFF7E1FD2146A4
:1019C0002046FFF7D5FF10BD2DE9F04F85B0064644
:1019D0008846174602F1480900F1480500F1900BCE
:1019E000884203D0D1F8D830C0F8D83008F190033D
:1019F00019463D4C0123224603913846FFF72AFF42
:101A000008F1480318464FF0010ACDF800A023461C
:101A1000039A039001465846FFF711FF22465946A4
:101A20005846FFF739FF23463A4641464846FFF7F6
:101A30008CFF23463A4641463846FFF717FFCDF85C
:101A400000A023464A4639464846FFF7F8FE22469C
:101A500049463846FFF737FF224603992846FFF7E5
:101A60001BFF5346224629462846FFF7F3FE5346FE
:101A7000224629464846FFF7EDFE2246494648469B
:101A8000FFF793FFCDF800A023464246294628469B
:101A9000FFF7D5FE5346224639463046FFF7DAFEB9
:101AA00023462A4631463046FFF74FFF23462A4653
:101AB00031463046FFF749FF23463246294628463D
:101AC000FFF743FFCDF800A023463A4629462846B3
:101AD000FFF7B5FE23464A4629462846FFF735FF5D
:101AE00005B0BDE8F08F00BF84F9040810B40368A6
:101AF0000A68534042684C686240134382688C68AD
:101B000062401343C268CC686240134302690C69A7
:101B10006240134342694C696240134382698C6995
:101B200062401343C269CC6962401343026A096A86
:101B30004A4043EA0200B0FA80F0400910BC704706
:101B400003684268134382681343C26813430269FF
:101B500013434269134382691343C2691343006A02
:101B60001843B0FA80F04009704700002DE9F04FAB
:101B700089B083460D461646984603F1480703F19F
:101B80009009D833039308F5907ACDF814A008F59E
:101B9000B472049206F190021046974C012322463B
:101BA000069001463846FFF755FE4FF0010ACDF882
:101BB00000A02346069A39460398FFF740FECDF869
:101BC00000A023462A4639463846FFF738FE05F17D
:101BD00090039C4653462246CDF81CC061464846B9
:101BE000FFF738FECDF800A02346079A494605982E
:101BF000FFF725FECDF800A0234632464946484669
:101C0000FFF71DFECDF800A0234605F14802039919
:101C10000846FFF714FECDF800A0234606F148025F
:101C2000DDF814A051465046FFF709FED5F8D8302C
:101C3000D6F8D8201343DC4339464846FFF756FF11
:101C4000044003995046FFF751FF044007D0424635
:101C500029465846FFF7B8FE09B0BDE8F08FDFF817
:101C600098A153463A4649464846FFF76EFE53460A
:101C7000039A05990846FFF768FE01235246494634
:101C80000498FFF7E7FD012300935346049A394671
:101C90003846FFF7D4FD0123009353464A46049982
:101CA0000846FFF7CCFD0123009353464A460799A7
:101CB0004846FFF7C4FD012300935346069A494660
:101CC0004846FFF7BCFD0123524605994046FFF701
:101CD000C1FD5346049A41464046FFF736FE0123B4
:101CE00000935346039A04990846FFF7A8FD52460D
:101CF00039460398FFF7D0FD5346039A41464046C4
:101D0000FFF723FE5346424639463846FFF71DFE8D
:101D1000012300935346059A39463846FFF78FFD55
:101D20005346049A39463846FFF70FFED6F8D820B6
:101D3000D5F8D830002B14BF002102F00101494230
:101D4000002A14BF002003F00100404241EA000CC9
:101D50006FEA0C0C1A40A246A6460FE055F82A304E
:101D60000B4056F82A400440234358F82A4004EA1E
:101D70000C0423434BF82A300AF1010ABAF1080F88
:101D8000ECDDF04614E008F1120455F824300B4065
:101D900056F824A00AEA000A43EA0A0357F828A0E2
:101DA0000AEA0C0A43EA0A034BF8243008F1010856
:101DB000B8F1080FE7DD744613E004F1240755F885
:101DC00027300B4056F827E00EEA000E43EA0E03D8
:101DD00059F824E00EEA0C0E43EA0E034BF82730C4
:101DE0000134082CE9DDDBF890301343CBF8903058
:101DF000CBF8D82030E700BF84F9040808B50268A2
:101E000001320260FFF7BCFB08BD70B54FF0000C5B
:101E1000C0F800C003F1FF3E644602E008340EF152
:101E2000FF3EBEF1000F1BDB50F82C3012F80E50B5
:101E3000A5402B4340F82C30142CEFD923F06043FD
:101E400040F82C30C4F11D060CF101038B4207DA77
:101E500012F80E50354140F82350153C9C46DEE701
:101E60000CF1010C04E0002340F82C300CF1010CC3
:101E70008C45F8DB70BD30B500230FE05A1C50F8DC
:101E8000224050F8235004EB657440F8224050F88B
:101E9000234024F0604440F823401346072BEDDD37
:101EA0000024CC7722461F2308E0C2F12502002B34
:101EB00001DB0025CD5402B101330134082C1EDCB6
:101EC000002B1CDBCD5C00EB840E50F824C00CFA18
:101ED00002FC5FFA8CFC45EA0C0C01F803C0C2F16D
:101EE0000802013B0BD41C2ADFDCDEF8005045FA67
:101EF00002FC01F803C00832013BF4D5D5E730BD40
:101F00004FF0000CBCF1070F18DC30B551F82C3045
:101F100013410CF10104C2F11D0E51F8245005FAD1
:101F20000EFE43EA0E0323F0604340F82C30A44633
:101F3000072CEBDD0B6A1341036230BD0B6A1341C2
:101F4000036270472DE9F041D61715464FF0000E99
:101F50007446774618E051F82E304FEAE37803FBD9
:101F600006FC02FB08CCA3FB0538C4441B194CEB50
:101F7000070C23F0604440F82E405C0F44EACC0488
:101F80004FEA6C770EF1010EBEF1080FE3DD4462FB
:101F9000BDE8F08130B54B6CC2F11D052B41836467
:101FA0004FF0110C11E051F82C3093400CF18044AB
:101FB000013C51F8244044FA05FE43EA0E0323F0A5
:101FC000604340F82C300CF1FF3CBCF1000FEADC20
:101FD0000B68934023F06043036030BDF0B583B0DD
:101FE00007460E4615460B462031D3F800E0D3F8DD
:101FF00004C09C68D868C2F800E0C2F804C09460CD
:10200000D060103310328B42EFD11B681360FE2476
:102010000AE05B11194A52F8232004F01F01012342
:102020008B401A420ED1013C002C14DB0123144AD0
:1020300029462846FFF70EFC2346002CE9DA04F176
:102040001F03E6E7012300930D4B3246294628463D
:10205000FFF7F5FBE7E72B4620351C6858689968C1
:10206000DA683C607860B960FA6010331037AB42D0
:10207000F3D11B683B6003B0F0BD00BFF8F7040864
:1020800084F90408F8B504460E46174613460A4676
:102090000146FFF76BFD04F190052846FFF750FD60
:1020A00010B32046FFF74CFD20B104F14800FFF7C4
:1020B00047FDD0B9002323606360A360E360236120
:1020C0006361A361E36123620B4E2C4606F1200796
:1020D00035460FCD20606160A260E3602E4610346B
:1020E000BD42F5D128682060F8BD3A463146204609
:1020F000FFF76AFCF8E700BF60F904082DE9F04F2C
:1021000083B005460F461E4640F28C40F9F7D6FFD5
:102110000446002800F0BD8000F5117900F55A7BD7
:102120004FF4006239465846FDF797FE4FF40062BF
:1021300029462046FEF77FF8D4F880340093D4F87F
:102140003822D4F8343202EB6372C4F8382223F018
:102150006043C4F83432472701964AE007F1470646
:1021600007F180454635009A54F8251054F82600AA
:10217000FEF7C1F8024659464846FDF76EFE04EBED
:1021800087084A4641464046FDF705FB4046FEF7B4
:102190003DF854F8263054F8252003EB627344F8D8
:1021A000263054F8251021F0604144F8251054F8E9
:1021B00026A0009A4942CAF10000FEF79CF8A0EB65
:1021C0000A0259464846FDF748FE4A4641464046FF
:1021D000FDF7CDFA54F8263054F8252003EB62734E
:1021E00044F8263054F8253023F0604344F8253075
:1021F000013F002FB2DA019ED4F81831D4F814212F
:1022000003EB6273C4F8183122F06042C4F8142161
:10221000009AD21AD20F59464846FDF71EFE4A468A
:1022200021462046FDF7B7FA4FF41072214630469A
:10223000CEF756FC00230FE05A1C56F8221056F831
:10224000230001EB607146F8221056F8231021F0AC
:10225000604146F823101346452BEDDDD6F81831C2
:10226000DB175A4631463046FEF711F83046FDF787
:10227000CDFF0B2231463046FEF71DF80025C6F88B
:102280001C5114B12046F9F725FF284603B0BDE8DC
:10229000F08F6FF07C05F4E708B503460846114659
:1022A0000022FFF72BFF08BD2DE9F04F83B0054654
:1022B0000F461E464FF41370F9F700FF044600283E
:1022C00000F0C08000F5927900F5DC7B4FF48012BD
:1022D00039465846FDF75FFE4FF4801229462046E6
:1022E000FDF7BBFDD4F844320093D4F82021D4F894
:1022F0001C3102EB6372C4F8202123F06043C4F860
:102300001C31242701964FE007F1240607F1804590
:102310002335009A54F8251054F82600FDF79BFE4B
:10232000024659464846FDF736FE04EB87084A4602
:1023300041464046FDF7DBFB4046FDF7EEF954F819
:102340002630D4F8B4219B1A44F8263054F82520BE
:1023500003EB627344F8263054F8251021F06041F5
:1023600044F8251054F826A0009A4942CAF100000A
:10237000FDF771FEA0EB0A0259464846FDF70BFE39
:102380004A4641464046FDF79FFB54F8263054F834
:10239000252003EB627344F8263054F8253023F0EF
:1023A000604344F82530013F002FADDA019ED4F898
:1023B0008C30D4F8882003EB6273C4F88C3022F0A0
:1023C0006042C4F88820009AD21AD20F5946484673
:1023D000FDF7E1FD4A4621462046FDF788FB4FF414
:1023E000907221463046CEF77BFB00230FE05A1C4B
:1023F00056F8221056F8230001EB607146F82210BF
:1024000056F8231021F0604146F823101346222B82
:10241000EDDDD6F88C30DB175A4631463046FDF7F5
:10242000E6FD3046FDF779F9142231463046FDF7D6
:10243000F2FD002514B12046F9F74CFE284603B002
:10244000BDE8F08F6FF07C05F4E708B50346084659
:1024500011460022FFF728FF08BD2DE9F04F83B099
:1024600005460F461E4640F2AC60F9F727FE0446CB
:10247000002800F0BE8000F5557900F5A06B04221D
:1024800039465846FEF761FA042229462046FEF7EF
:10249000F1FDD4F8A4360093D4F85023D4F84C338B
:1024A00002EB6372C4F8502323F06043C4F84C334A
:1024B0006A2701964FE007F16A0607F18045693502
:1024C000009A54F8251054F82600FEF747FE0246FD
:1024D00059464846FEF739FA04EB87084A46414612
:1024E0004046FEF741FD4046FEF777F854F82630A7
:1024F000D4F8FC249B1A44F8263054F8252003EB2A
:10250000627344F8263054F8251021F0604144F8F5
:10251000251054F826A0009A4942CAF10000FEF79F
:102520001DFEA0EB0A0259464846FEF70EFA4A463F
:1025300041464046FEF7DEFD54F8263054F825208B
:1025400003EB627344F8263054F8253023F06043DF
:1025500044F82530013F002FADDA019ED4F8A431B4
:10256000D4F8A02103EB6273C4F8A43122F06042D6
:10257000C4F8A021009AD21AD20F59464846FEF755
:10258000E4F94A4621462046FEF7EEFC4FF4547229
:1025900021463046CEF7A4FA00230FE05A1C56F825
:1025A000221056F8230001EB607146F8221056F80D
:1025B000231021F0604146F823101346682BEDDD0F
:1025C000D6F8A431DB175A4631463046FEF77EFD79
:1025D0003046FEF702F8022231463046FEF79EFDF5
:1025E000002514B12046F9F775FD284603B0BDE873
:1025F000F08F6FF07C05F4E708B5034608461146F6
:102600000022FFF72AFF08BD2DE9F04F83B00546F1
:102610000F461E464FF45770F9F750FD0446002848
:1026200000F0BE8000F5D67900F5217B0222394604
:102630005846FEF7C1FB022229462046FEF785F9DF
:10264000D4F854330093D4F8A821D4F8A43102EB81
:102650006372C4F8A82123F06043C4F8A43135277D
:1026600001964FE007F1350607F180453435009AB1
:1026700054F8251054F82600FEF712FC024659467D
:102680004846FEF799FB04EB87084A464146404618
:10269000FEF787F94046FDF78BFF54F82630D4F853
:1026A00080229B1A44F8263054F8252003EB6273ED
:1026B00044F8263054F8251021F0604144F82510E4
:1026C00054F826A0009A4942CAF10000FEF7E8FB40
:1026D000A0EB0A0259464846FEF76EFB4A464146C1
:1026E0004046FEF7A9FB54F8263054F8252003EBAA
:1026F000627344F8263054F8253023F0604344F8E0
:102700002530013F002FADDA019ED4F8D030D4F847
:10271000CC2003EB6273C4F8D03022F06042C4F8DE
:10272000CC20009AD21AD20F59464846FEF744FBF5
:102730004A4621462046FEF734F94FF4D47221462A
:102740003046CEF7CDF90023332B10DC5A1C56F857
:10275000221056F8230001EB607146F8221056F85B
:10276000231021F0604146F823101346ECE7D6F819
:10277000D030DB175A4631463046FEF749FB30462B
:10278000FDF716FF012231463046FEF769FB0025B2
:1027900014B12046F9F79EFC284603B0BDE8F08F3F
:1027A0006FF07C05F4E708B50346084611460022A1
:1027B000FFF72AFF08BD2DE9F04F8FB00546884688
:1027C0008020F9F77BFC002800F077820346D8F8D8
:1027D0000020D11702644164D8F8041042EA417124
:1027E000CA178A460164426400244464D8F804206D
:1027F000D010D2179864DA64D8F8082040EA8260D2
:10280000C2179864DA64DC64D8F808209111D217F2
:1028100019655A65D8F80C2041EAC25E4FEAEE729B
:10282000C3F850E05A655C65D8F80C104A12C91715
:102830009A65D965D8F8101042EA0152D1179A6505
:10284000D965DC65D8F810100E13C9171E665966D5
:10285000D8F8141046EA414C4FEAEC71C3F860C056
:1028600059665C66D8F81410CF13C9179F66D966ED
:10287000D8F8181047EA8137F9179F66D966DC66E1
:10288000D8F818108E14C9171E675967D8F81C108D
:1028900046EAC126F1171E6759675C67D8F81C1015
:1028A0004FEA6159C917C3F87890D967D8F8201052
:1028B00049EA01214FEAE1789967C3F87C80DC6737
:1028C0001AEB000844EB0409B8EB020869F10009AF
:1028D000B8EB0C0869F10009B8EB070869F10009C9
:1028E000B8EB060869F10009CDF80480C3F8008050
:1028F000CDF80890C3F8049010EB0E0944EB0408DF
:10290000B9EB0C0968F10008B9EB070968F1000898
:10291000B9EB060968F10008B9EB010B68F1000892
:10292000CDF80CB0C3F808B0CDF81080C3F80C8017
:102930001EEB020944EB0408B9EB070968F1000833
:10294000B9EB060968F10008B9EB010968F1000B61
:10295000CDF81490C3F81090CDF818B0C3F814B0A7
:10296000CDF800A0DAF1000964EB0408B9EB000A25
:1029700068F1000B12EB020844EB0409CDF81CA02F
:102980001AEB0808CDF820B04BEB09091CEB0C0A38
:1029900044EB040B18EB0A0849EB0B0917EB08088A
:1029A00049F10009B8EB010869F10009CDF824806C
:1029B000C3F81880CDF82890C3F81C90404264EB0F
:1029C0000408B0EB0E0068F100081AEB000048EBB9
:1029D0000B0817EB070944EB040B10EB090048EB5D
:1029E0000B08301848F100080B901862CDF83080C1
:1029F000C3F82480DEF1000064EB040A801A6AF157
:102A0000000A19EB00084AEB0B0AB01944EB040B5F
:102A100018EB00084AEB0B0A11EB080B4AF100090E
:102A2000C3F828B0CDF83490C3F82C90DDF81CA082
:102A300017EB0A08DDF820A04AF1000916EB060A98
:102A400044EB040A80194AF1000618EB000049EB38
:102A5000060611EB010844EB040A10EB080946EBEB
:102A60000A06C3F830905E63DDF800A0BAEB0E00F2
:102A700064EB040E801A6EF1000EB0EB0C006EF1E8
:102A8000000EC21B6EF1000E481844EB040018EB58
:102A9000010840F1000012EB08024EEB00079A63B8
:102AA000DF63039802994018DDF810C04CEBE17128
:102AB00086469860D9605C6005984018DDF818C0BB
:102AC0004CEBE171009018615961DC600998401885
:102AD000DDF828C04CEBE1719861D9615C61DDF8EB
:102AE0002CC01CEB0108DDF830C04CEBE171C3F8E1
:102AF00020805962DC611BEB010ADDF834C04CEB2D
:102B0000E17CCDF808A0C3F828A0C3F82CC05C6213
:102B100019EB0C0146EBEC7619635E63DC629219EB
:102B200047EBE67B9A63C3F83CB05C634FEAEB7C0F
:102B3000DC63019E16EB0B0A4CF10009C3F800A000
:102B4000C3F80490B0EB0B006CEB4C079861DF61AD
:102B5000B1EB0B016CEB4C0619635E6312EB0B02DD
:102B60004CF1000C9A63C3F83CC04FEAE97B1EEBC2
:102B700009094BF1000BC3F80890C3F80CB05C6076
:102B80004FEAEB79DDF800E01EEB0B0B49F1000991
:102B9000C3F810B0C3F81490DC6010EB090047EBE9
:102BA000E9779861DF615C61F81718EB070840F17D
:102BB0000007C3F820805F62DC614FEAE77E02987D
:102BC000C7194EF100009F62D8625C62091846EB9B
:102BD000E07619635E63DC6292194CEBE6769A63E9
:102BE000DE635C632AF060422A601A685968520FFB
:102BF00042EAC1026A60996842EAC1026A6022F050
:102C000060426A609A68D968920E42EA8112AA60AC
:102C1000196942EA8112AA6022F06042AA601A6928
:102C20005969D20D42EA4122EA60996942EA412299
:102C3000EA6022F06042EA609A69D969120D42EABC
:102C400001322A61196A42EA01322A6122F06042A5
:102C50002A611A6A596A520C42EAC1326A61996A57
:102C600042EAC1326A6122F060426A619A6AD96AB4
:102C7000920B42EA8142AA61196B42EA8142AA613F
:102C800022F06042AA611A6B596BD20A42EA4152A1
:102C9000EA61996B42EA4152EA6122F06042EA61DC
:102CA0009A6BD96B120A42EA01622A621846F9F756
:102CB00011FA20460FB0BDE8F08F6FF07C00F9E705
:102CC0002DE9F84F05460E469A469C20F9F7F6F98D
:102CD0000446002852D000F14C0900F1740820226B
:102CE00031464046FFF72EF9052229462046FFF7D8
:102CF00051F9A26C636C02EB6372A26423F060432F
:102D00006364082528E005F1090B54F82B2041469F
:102D10004846FFF717F904EB85074A463946384617
:102D2000FEF771FB54F82B30226F9B1A44F82B30BE
:102D30006E1C04EB86063046FEF722FC54F82B305E
:102D4000013BDB17DB43424639463846FEF7D3FBEF
:102D50003046FEF715FC013D002DD4DA2046FEF783
:102D60000FFC052221465046FFF7CAF8002514B192
:102D70002046F9F7AFF92846BDE8F88F6FF07C05DB
:102D8000F5E708B50346084611460022FFF798FF0D
:102D900008BD10B50C46D1F818219114D4F81C3197
:102DA0004FEA635EDB025B184EEBE27E4FF0000CF5
:102DB00011E023F0604240F82C205B0F43EACE0381
:102DC0000CF1480254F822205115D202D31841EBDD
:102DD0006E7E0CF1010CBCF1450FEADDC0F8183134
:102DE0004FF48E720021104407F00AFA10BDF8B5B6
:102DF00005460E46174600F58E70FCF7A3FC00242E
:102E000014E055F8242007FB02F222F0604231461C
:102E100005EB8400FDF7C8F9631C55F8230055F84D
:102E2000242000EB627045F823001C46452CE8DDA9
:102E300055F8243007FB03F3C3F31102314605EBC9
:102E40008400FDF7B1F9621C55F8223055F82410C2
:102E500003EB617345F8223055F8243023F06043CA
:102E600045F8243029462846FFF793FFD5F8183156
:102E7000D6F818219B1A013BDB17DB433246294663
:102E80002846FDF77CF92846FCF75CFCF8BD70B5D8
:102E9000044615461E46FCF73AFD324629462046B2
:102EA000FFF7A5FF70BD38B504461D46FCF787FC4B
:102EB000049A29462046FFF79AFF38BD10B50C4604
:102EC000D1F88C205112D4F890304FEA233E1B05E4
:102ED0005B184EEBE27E4FF0000C11E023F06042F5
:102EE00040F82C205B0F43EACE030CF1250254F886
:102EF000222011131205D31841EB6E7E0CF1010C48
:102F0000BCF1220FEADDC0F88C3090220021104481
:102F100007F076F910BDF8B505460E461746903015
:102F2000FCF7FBFB002414E055F8242007FB02F219
:102F300022F06042314605EB8400FCF7FAFF631C87
:102F400055F8230055F8242000EB627045F8230063
:102F50001C46222CE8DD55F8242007FB02F2C2F3C0
:102F60000802314605EB8400FCF7E3FF621C55F8CC
:102F7000223055F8241003EB617345F8223055F8E0
:102F8000243023F0604345F8243029462846FFF7D3
:102F900095FFD5F88C30D6F88C209B1A013BDB17B7
:102FA000DB43324629462846FCF7AEFF2846FCF7AD
:102FB000B4FBF8BD38B504461D46FCF7ABFD049ADA
:102FC00029462046FFF7A7FF38BD70B504461546D1
:102FD0001E46FCF747FE324629462046FFF79BFF78
:102FE00070BD00002DE9F04F8BB00292159D0022BC
:102FF00007920892099201220692002B00F0BD80F0
:10300000814688461F464FF45870F9F757F8044632
:10301000002800F0B68000260EE006EBC60004EBA8
:1030200040100AAB03EB860343F80C0C4FF490728C
:10303000002107F0E5F80136022EEEDD06A914980E
:10304000FCF7EDFE14992046FCF733FF75B1149A96
:1030500041460898FFF7F9F905466DB114B12046CD
:10306000F9F738F828460BB0BDE8F08F90224146BA
:103070000898CDF735FDF0E7DDF820B02246594637
:103080005846FCF747FD149A59465846FFF7DDF9B4
:1030900005460028E2D13C4A82FB07323A44FB173E
:1030A000C3EB2213C3EBC30203EB8202BF1A03F18B
:1030B000FF3A029A52F82320C7F11D0302FA03F8DF
:1030C00003940490CDF814902FE0C8F3007686F0B6
:1030D00001094FEA4808079C0AAB03EB890353F840
:1030E0000C0C069B0093149B5A462146FFF762FF87
:1030F000099D264B53F82920144053F826300BEA3B
:1031000003031C444FF49076324621462846CDF7FF
:10311000E7FC069B149A29462846FFF756FF3246DD
:1031200029462046CDF7DCFC013F002FCDD1BAF176
:10313000FF3F06D0029B53F82A800AF1FF3A1D2771
:10314000C3E7039C049DDDF81490079E069A14992A
:103150003046FFF7E0FE14993046FCF7C2FEC31775
:10316000DB43149A31463046FCF7CEFE4FF49072A2
:1031700031464846CDF7B4FC70E76FF06105002496
:103180006CE76FF07C0569E709CB3D8DA8F9040871
:103190002DE9F04F8BB00292159D00220792089204
:1031A000099201220692002B00F0BE8081468846DB
:1031B0001F464FF4D860F8F781FF0446002800F05E
:1031C000B78000260EE006EBC60004EB80100AABC9
:1031D00003EB860343F80C0C4FF41072002107F048
:1031E0000FF80136022EEEDD06A91498FCF717FE43
:1031F00014992046FCF794FF75B1149A414608983B
:10320000FFF74AF8054675B114B12046F8F762FF9A
:1032100028460BB0BDE8F08F4FF4907241460898F5
:10322000CDF75EFCEFE7DDF820B022465946584660
:10323000FCF7C5FA149A59465846FFF72DF805468B
:103240000028E1D13C4A82FB07323A44FB17C3EB2A
:103250002213C3EBC30203EB8202BF1A03F1FF3A4E
:10326000029A52F82320C7F11D0302FA03F80394CF
:103270000490CDF814902FE0C8F3007686F0010991
:103280004FEA4808079C0AAB03EB890353F80C0C80
:10329000069B0093149B5A462146FFF704FE099DA6
:1032A000264B53F82920144053F826300BEA030329
:1032B0001C444FF41076324621462846CDF710FCC8
:1032C000069B149A29462846FFF7E1FD3246294617
:1032D0002046CDF705FC013F002FCDD1BAF1FF3FCD
:1032E00006D0029B53F82A800AF1FF3A1D27C3E754
:1032F000039C049DDDF81490079E069A14993046AD
:10330000FFF775FD14993046FCF726FFC317DB4322
:10331000149A31463046FCF732FF4FF410723146B2
:103320004846CDF7DDFB6FE76FF0610500246BE7E2
:103330006FF07C0568E700BF09CB3D8DA8F9040854
:103340002DE9F04F85B001911D4601230393002A1A
:1033500000F0EA80044616464FF45970F8F7AEFEC6
:103360008346002800F0E58000F5107A4FF459728A
:10337000002106F045FF03A92846FCF750FD294629
:103380005846FCF7CDFEF31C39D423F0030303F1B8
:103390001C01694A82FB016008444FEAE179C9EBEC
:1033A000201909F1FF3182FB03021A44DE17C6EB34
:1033B0002216C6EBC60206EB82029E1A00D11D261B
:1033C00047291EDCA9F10209019B53F82120C6F10F
:1033D00020039A40032E09DC019B53F82930C6F1E3
:1033E00003018B401A431D3609F1FF394FEA0218D9
:1033F000043E120F59462046FCF7E1FF67E0033315
:10340000C3E7A9F102090022E4E7019B53F8293040
:10341000DB00C6F1040206F11C0143FA01F10127A9
:103420009740013FFFB20F4047EA187703FA02F8CE
:10343000193609F1FF3906E0032E5ADD4FEA1877F5
:103440004FEA0818043E039B2A4621462046FFF710
:103450001EFD039B2A4621462046FFF718FD039BCD
:103460002A4621462046FFF712FD039B2A462146A5
:103470002046FFF70CFD3A4621462046FCF79FFF09
:10348000D4F81C21D4F818319B1403EBC2225946FE
:103490005046FCF7E2FC0023C4F81C31D4F8183184
:1034A000C3F31103C4F81831524621462046FCF7F5
:1034B0005EF92046FCF746F929462046FCF74CFE0B
:1034C000C317DB432A4621462046FCF758FEB9F1D4
:1034D000000FB1DB032EB1DC002E96D1019B53F817
:1034E0002930C3F343674FEAC31809F1FF3919269E
:1034F000A9E7039A29462046FFF779FC294620468A
:10350000FCF72AFEC317DB432A4621462046FCF778
:1035100036FE0024BBF1000F02D05846F8F7DAFD62
:10352000204605B0BDE8F08F6FF061044FF0000B4E
:10353000F0E76FF07C04EDE709CB3D8D10B50C464C
:10354000D1F8A421D116D4F8A8314FEAA37E9B006C
:103550005B184EEBE27E4FF0000C11E023F060426E
:1035600040F82C205B0F43EACE030CF16B0254F8B9
:10357000222091179200D31841EB6E7E0CF1010CC2
:10358000BCF1680FEADDC0F8A4314FF4D472002119
:10359000104406F035FE10BDF8B505460E46174638
:1035A00000F5D470FDF719F8002414E055F8242034
:1035B00007FB02F222F06042314605EB8400FDF782
:1035C00027FD631C55F8230055F8242000EB62709A
:1035D00045F823001C46682CE8DD55F8243007FB2D
:1035E00003F323F07842314605EB8400FDF710FD2C
:1035F000621C55F8223055F8241003EB617345F82E
:10360000223055F8243023F0604345F82430294611
:103610002846FFF793FFD5F8A431D6F8A4219B1ACA
:10362000013BDB17DB43324629462846FDF7DBFC2E
:103630002846FCF7D2FFF8BD70B5044615461E4675
:10364000FDF788F8324629462046FFF7A5FF70BDF2
:1036500038B504461D46FCF7D5FF049A2946204696
:10366000FFF79AFF38BD10B50C46D1F8D0104FEADD
:10367000217CD4F8D420D31792185B4112EB0C02B2
:1036800043EBE1714FF0000C14E022F0604340F88E
:103690002C30520F42EAC1020CF1360354F82330A9
:1036A0004FEAE37EDB184EEB0E0E9A184EEB61717B
:1036B0000CF1010CBCF1330FE7DDC0F8D020D422AF
:1036C0000021104406F09CFD10BDF8B505460E46DD
:1036D0001746D430FCF76CFF002414E055F8242082
:1036E00007FB02F222F06042314605EB8400FDF751
:1036F000ACF9631C55F8230055F8242000EB6270E8
:1037000045F823001C46332CE8DD55F8242007FB40
:1037100002F222F07042314605EB8400FDF795F984
:10372000621C55F8223055F8241003EB617345F8FC
:10373000223055F8243023F0604345F824302946E0
:103740002846FFF790FFD5F8D030D6F8D0209B1A46
:10375000013BDB17DB43324629462846FDF760F97B
:103760002846FCF725FFF8BD38B504461D46FDF791
:103770009EF9049A29462046FFF7A7FF38BD70B589
:10378000044615461E46FDF73AFA324629462046BB
:10379000FFF79BFF70BD00002DE9F04F8BB0029248
:1037A000159D002207920892099201220692002B91
:1037B00000F0BB80814688461F464FF49F60F8F7B3
:1037C0007DFC0446002800F0B48000260CE04FF495
:1037D000D47202FB06400AAB03EB860343F80C0CE1
:1037E000002106F00DFD0136022EF0DD06A9149829
:1037F000FDF78DF814992046FDF7E7F875B1149A96
:1038000041460898FEF7CFFF05466DB114B120463A
:10381000F8F760FC28460BB0BDE8F08FD422414693
:103820000898CDF75DF9F0E7DDF820B0224659465B
:103830005846FDF73CF9149A59465846FEF7B3FF2F
:1038400005460028E2D13C4A82FB07323A44FB1786
:10385000C3EB2213C3EBC30203EB8202BF1A03F1D3
:10386000FF3A029A52F82320C7F11D0302FA03F827
:1038700003940490CDF814902FE0C8F3007686F0FE
:1038800001094FEA4808079C0AAB03EB890353F888
:103890000C0C069B0093149B5A462146FFF764FFCD
:1038A000099D264B53F82920144053F826300BEA83
:1038B00003031C444FF4D476324621462846CDF704
:1038C0000FF9069B149A29462846FFF758FF3246FF
:1038D00029462046CDF704F9013F002FCDD1BAF19A
:1038E000FF3F06D0029B53F82A800AF1FF3A1D27BA
:1038F000C3E7039C049DDDF81490079E069A149973
:103900003046FFF7E2FE14993046FDF776F8C3170C
:10391000DB43149A31463046FDF782F84FF4D472F7
:1039200031464846CDF7DCF870E76FF061050024BA
:103930006CE76FF07C0569E709CB3D8DA8F90408B9
:103940002DE9F04F8BB00292159D0022079208924C
:10395000099201220692002B00F0BC808146884625
:103960001F464FF41F60F8F7A9FB0446002800F03B
:10397000B58000260CE04FF4547202FB06400AABFF
:1039800003EB860343F80C0C002106F039FC0136EA
:10399000022EF0DD06A91498FCF7B9FF1499204611
:1039A000FDF7F6FA75B1149A41460898FEF724FE21
:1039B000054675B114B12046F8F78CFB28460BB0CC
:1039C000BDE8F08F4FF4D47241460898CDF788F8DF
:1039D000EFE7DDF820B0224659465846FCF712FEC4
:1039E000149A59465846FEF707FE05460028E1D1CD
:1039F0003C4A82FB07323A44FB17C3EB2213C3EB6A
:103A0000C30203EB8202BF1A03F1FF3A029A52F893
:103A10002320C7F11D0302FA03F803940490CDF8A4
:103A200014902FE0C8F3007686F001094FEA4808A9
:103A3000079C0AAB03EB890353F80C0C069B00931D
:103A4000149B5A462146FFF703FE099D264B53F867
:103A50002920144053F826300BEA03031C444FF48A
:103A60005476324621462846CDF73AF8069B149AFA
:103A700029462846FFF7E0FD324629462046CDF785
:103A80002FF8013F002FCDD1BAF1FF3F06D0029BA6
:103A900053F82A800AF1FF3A1D27C3E7039C049DCF
:103AA000DDF81490079E069A14993046FFF774FDCE
:103AB00014993046FDF784FAC317DB43149A314654
:103AC0003046FDF790FA4FF4547231464846CDF730
:103AD00007F86FE76FF0610500246BE76FF07C0576
:103AE00068E700BF09CB3D8DA8F904082DE9F04136
:103AF00004460D4648263246002106F081FB04EBC1
:103B0000060832460021404606F07AFB04F1900791
:103B100032460021384606F073FB2A46092120462A
:103B2000FDF784FC05F5427209214046FDF77EFC55
:103B300005F5C26209213846FDF778FC0023C4F878
:103B4000D830BDE8F08100002DE9F04782B004468E
:103B50008946164602F14808424690313046FEF743
:103B60003DFA2F4D01232A4631464046FDF772FEAD
:103B7000012700972B46324641463046FDF75FFE4F
:103B800000972B46424649462046FDF758FE4FF027
:103B9000240A52460021A01806F032FB3A46294674
:103BA0002046FDF702FD29462046FDF791FC6FEA0D
:103BB00020732A4621462046FDF79DFC2046FDF74E
:103BC000DFFC04F1480800972B46324609F1480112
:103BD0004046FDF734FE5246002104F16C0006F029
:103BE0000FFB3A4629464046FDF7DFFC2946404692
:103BF000FDF76EFC6FEA20732A4641464046FDF70A
:103C00007AFC4046FDF7BCFC5246002104F19000CE
:103C100006F0F6FAC4F8907002B0BDE8F08700BF75
:103C200084F904082DE9F04F87B003900E46019205
:103C30009B464FF42570F8F741FA0446002800F03F
:103C40008D804FF4D870F8F739FA0546002800F057
:103C500089804FF425720021204606F0D1FA012315
:103C6000C4F8D8304F4A314604F1DC00FEF7A3FD1A
:103C7000804630B1002D00F082802B464FF4D87280
:103C800077E0484A06F1480104F59270FEF793FD8B
:103C900080460028EED1434A06F1900104F5B67043
:103CA000FEF789FD80460028E4D1019B1B6A4FEA9C
:103CB00043194FF0180A072702950490CDF814B065
:103CC000BB4657462AE0C9F3007686F0010A4FEA60
:103CD00049094FF0DC0804EB0805029B2A462146FF
:103CE00008FB0A40FDF742FF04F5DC702E4B53F849
:103CF0002A20224053F826302B40D5184246294628
:103D00000646CCF7EDFE029A31463046FDF75CFEE2
:103D1000424631462846CCF7E3FE013F002FD2D180
:103D2000BBF1FF3F06D0019B53F82B900BF1FF3BFB
:103D30001D27C8E7029DDDF81080DDF814B0BBF147
:103D4000000F05D02A4621460398FFF7FDFE91E7B4
:103D5000DC2221460398CCF7C3FE8BE705466FF0C3
:103D60007C0887E76FF07C0884E7002203F8012BCA
:103D70000A46511E002AF8D12846F8F7ABF96CB173
:103D800023464FF4257203E0002203F8012B0A4674
:103D9000511E002AF8D12046F8F79CF9404607B09A
:103DA000BDE8F08F84F90408A8F9040800B583B0D1
:103DB000DDF810C0CDF804C0009313460A4603494D
:103DC000FFF730FF03B05DF804FB00BF18F80408EC
:103DD00010B50A6A14164B6A4FEAE36E5B011B19B1
:103DE0004EEBE27E4FF0000C11E023F0604240F811
:103DF0002C205B0F43EACE030CF10A0251F822207B
:103E0000D4165201D31844EB6E7E0CF1010CBCF1B8
:103E1000070FEADD036224220021104406F0F0F9C6
:103E200010BDF8B504460E4617462430FDF7A8FB32
:103E3000002514E054F8252007FB02F222F060422E
:103E4000314604EB8500FDF76CFB6B1C54F8230036
:103E500054F8252000EB627044F823001D46072D1E
:103E6000E8DD54F8252007FB02F222F07F423146BC
:103E700004EB8500FDF755FB6A1C54F8223054F81A
:103E8000251003EB617344F8223054F8253023F0F9
:103E9000604344F8253021462046FFF799FF94F906
:103EA0002330013BDB17DB43324621462046FDF73A
:103EB00022FB2046FDF764FBF8BD000010B5044668
:103EC000FDF713FA024A03492046FFF7AAFF10BD87
:103ED0004FBC000E3CF9040810B50446FDF7A2F9EA
:103EE000024A03492046FFF79CFF10BD4FBC000E5D
:103EF0003CF90408F8B507460E4615460B46203136
:103F0000D3F800E0D3F804C09C68D868C2F800E099
:103F1000C2F804C09460D060103310328B42EFD1ED
:103F20001B681360FE240AE05B11164A52F8232036
:103F300004F01F0101238B401A420CD1013C002CDC
:103F40000FDB29462846FFF7B9FF2346002CEBDAA2
:103F500004F11F03E8E7324629462846FFF7BCFF75
:103F6000ECE72B4620351C6858689968DA683C6095
:103F70007860B960FA6010331037AB42F3D11B6838
:103F80003B60F8BDD8F704082DE9F04106460F461E
:103F900014461D46284A21462046FDF743F9274A84
:103FA00021462046FEF7EDFE804610B14046BDE8B2
:103FB000F0812046FDF7E4FA079A21462046FFF7F4
:103FC00099FF2046FDF7DCFA3A4629462846FDF7D8
:103FD00029F91A4A29462846FEF7D3FE80460028CA
:103FE000E4D12846FDF7CCFA2A4606993046FDF77B
:103FF000F7F9124D43422A4631463046FDF77BFA27
:104000003046FDF7BDFA29463046FDF761FAC34355
:10401000DB0F5B422A4631463046FDF76CFA3046EC
:10402000FDF7AEFA224631463046FFF755FF3046DF
:10403000FDF7A6FABAE700BFF4F804083CF9040853
:104040002DE9F04182B00746884614461D46294AAC
:1040500021462046FDF7E6F8274A21462046FEF78E
:1040600090FE064620B156B3304602B0BDE8F0815E
:104070002046FDF785FA099A21462046FFF73AFFC8
:10408000224629462846FFF727FF22460899084678
:10409000FFF722FF0A9B009300231A462946384661
:1040A000FFF784FE06460028DED107F19000FDF7F9
:1040B00047FD0028D7D00123C7F8D830D3E70A9BA3
:1040C000019300230093089A41464046FFF7AAFD5A
:1040D00006460028C8D108F19000FDF731FD10B167
:1040E0000123C8F8D830099A41463846FDF7CAFF7F
:1040F000BAE700BFF4F804083CF9040870B50546B7
:104100000C464021204602F0F1F880BB0346606077
:104110000246064601E01D320133462B1ADC04EB51
:10412000860EDEF8041055F823C00CFA02FC41EAB2
:104130000C01CEF80410022AEDDDC2F1200C55F876
:104140002310013641FA0CF104EB860CCCF8041074
:10415000033AE1E7402323803F23002B05DB04EBF8
:10416000830252680AB9013BF7E70133238070BD2F
:1041700070B505460C466021204602F0B7F880BBBA
:10418000034660600246064601E01D320133692B9A
:104190001ADC04EB860EDEF8041055F823C00CFA86
:1041A00002FC41EA0C01CEF80410022AEDDDC2F156
:1041B000200C55F82310013641FA0CF104EB860C63
:1041C000CCF80410033AE1E7602323805F23002B3F
:1041D00005DB04EB830252680AB9013BF7E70133C0
:1041E000238070BDF8B506460D460821284602F02A
:1041F0007DF858BB034668600246844601E01D32E4
:104200000133082B15DC05EB8C0156F82340944054
:104210004F683C434C60022AF1DDC2F1200456F89D
:1042200023100CF1010C214105EB8C046160033A71
:10423000E6E708232B800723002B05DB05EB830231
:1042400052680AB9013BF7E701332B80F8BD38B556
:1042500004460D46FFF7C6FF00B138BD05F54271B3
:1042600004F14800FFF7BEFF0028F6D105F5C26152
:1042700004F19000FFF7B6FFEFE7000070B588B0DB
:1042800005460E4600E0B4B9202269462846F9F7F3
:1042900004F804460028F6D120236A460921304656
:1042A000FDF7B3FD05493046FDF712F90028EADCB9
:1042B0003046FDF7A3FD204608B070BD18F904088C
:1042C0002DE9F04F85B01C46DDF83CA00023039398
:1042D000DAF80030FF2B40F2B38083460F461546D4
:1042E000104602F0CAF8402800F3AF80B7F5807F8F
:1042F00000F2B080204602F0C0F8B0F5006F40F048
:10430000AE80238823B1636813F0010F00F0AC8006
:104310004FF4B460F7F7D2FE8046002800F0A98081
:1043200000F5107600F590693B465A464821FBF7A8
:1043300024F969680B4600222888012800D9AA6858
:104340001F461546134300F09780224648214846F1
:10435000FBF749F903A94846FBF761FD494630469A
:10436000FBF7DEFE324641464046FBF728FA4A4656
:1043700041464046FDF790FF8346002856D13F2432
:10438000002C11DBC4F12001A4F1200227FA04F370
:1043900005FA01F10B4325FA02F2134325FA04F260
:1043A000134301D1013CEBE74FF410724146304614
:1043B000CCF796FB013C00E0013C002C1DDB039B8D
:1043C0004A4631463046FEF762FDC4F12001A4F1B1
:1043D000200227FA04F305FA01F10B4325FA02F251
:1043E000134313F0010FE7D0039B00934B46424663
:1043F00031463046FEF757FDDEE7039A4946304620
:10440000FEF7F5FC49463046FBF7A6FE0390C017C1
:10441000C3434A4631463046FBF7B1FE0E9930465B
:10442000FBF733F94FF48073CAF80030B8F1000F8E
:1044300002D04046F7F74EFE584605B0BDE8F08F73
:104440006FF0700B4FF00008F0E76FF06E0B4FF05D
:104450000008EBE76FF06E0B4FF00008E6E76FF037
:104460006E0B4FF00008E1E76FF0610B4FF00008B2
:10447000DCE76FF07C0BD9E76FF06F0BD6E72DE927
:10448000F04F85B003901D46DDF838A0129C149BB8
:104490001B68FF2B40F2B9800E46B1F5807F00F219
:1044A000B880204601F0E9FFB0F5006F40F0B5801C
:1044B000238823B1636813F0010F00F0B2802B88CA
:1044C00023B16B6813F0010F00F0AF80BAF8003031
:1044D0002BB1DAF8043013F0010F00F0AA804FF48A
:1044E0009060F7F7EBFD0446002800F0A68000F589
:1044F000907700F5D87800F5107900F5587B3346B1
:10450000039A4821FBF739F82A4624213846FBF75D
:104510006AF80F9A24214046FBF765F801230193BE
:1045200000974FF48063424621464846FEF75AFD05
:10453000064630B1002C00F08D8023464FF4906287
:1045400082E0524624213846FBF74DF8109A242188
:104550004046FBF748F80123019300974FF480632E
:10456000424621465846FEF73DFD06460028E1D169
:104570002A4624213846FBF736F85A46494648462B
:10458000FBF7B5FA4846FBF7C8F8D9F88C30DB17CB
:104590003A4649464846FBF72AFDD9F88C30DB17E6
:1045A0003A4649464846FBF722FD4846FBF7B5F830
:1045B000119A24214046FBF716F8424649464846E0
:1045C000FBF7A8FA3A4649464846FDF73EFF06463D
:1045D0000028AFD1524624213846FBF704F84A465A
:1045E00039464846FBF796FA4A4659462046FBF7B5
:1045F000BEF82046FBF7A6F813992046FBF745F8CE
:104600004FF48073149A136094E76FF070060024DF
:1046100090E76FF06E0600248CE76FF06E060024C2
:1046200088E76FF06106002484E76FF061060024DC
:1046300080E76FF0610600247CE76FF07C0679E785
:10464000002203F8012B0A46511E002AF8D1204609
:10465000F7F740FD304605B0BDE8F08F2DE9F04793
:1046600082B081460D4690469A46084601F005FF05
:104670000446484601F001FFB0F5006F19DCB4F5BF
:10468000006F4ADC404601F0F8FEB0F5006F49D1FA
:10469000B8F8003023B1D8F8043013F0010F46D039
:1046A0004FF49060F7F70AFD0646002844D0002733
:1046B00002E000266FF06E073FB10024002E4BD0C1
:1046C000002C46D04FF4907340E006F5107406F5C8
:1046D00058774A4648213046FAF785FF2A4648214E
:1046E0002046FAF780FF424648213846FAF77BFF1A
:1046F000284601F0C2FE034600220192009722469E
:1047000031463046FEF744FD07460028D6D15146D3
:104710003046FFF7F3FC0746D0E7002426466FF04B
:104720006E07CBE7002426466FF06E07C6E700242D
:1047300026466FF06107C1E704466FF07C07BDE7CE
:104740002246002302F8013B14460B46591E002B5B
:10475000F6D13046F7F7BEFC384602B0BDE8F08728
:104760002DE9F04F83B081468B4690461F46DDF819
:1047700030A001F082FEB0F5006F17DCB8F5807F45
:1047800073D8384601F079FEB0F5006F72D13B88DE
:104790001BB17B6813F0010F71D04FF49060F7F7F5
:1047A0008DFC054600286FD0002602E06FF06E06F3
:1047B00000253EB10024002D76D0002C71D04FF49E
:1047C00090736BE005F5107405F558764A4648215C
:1047D0002846FAF708FF43465A4648212046FAF78A
:1047E000CCFE3A4648213046FAF7FDFEB9F80030D3
:1047F000012B03D1D9F80430022B16D000230193EA
:1048000000964FEAC803224629462846FEF7C0FC18
:104810000646002ECFD151462846FAF736FF4FF410
:1048200080730D9A1360002110E0D5F878244FF6BC
:10483000FF73B3EBA20FE1D133464FEAC802214622
:104840002846FEF77DFD0646E3E70131FF2903D840
:104850001AF80130002BF8D0C1F580720D9B1A6058
:104860005144504605F050FCA5E76FF06E06002459
:104870002546A0E76FF06E06002425469BE76FF003
:1048800061060024254696E704466FF07C0692E711
:104890002246002302F8013B14460B46591E002B0A
:1048A000F6D12846F7F716FC304603B0BDE8F08F86
:1048B0002DE9F04782B081460D4690469A4608465B
:1048C00001F0DBFD0446484601F0D7FDB0F5806FEE
:1048D00019DCB4F5806F4FDC404601F0CEFDB0F539
:1048E000806F4ED1B8F8003023B1D8F8043013F0FF
:1048F000010F4BD04FF41070F7F7E0FB064600288D
:1049000049D0002702E000266FF06E073FB1002477
:10491000002E50D0002C4BD04FF4907345E006F59C
:10492000907406F5D8774A4624213046FAF75BFEA4
:104930002A4624212046FAF756FE424624213846CC
:10494000FAF751FE284601F098FD03460022019235
:104950000097224631463046FEF744FB07460028C2
:10496000D6D190220021B01805F04AFC51463046BD
:10497000FFF7C4FB0746CBE7002426466FF06E071F
:10498000C6E7002426466FF06E07C1E700242646DE
:104990006FF06107BCE704466FF07C07B8E722467A
:1049A000002302F8013B14460B46591E002BF6D19A
:1049B0003046F7F78FFB384602B0BDE8F0872DE9A7
:1049C000F04F85B01C46DDF83CA000230393DAF8D5
:1049D0000030B3F5C07FC0F0B38083460F46154664
:1049E000104601F04AFD402800F3AF80B7F5C07FC4
:1049F00000F2B080204601F040FDB0F5406F40F07D
:104A0000AE80238823B1636813F0010F00F0AC80FF
:104A100040F64800F7F752FB8046002800F0A980D6
:104A200000F5547600F5D4693B465A466A21FBF7F7
:104A3000EEFC69680B4600222888012800D9AA6884
:104A40001F461546134300F0978022466A214846C8
:104A5000FBF713FD03A94846FBF759FF49463046CB
:104A6000FCF796FA324641464046FBF7CBFD4A46F4
:104A700041464046FDF7C0FD8346002856D13F24FD
:104A8000002C11DBC4F12001A4F1200227FA04F369
:104A900005FA01F10B4325FA02F2134325FA04F259
:104AA000134301D1013CEBE74FF4547241463046C9
:104AB000CCF716F8013C00E0013C002C1DDB039B09
:104AC0004A4631463046FEF7B7FDC4F12001A4F155
:104AD000200227FA04F305FA01F10B4325FA02F24A
:104AE000134313F0010FE7D0039B00934B4642465C
:104AF00031463046FEF7ACFDDEE7039A49463046C4
:104B0000FEF74AFD49463046FCF75AFA0390C017B3
:104B1000C3434A4631463046FCF765FA0E993046A3
:104B2000FBF7FDFC4FF4C073CAF80030B8F1000F7A
:104B300002D04046F7F7CEFA584605B0BDE8F08FF0
:104B40006FF0700B4FF00008F0E76FF06E0B4FF056
:104B50000008EBE76FF06E0B4FF00008E6E76FF030
:104B60006E0B4FF00008E1E76FF0610B4FF00008AB
:104B7000DCE76FF07C0BD9E76FF06F0BD6E72DE920
:104B8000F04F85B003901D46DDF838A0129C149BB1
:104B90001B68B3F5C07FC0F0B9800E46B1F5C07F89
:104BA00000F2B880204601F068FCB0F5406F40F09C
:104BB000B580238823B1636813F0010F00F0B28041
:104BC0002B8823B16B6813F0010F00F0AF80BAF8A7
:104BD00000302BB1DAF8043013F0010F00F0AA8096
:104BE0004FF4D460F7F76AFA0446002800F0A68074
:104BF00000F5D47700F51F7800F5547900F59F6B28
:104C00003346039A6A21FBF702FC2A4635213846CF
:104C1000FBF733FC0F9A35214046FBF72EFC0123AE
:104C2000019300974FF4C063424621464846FEF781
:104C3000B3FD064630B1002C00F08D8023464FF4C2
:104C4000D46282E0524635213846FBF716FC109AB2
:104C500035214046FBF711FC0123019300974FF4E7
:104C6000C063424621465846FEF796FD0646002898
:104C7000E1D12A4635213846FBF7FFFB5A46494623
:104C80004846FBF78EFE4846FBF792FCD9F8D03039
:104C9000DB173A4649464846FCF7BAF8D9F8D0300F
:104CA000DB173A4649464846FCF7B2F84846FBF758
:104CB0007FFC119A35214046FBF7DFFB424649460F
:104CC0004846FBF7F4FE3A4649464846FDF76BFD79
:104CD00006460028AFD1524635213846FBF7CDFBBA
:104CE0004A4639464846FBF7E2FE4A4659462046C0
:104CF000FCF700FA2046FBF770FC13992046FBF7FF
:104D00000EFC4FF4C073149A136094E76FF07006B2
:104D1000002490E76FF06E0600248CE76FF06E06BB
:104D2000002488E76FF06106002484E76FF06106D5
:104D3000002480E76FF0610600247CE76FF07C06BA
:104D400079E7002203F8012B0A46511E002AF8D108
:104D50002046F7F7BFF9304605B0BDE8F08F2DE9E2
:104D6000F04782B081460D4690469A46084601F0CB
:104D700084FB0446484601F080FBB0F5406F19DC27
:104D8000B4F5406F4ADC404601F077FBB0F5406F68
:104D900049D1B8F8003023B1D8F8043013F0010F2E
:104DA00046D04FF4D460F7F789F90646002844D07E
:104DB000002702E000266FF06E073FB10024002EAE
:104DC0004BD0002C46D04FF4D47340E006F5547419
:104DD00006F59F674A466A213046FBF74EFB2A4696
:104DE0006A212046FBF749FB42466A213846FBF719
:104DF00044FB284601F041FB034600220192009744
:104E0000224631463046FEF79BFD07460028D6D1A4
:104E100051463046FFF7ACF90746D0E70024264656
:104E20006FF06E07CBE7002426466FF06E07C6E7EB
:104E3000002426466FF06107C1E704466FF07C0747
:104E4000BDE72246002302F8013B14460B46591EDB
:104E5000002BF6D13046F7F73DF9384602B0BDE8F1
:104E6000F0872DE9F04F83B08346894690461F4670
:104E7000DDF830A001F001FBB0F5406F17DCB8F5AC
:104E8000C07F5CD8384601F0F8FAB0F5406F5BD1CE
:104E90003B881BB17B6813F0010F5AD04FF4D460EC
:104EA000F7F70CF90546002858D0002602E06FF00D
:104EB0006E0600253EB10024002D5FD0002C5AD094
:104EC0004FF4D47354E005F5547405F59F665A46C3
:104ED0006A212846FBF7D1FA43464A466A21204612
:104EE000FBF795FA3A466A213046FBF7C6FA0023EB
:104EF000019300964FEAC803224629462846FEF74A
:104F00001FFD06460028D7D151462846FBF707FB70
:104F10004FF4C0730D9A1360002100E00131B1F528
:104F2000C07F03D21AF80130002BF7D0C1F5C07250
:104F30000D9B1A605144504605F0E6F8BCE76FF04F
:104F40006E0600242546B7E76FF06E06002425465E
:104F5000B2E76FF0610600242546ADE704466FF026
:104F60007C06A9E72246002302F8013B14460B46C3
:104F7000591E002BF6D12846F7F7ACF8304603B09F
:104F8000BDE8F08F2DE9F04782B081460D4690468E
:104F90009A46084601F071FA0446484601F06DFA57
:104FA000B0F5C06F19DCB4F5C06F4FDC404601F0BE
:104FB00064FAB0F5C06F4ED1B8F8003023B1D8F81C
:104FC000043013F0010F4BD04FF45470F7F776F81C
:104FD0000646002849D0002702E000266FF06E0741
:104FE0003FB10024002E50D0002C4BD04FF4D4738E
:104FF00045E006F5D47406F51F774A46352130465C
:10500000FBF73BFA2A4635212046FBF736FA4246A3
:1050100035213846FBF731FA284601F02EFA0346CF
:10502000002201920097224631463046FEF7B4FB3B
:1050300007460028D6D1D4220021B01805F0E0F8A8
:1050400051463046FFF794F80746CBE70024264642
:105050006FF06E07C6E7002426466FF06E07C1E7C3
:10506000002426466FF06107BCE704466FF07C071A
:10507000B8E72246002302F8013B14460B46591EAE
:10508000002BF6D13046F7F725F8384602B0BDE8D8
:10509000F0872DE9F04383B00746894615461E4642
:1050A000DC20F7F70BF8804628B32420F7F706F842
:1050B000044620B33A460921FCF7B8F900960123CB
:1050C0002A4621464046FEF771FE054668B114B1F6
:1050D0002046F6F7FFFFB8F1000F02D04046F6F782
:1050E000F9FF284603B0BDE8F08349464046FFF784
:1050F000AEF80546EBE704466FF07C05E7E76FF096
:105100007C05E4E72DE9F04182B004460E46904666
:10511000DC20F6F7D3FF074670B32420F6F7CEFF66
:10512000054668B301462046FFF7A8F8044658B183
:1051300015B12846F6F7CEFF17B13846F6F7CAFF85
:10514000204602B0BDE8F0810023009301231A46F7
:1051500029463846FEF72AFE04460028E8D13146A3
:105160002846FFF73FF804460028E1D1414638467B
:10517000FFF76DF80446DBE705466FF07C04D7E7E0
:105180006FF07C04D4E72DE9F04383B01E461B6822
:105190001F2B32D980460F469146DC20F6F78EFF52
:1051A000044678B32420F6F789FF054670B34246DB
:1051B0000921FCF73BF939462046FEF797FC0A9B8C
:1051C0000193012300932A4621462046FEF72AFD3B
:1051D000074658B115B12846F6F77CFF14B12046B2
:1051E000F6F778FF384603B0BDE8F083494620461D
:1051F000FCF741FE20233360ECE76FF083070025C6
:105200002C46E7E705466FF07C07E3E76FF07C0785
:10521000E0E700002DE9F04F8BB007900591904634
:105220000893169EDC20F6F749FF814640B14FF403
:10523000FC70F6F743FF8346C0B10023029303E0FE
:1052400083466FF07C030293029BC3B90BF14803C2
:1052500004930BF190070BF1D80A0BF590730993A7
:10526000059B202B17D8CDF818B00EE006900990BA
:105270008246074604906FF07C03029305E000230A
:10528000069309939A461F4604934025CDF80CB027
:10529000DDF85CB00CE0CDF818B020230593F4E7FE
:1052A00039464046FEF7EAFF0290029B9BB1013D62
:1052B000029B002B66D1002D64DD002EF0D03388D8
:1052C000002BEDD0324609213846FCF7AFF83046C6
:1052D00001F027F8E9E7CDF800B001231A46394676
:1052E0004846FEF763FD02900028E0D14B46524647
:1052F00009F12001D3F800E0D3F804C09C68D86815
:10530000C2F800E0C2F804C09460D06010331032DC
:105310008B42EFD11B6813605046FCF731F9374CD4
:1053200021465046FCF7D4F8C343DB0F5B422246CC
:1053300051465046FCF7DFF85046FCF721F950463D
:10534000FCF7FEFB0028B2D1089A09210498FCF76B
:105350006DF8059B079A0921039C2046FCF755FD33
:10536000099A01920094049B3A465146069C2046B5
:10537000FEF70AFE0290002899D12046FCF7E0FBD8
:10538000002894D1DDF80CB0ADB1029B33B1BBF174
:10539000000F1ED05B464FF4FC7214E01499504687
:1053A000FEF720FF02900028F1D115990698FEF72C
:1053B00019FF0290EBE76FF0C6030293E7E70022C4
:1053C00003F8012B0A46511E002AF8D15846F6F779
:1053D00081FEB9F1000F0CD04B46DC2203E0002225
:1053E00003F8012B0A46511E002AF8D14846F6F769
:1053F00071FE02980BB0BDE8F08F00BF3CF90408C5
:105400002DE9F04F87B007460E46049205934FF4FE
:10541000DC70F6F753FE0446002853D04FF4227098
:10542000F6F74CFE0546002800F0AE804FF000096C
:10543000B9F1000F3AD105F1480805F1900905F1DD
:10544000D80B04F1DC0A202E00D9202633463A4638
:1054500009212846FCF7D9FC119A09214046FBF79F
:10546000E5FF129A09214846FBF7E0FF049A09215B
:1054700004F1DC00FBF7DAFF059A092104F59270CC
:10548000FBF7D4FF109A092104F5B670FBF7CEFFA5
:10549000149B0293CDF804B0CDF800802B464A4609
:1054A00051462046FEF7CCFD814678B115B128461D
:1054B000F6F710FE14B12046F6F70CFE484607B08A
:1054C000BDE8F08F05466FF07C09B1E7119A09211C
:1054D0004046FBF7ABFF2E4A41464046FDF76BF9CD
:1054E00081460028E2D104F19007294E012332467B
:1054F00039463846FCF7AEF90123009333463A4665
:1055000041462846FCF79BF929462046FBF7E0FF79
:10551000B0FA80F67609139B1E6006B34E46139BC5
:105520001B68002BC2D1002EC0DA194A4146404602
:10553000FDF741F981460028B8D101230093144BAF
:105540003A4641462846FCF77AF929462046FBF7B9
:10555000BFFFB0FA80F04009139B1860A6E7119ACC
:1055600009214046FBF762FF0A4A41464046FBF7E5
:1055700037FF0028D3D14046FCF702F804494046E3
:10558000FBF7A6FF0646CAE76FF07C098EE700BF6F
:1055900084F904083CF90408A0F13003DBB2092BBC
:1055A00001D858B27047A0F14103DBB2052B02D8F5
:1055B000373840B27047A0F16103DBB2052B02D847
:1055C000573840B270474FF0FF307047A0F1210CC0
:1055D0004FEADC7C0CF1FF3C5FFA8CFCC0F11F034E
:1055E000DB0F013BDBB24CEA030CA0F10A03DB0F3B
:1055F000013BDBB2C0F10802D20F013AD2B243EA5A
:105600000201A0F10B02D20F013AD2B2C0F109039C
:10561000DB0F013BDBB242EA030001EA0C03184056
:10562000C04300F0010070470023038043607047CF
:1056300038B504460D46FFF7F7FF658038BD03888F
:105640000A88934213D814D3013B002B19DB10B402
:1056500000EB8302546801EB8302526894420BD83A
:105660000CD3013B002BF3DA002010BC7047012063
:1056700070474FF0FF3070470120F6E74FF0FF30E2
:10568000F3E70020704708B5FFF7D9FF08BD000019
:1056900048B38446018861B9002070470133203047
:1056A00099420CD90CEB83025268002AF6D00021F3
:1056B00006E000231846F3E70A44104411E00021F5
:1056C0001F2912D810B40CEB83025268CA4002F0B2
:1056D0000F02064C54F82220042AEDD104311F2970
:1056E000F1D910BC7047002070477047B0FB040828
:1056F0004160003918BF01210180704730B405882E
:105700003DB95160003918BF01211180002030BC23
:1057100070474368158019445160994204D30023AF
:1057200090422BD0013321E001230188994209D90D
:1057300000EB83014968013102EB8304616009B920
:105740000133F2E701889942EAD15188994212D98E
:105750000135158002EB830101244C60E0E700EB8A
:1057600083014C6802EB83014C600133018899424C
:10577000F5D80020CBE76FF06100C8E70020C6E74E
:1057800030B40488148014B9002353602EE04368B9
:10579000591A5160994204D8002390421BD001331A
:1057A00016E0012301889942F7D900EB830149688B
:1057B000013902EB83056960B1F1FF3FEDD101339F
:1057C000F0E700EB83014D6802EB83014D6001338C
:1057D00001889942F5D8631E002B05DB02EB83019B
:1057E000496809B9013BF7E70133138030BC7047C2
:1057F000F0B5002404E002EB840500266E6001345D
:105800009C42F8D300252E46AE460FE000EB8E04F6
:105810006768A1FB07C71CEB050402EB83056C60FE
:1058200047EB060500260EF1010E0133048874458E
:10583000ECD82E4308D05188994212D002EB830154
:105840004D600133002000E0002099B2118069B161
:105850004B1E002B08DB02EB8301496821B9013B99
:10586000F7E76FF06100F0E701331380F0BDF0B5AA
:105870004FF0FF37B7FBF1F70688013E4FF0000EFF
:1058800000E0013E002E14DB00EB86046468A7FBF9
:10589000045C07FB0ECC0CFB1144B4FBF1FE0EEBD9
:1058A0000C0501FB1E4E002AEBD002EB860465605E
:1058B000E7E76AB10188118051B10139002905DBA0
:1058C00002EB8100406808B90139F7E70131118026
:1058D0000BB1C3F800E0F0BD2DE9F04107460E46DC
:1058E00090460488013C00210AE007EB84035D68D0
:1058F000324600232846CBF7D9F806FB1051013C6D
:10590000002CF2DAC8F80010BDE8F08110B40023D2
:105910000EE000EB8302546803F1010C00EB8C02F3
:105920005268D20742EA540201EB83035A6063468D
:105930000288013A9A42ECDC00EB8300426852088C
:1059400001EB8300426001339BB20B8053B1013BFA
:10595000002B05DB01EB830252680AB9013BF7E734
:1059600001330B8010BC704770B40024A44623465A
:1059700012E000EB83056D682D194CF1000401EB7A
:1059800083067668761902EB83056E6044F10004A5
:105990004FF0000C01339BB205889D4202D90D885F
:1059A0009D42E6D805889D420DD900EB83056D68C0
:1059B0002D1902EB830465604CF100044FF0000CDC
:1059C00001339BB2EEE7088898420DD901EB8300C2
:1059D0004068001902EB830460604CF100044FF052
:1059E000000C01339BB2EEE7138002EB83014C60A5
:1059F00054EA0C0414BF012100210B449BB2138014
:105A000053B1013B002B05DB02EB8301496809B967
:105A1000013BF7E70133138070BC704770B58242D9
:105A200031D0002407E000EB84056E6802EB8405AA
:105A30006E600134A4B29C4202D20588A542F2D81D
:105A40004FF0000C6346E6460588A5422BD90D8829
:105A5000754528D900EB84056D6815EB0C0543F1FD
:105A6000000301EB8E067668AD1B63F1000302EBC9
:105A7000840675609C46DB170134A4B20EF1010E5A
:105A80001FFA8EFEE0E79CB2DAE700EB840149687A
:105A900011EB0C0143F1000302EB840569609C46A5
:105AA000DB170134A4B20188A142EED8148054B1AE
:105AB000013C002C05DB02EB84035B680BB9013C65
:105AC000F7E70134148070BD0288511E4FF6FF7C49
:105AD0000AE000EB81035B68013B63EB030303EA2D
:105AE0000C0C624492B201390029F2DA028070474C
:105AF0002DE9F843074608984FF0000E4FF0FF36A7
:105B0000B046F146754621E03C88744508BF08F16F
:105B100001080C88744508BF013607EB8E046468E1
:105B200004EA080C1CEB090C45F1000501EB8E049E
:105B300064683440BCEB040465F1000C00EB8E0596
:105B40006C60E1464FEAEC750EF1010E9E45DBD329
:105B50004FEAD57C00252C46294611E000EB85064E
:105B600073681C1941F1000102EB85035B6803FBBC
:105B70000CF31B1941F1000173600C46C917013584
:105B80001388AB42EAD80580FFF79EFFBDE8F88393
:105B900070B50546B1F800C00CF1FF34A4B201E0C5
:105BA000013CA4B25CB12B88A3EB0C03234405EBAE
:105BB0008303586801EB84035B689842F0D02B881C
:105BC000A3EB0C03181905EB8000466801EB840475
:105BD0006068864200D270BD02EB830253680133D5
:105BE00053602C880B88E31A9BB22A462846FFF79D
:105BF00015FF2C80EFE72DE9F04F83B007460C46E8
:105C000092461D4602880B88D21A92B2013292B295
:105C1000AAF80020002305E00AEB83010020486079
:105C200001339BB29A42F7D82388013B04EB8303EC
:105C3000D3F804B0524621463846FFF7A9FFB7F81B
:105C4000009009F1FF391FFA89F900230193238895
:105C50004B454AD8C84607EB8903596859450AD0CD
:105C600009F1FF3007EB80005A4600234068CAF76D
:105C70001DFF064604E04FF0FF3601E0012811D178
:105C80002388A8EB03032A4631462046FFF7B0FDE0
:105C9000019050BB39462846FFF7D1FC0128EDD1D1
:105CA000013EEBE700233A4629463846FFF7B6FEA9
:105CB0002388A8EB03030AEB83035A6832445A6033
:105CC0002288A8EB02030AEB83035B68B34207D286
:105CD00008F101039B1A0AEB83035A6801325A60E8
:105CE00009F1FF391FFA89F9B1E709F101091FFA32
:105CF00089F9A7F800902388994503D0019803B04B
:105D0000BDE8F08F524621463846FFF741FFF5E7E0
:105D1000436803EB430080F0020000FB03F3C3F190
:105D20000102C3F1020300FB03F302FB02F202FBD8
:105D3000033302FB02F202FB03335B420B6070474A
:105D40002DE9F04106460F46FFF76EFC0025A846F8
:105D50000FE0002332460A213046FFF749FD804616
:105D6000A0B9324621463046FFF7C8FC804668B9E4
:105D70000135785D50B1A0F13004E4B2092CE8D9C6
:105D8000FFF724FC0028F3D16FF061084046BDE81E
:105D9000F08138B504460D46028822B900234B60D5
:105DA00023882B8038BD9200011D281DCAF798FE5C
:105DB000F6E72DE9F8438146884614461D46089EBD
:105DC000099F11464046FFF7E4FFA94503D0294645
:105DD0004846FFF7DEFF3046FFF726FC0121384634
:105DE000FFF786FC0DE021462046FFF78FFD338844
:105DF0001BB1736813F0010F2CD131463046FFF709
:105E000085FD2B88012B64D02388002B64D0636828
:105E100013F0010FE7D06B6813F0010F21D0294672
:105E20002046FFF70CFCB0F1FF3F37D0002322469D
:105E300029462046FFF7F2FD39463046FFF7FFFBC3
:105E4000B0F1FF3F23D00023324639463046FFF7FA
:105E5000E5FDD6E70023324641463046FFF784FD94
:105E6000CBE729462846FFF751FD3B881BB17B68ED
:105E700013F0010F04D139463846FFF747FDC0E75C
:105E800000233A4641463846FFF76EFDF3E700230C
:105E9000324641463046FFF767FDD4E700232A46E5
:105EA00021462846FFF7BAFD31463846FFF7C7FBC3
:105EB000B0F1FF3F06D000233A4631463846FFF79F
:105EC000ADFD9EE700233A4641463846FFF74CFDBC
:105ED000F1E76B68012B97D1238813B10020BDE84F
:105EE000F8836FF06100FAE72DE9F04F83B00546C3
:105EF0000C46019200880B8818448000F6F7DEF803
:105F0000064600286FD06A684FF000096368A2FB5C
:105F100003203260C84649464FF0010A27E005EBEE
:105F20008E035B6804EB820CDCF80470A3FB07C3F0
:105F30001CEB000C604648F100085B18194649F15B
:105F400000090EF1010E1FFA8EFE013AF34501D948
:105F5000002AE4DA46F82A00002311EB080043EB9C
:105F60000308494699460AF1010A1FFA8AFAB5F868
:105F700000B00BF1FF32238803F1FF3C62449245ED
:105F80000EDCAAEB030E1FFA8EFE0EF1010ECEF30D
:105F9000C033013B9BB20EEA030EAAEB0E02D5E71B
:105FA00046F82A000AF101039CB2019820F8044B3C
:105FB000A2003146CAF794FDC4B1631E002B06DB74
:105FC000019A02EB830252680AB9013BF6E70133FA
:105FD000019A1380002416B13046F6F77BF820466C
:105FE00003B0BDE8F08F6FF06004F4E70024F3E73E
:105FF0002DE9F04704468A460088C000F6F75EF8AF
:106000008146002879D063680026A3FB0331036032
:106010003546B44601273BE004EB8E035A6804EB97
:1060200080035B68A2FB03235218114645F100056B
:1060300013EB0C039C4646F1000638E004EB8E039C
:106040005B6804EB80025268A3FB0223891845F1C8
:10605000000513EB0C0C46F10006511845F1000544
:1060600013EB0C0C46F100060EF1010E1FFA8EFE2A
:106070000138F04501D90028E0DA49F8271000235B
:106080001CEB050143EB0305B4461E460137BFB2C6
:10609000B4F8008008F1FF335B009BB2BB420AD327
:1060A0004FEA570EA7EB5700B0EB570FB4D00EF1E5
:1060B000010E0138DDE749F827107B1C9CB25046E1
:1060C00020F8044BA2004946CAF70AFDC4B1631E7A
:1060D000002B05DB0AEB830252680AB9013BF7E7A4
:1060E0000133AAF800300024B9F1000F02D048466D
:1060F000F5F7F0FF2046BDE8F0876FF06004F3E7A6
:106100000024F4E72DE9F0410688002E46D005462C
:10611000C1F34A1406EB040E43889E4541DA11F0A0
:106120001F0128D0731E00EB83035F68C1F1200CB0
:1061300027FA0CF7731E8BB105EB830252688A4075
:1061400003F1FF3805EB8800406820FA0CF0234487
:10615000024305EB83035A604346ECE76B688B40D0
:1061600005EB840253603FB105EB8E0ECEF8047050
:1061700001362E8000E054B92B882344284620F8AD
:10618000043BA200002104F03BF8002007E0011DC1
:10619000B20001EB840003F0B7FFEDE70020BDE89B
:1061A000F0816FF06100FAE72DE9F84F83468946E8
:1061B0000846CAF745FD441E4FF0000A5746D04630
:1061C000554610E0BAF1000F49D13046FFF7FEF90D
:1061D00040B96FF06100BDE8F88FA840074304356F
:1061E0004FF0010A013C002C17DB19F8046030461F
:1061F000FFF7D2F90028E5DB202DEED108F10103ED
:106200009BB20BEB8808C8F80470BBF802209A42D6
:106210001DD9984600273D46DFE700200028DAD147
:10622000BBF80230434502D90BEB88035F6008F1ED
:1062300001039BB2ABF80030002BCCD0013B002B0C
:1062400009DB0BEB830252682AB9013BF7E798465A
:106250006FF06100E2E70133ABF80030BBE76FF0AD
:106260006100B8E738B108B54B1EC02B06D8FFF760
:10627000DFF9002008BD6FF0610070476FF061002A
:10628000F8E728B108B5C121FFF7D2F9002008BD11
:106290006FF0610070472DE9F0410E4615461C462F
:1062A000DDF81880079F10B1C121FFF7C1F91EB1B9
:1062B000C1213046FFF7BCF91DB1C1212846FFF7C7
:1062C000B7F91CB1C1212046FFF7B2F9B8F1000FB0
:1062D00003D0C1214046FFF7ABF91FB1C1213846B9
:1062E000FFF7A6F90020BDE8F0817047844678B139
:1062F000002910DB43888B4210D3038804E00CEBA9
:1063000083020020506001339942F8D80020704782
:106310006FF0610070476FF0610070476FF06000D0
:10632000704718B108B5FFF77FF908BD704718B17D
:1063300008B50246002305E0704702EB8301002008
:106340004860013311889942F7D81046FFF76CF97D
:1063500008BD80B108B58446031D4288920003E061
:10636000002203F8012B0A46511E002AF8D160468C
:10637000FFF75AF908BD704710B5034668B179B107
:1063800000248B4207D034B918884A8890420AD832
:106390001846FFF7FEFC204610BD6FF06104F0E7E1
:1063A0006FF06104EDE76FF06104F4E770B5049DF0
:1063B0005E42B0F800E00B888EEA030E06EA0E0E8D
:1063C000A5F800E04FF0000C0CE000EB8C046368D3
:1063D00001EB8C0464686340334005EB8C0463601C
:1063E0000CF1010C6245F0D803888EEA030EA0F888
:1063F00000E000230AE000EB830C05EB83046468F3
:10640000DCF804607440CCF8044001339A42F2D8BE
:106410000B88288843400B80002308E001EB8304AD
:10642000606805EB830676687040606001339A42CD
:10643000F4D8002070BD884205D030B141B108B514
:10644000FFF721F908BD002070474FF0FF3070477B
:10645000012070474A09034658B1008890420AD982
:1064600001F01F0103EB82035868C84000F00100EF
:1064700070470020704700207047024600B3008834
:1064800000B3013800E00138002804DB02EB800390
:106490005B68002BF7D0002816DB02EB8002536804
:1064A0004001B3F5803F08D3203001E001385B00A4
:1064B000002BFBDA704701305B08002BFBD17047E3
:1064C00000207047002070470020704758B10288B4
:1064D0005AB1013A00EB8203586800E0000AFF2835
:1064E000FCD8C0097047002070470020704730B5C5
:1064F000C1F34F1420B34FEA611E8446002922DB0A
:106500004388A34222D901F01F0105882B4604E0ED
:106510000CEB83020020506001331FFA8EF29A4286
:10652000F6D20CEB82025368012000FA01F10B4312
:106530005360A5420DD80444ACF80040002030BDA3
:106540006FF06100FBE76FF06100F8E76FF061004A
:10655000F5E70020F3E758B138B50C4605460029A9
:1065600009DBFFF761F821462846FFF7C0FF38BD79
:106570006FF0610070476FF06100F8E720B108B577
:10658000FFF7B6F8002008BD6FF06100704770B1EA
:106590000288012A01D90120704712B951B900209F
:1065A000704743688B4208D809D3002070474FF0EA
:1065B000FF3070474FF0FF307047012070474FF0B9
:1065C000FF30704770B505460E4600240C60FF2C66
:1065D0000BDC074B33F814102846FFF7D8FF08B13F
:1065E0000134F4E70120306070BD0020FCE700BFFB
:1065F000B0F9040858B108B503465AB1B0F800C064
:106600005088844509D21846FFF778F808BD6FF026
:10661000610070476FF06100F8E76FF06100F5E727
:1066200060B108B5034662B1B0F800C05088844537
:106630000AD81846FFF7A4F8002008BD6FF06100E3
:1066400070476FF06100F8E76FF06100F5E7E0B1C7
:10665000F2B101B308B54B1E0B4209D1018811B943
:106660000020106008BD41680B4013600020F9E76E
:10667000B1F5803F05D213460022FFF7F8F800205D
:10668000F0E7FFF729F90020ECE76FF061007047B1
:106690006FF0610070476FF061007047F0B583B034
:1066A00005460E4617464FF0000C6446FF2C10DCE2
:1066B00001AA094B33F814102846FFF7C8FF844697
:1066C00018B9019B0BB10134F0E700233B600123B3
:1066D0003360604603B0F0BDB0F90408002843D031
:1066E00070B50D4611460646002D40D0002A41D017
:1066F0002A884B889A4240D2426802F001024FF049
:10670000000E7446704620E0B6F800C0F44594BF11
:106710004FF0000C4FF0010C05EB8E035B6802FBA1
:1067200003F31B1940F1000406EB8E00406800FBE8
:106730000CFC1CEB030301EB8E00436044F10004EE
:1067400000200EF1010E1FFA8EFE2B887345DBD858
:1067500001EB8E035C600EF1010EA1F800E008462B
:10676000FFF7D4F8002070BD6FF0610070476FF044
:106770006100F8E76FF06100F5E76FF06100F2E7A4
:1067800080B1844689B19AB108B50088538898428F
:1067900011D20888834211D900236046FFF7E4F83C
:1067A000002008BD6FF0610070476FF06100704716
:1067B0006FF0610070476FF06100F2E76FF0610009
:1067C000EFE780B1844689B19AB108B50088538853
:1067D000984211D20888834211D900236046FFF7FE
:1067E0001DF9002008BD6FF0610070476FF0610077
:1067F00070476FF0610070476FF06100F2E76FF073
:106800006100EFE72DE9F8430546184614885B88D8
:106810009C4267D8824268D04FF0000C4FF0FF36A0
:106820003746E046E646E14664462EE02B8863455F
:1068300008BF01370B88634508BF013605EB8C03A1
:106840005B683B4013EB090344F1000901EB8C0446
:1068500064683440E41849F1000300EB8C09C9F87E
:10686000044014EB08044EF1000802EB8C0EDEF835
:1068700004E0B4EB0E0468F100084FEAE87E9946A4
:10688000DC170CF1010C1FFA8CFC13886345CDD882
:10689000002419EB08094EF1000EA645B4BF4FF0D5
:1068A000000E4FF0010E2346254612E000EB830652
:1068B0007168491944F1000402EB83056D6805FB1A
:1068C0000EF5491B64F1000471602546E41701339D
:1068D0009BB211889942E9D80380FFF7F5F80020B0
:1068E000BDE8F8836FF06100FAE76FF06100F7E749
:1068F00010B582B01C461388B4F802C0634507D8AF
:10690000A24208D00094FFF7F3F8002002B010BDB7
:106910006FF06100FAE76FF06100F7E770B50028EB
:106920005AD016468646002959DB4811C1F34F1349
:10693000BEF800209A4215D985B2541B7088844253
:1069400050DC11F01F0444D1D21A92B23280B64505
:106950000ED00EF10401920001EB8501301DCAF743
:10696000BFF803E03046FEF75FFE0024204670BD0E
:10697000301D920000EB850103F0C6FBF6E70EEB3D
:1069800083025168E1405A1C0EEB82025568C4F143
:1069900020029540294306EB8C02516001339BB2E3
:1069A0000CF1010C1FFA8CFCBEF8001001398B426F
:1069B000E5DB0EEB830EDEF80430E34006EB8C02E1
:1069C0005360002B18BF0CF1010CA6F800C0002486
:1069D000CCE74FF0000CE7E76FF06104C6E76FF01B
:1069E0006104C3E76FF06104C0E72DE9F04F89B09F
:1069F00080460F4615461E460023049305930693D2
:106A00000793FEF71CFEB0F1FF3F1AD004460028A2
:106A10006FD11EB100213046FEF76AFE002D00F056
:106A2000398101212846FEF763FE4FF00009B9F1D4
:106A3000000F02D04846F5F74DFB204609B0BDE8EF
:106A4000F08F2EB1B04503D031464046FFF7A1F993
:106A5000002D00F0B88000212846FEF749FE4FF0D7
:106A6000010A4FF00009CDF80490CB464C46BAF12C
:106A7000000FDCD1002C40F0C880BBF1000F00F00B
:106A8000AE800223019A002A00F0B180049B039398
:106A9000DDF814A0CDF808A03988013189B2184674
:106AA000FEF7C6FD12995046FEF7C2FD3846FFF7C5
:106AB000E4FC00F01F0ACAF1200A59464046FFF7DD
:106AC00068F9BAF1200F00F0A28051465846FFF74E
:106AD00019FB0446002840F09A80039C2146384662
:106AE000FFF757F9514627462046FFF70BFB0446B0
:106AF0008DE04046FFF7C1FC04463846FFF7BDFC79
:106B000084420BD0E6B1B7422AD07288B8F8003080
:106B10009A4229D804244FF0000B13E02EB1002331
:106B2000324639464046FEF779FF002D00F0B4802A
:106B300001212846FEF7DCFD4FF000094C4676E7C0
:106B4000B34604249DB1AF4213D0013C0195129B82
:106B5000C12B11D94FF0000AD1466FF0610486E7CE
:106B600004244FF0000BEDE7B3460324EAE7019558
:106B7000EDE700230193EAE71846012B38BF012017
:106B800000F1010A00FB04408000F5F797FA814606
:106B900000B30490129B99B2418001230DE05A1E6C
:106BA00008A800EB820252F8102C02EB8A0200EBDC
:106BB000830040F8102C518001339C42EFDC4FF0F1
:106BC000000A544653E7A9460195AB464FF0010A27
:106BD00000244CE74FF0000A6FF0600447E7DDF84F
:106BE00018B012995846FEF723FD03234AE708AA76
:106BF00002EB830353F8100C0190B8F800103B88A7
:106C0000C91A0231FEF714FD40E700230293002C5D
:106C10007FF40DAF3B88002B3FF409AF029B019A34
:106C200039465846FEF7E7FF044600287FF4FFAEDA
:106C3000CEB1BAF1200F0ED131465846FFF7A9F870
:106C4000338883B1013B002B0BDB06EB83025268D8
:106C50003AB9013BF7E75A4651465846FFF75EFE00
:106C6000EAE701333380002D3FF4E1AE2946019875
:106C7000FFF78FF82B88002B3FF4D9AE013B002B98
:106C800005DB05EB830252680AB9013BF7E70133E4
:106C90002B80CCE6A946CAE6A9460024C7E62DE922
:106CA000F04F85B005460C4616469A460846FFF753
:106CB000E4FB0146BAF1000F23D12B8828E02B8892
:106CC000013B9B1ADB0F013B05EB820778681840FC
:106CD000786001322388B2EB430FF0D32388012B75
:106CE0001BD901F01F034FF0010909FA03F909F15B
:106CF000FF394FF0000CE04667460391CDF808904D
:106D00005EE00022E6E705EB8302002050600133DD
:106D10002288B3EB420FF6D3E0E7686806FB00F386
:106D200000216268A3FB02321B1842F100026B6073
:106D3000AB689B184941AB60E96003232B8020219D
:106D400069E0029B002B46D00EEA030E43E007EBFE
:106D5000010905EB8909D9F8040083184BF1000BF0
:106D600004EB81025268AEFB0202C018C9F80400AD
:106D700042EB0B024FF0000B01312388013B8B42A9
:106D8000E5D812EB0C034BEB080B07EB010C05EB02
:106D90008C0CDCF804204FF00008D3184BF1000BEA
:106DA00004EB81014A68AEFB02E21EEB030342F1F1
:106DB0000002CCF804301BEB020C48EB080801374A
:106DC0002388BB4214D905EB8702526806FB02FEFA
:106DD000013BBB42B5D06368AEFB0313891805EBDA
:106DE0008702516043F100024FF0000B0121C4E71C
:106DF00003995B00013B05EB83035A6812EB0C001F
:106E000048F100025860238805EBC3035A602388C9
:106E10005B0001332B80BAF1000F22D12B8853B1D4
:106E2000013B002B05DB05EB830252680AB9013BED
:106E3000F7E701332B802A462846FFF76FFD2146EE
:106E40002846FEF7FCFBB0F1FF3F03D1002005B060
:106E5000BDE8F08F00232A4621462846FEF7DEFDD6
:106E6000F4E72A462846FFF759FD2846FEF72CFE90
:106E7000238800950133224621462846FEF738FE36
:106E8000E4E700284BD02DE9F04182B00D461446CE
:106E90001E460746002945D022B32B88002B44D03C
:106EA0002CB13A88D21A013261888A4240DA56B14E
:106EB0003A88934202D371888A423CD2934202D2EA
:106EC000728893423AD23B88C12B10D001339BB2D7
:106ED00000933346224629463846FFF786FD02B026
:106EE000BDE8F081002BD8D16FF06100F7E72846AC
:106EF000FFF7C3FA434200F01F0003F01F0358BF1F
:106F00005842C0F1200840B13846FFF7B6FA404475
:106F1000B0F5C15F15DCC123DAE7C123D8E76FF014
:106F2000610070476FF06100D9E76FF06100D6E74C
:106F30006FF06100D3E76FF06100D0E76FF06100A0
:106F4000CDE76FF06100CAE750B108B5134651B103
:106F500062B10288C02A0CD80022FFF792FF08BD58
:106F60006FF0610070476FF06100F8E76FF061004B
:106F7000F5E76FF06100F2E72DE9F04782B00646D1
:106F800088461746994603881488A3422FD30C8855
:106F9000A3422AD35C1C002500950195C12C2DD954
:106FA00000256FF06104C4B939463046FEF76BFB2B
:106FB000B0F1FF3F47D184B939464046FEF763FB45
:106FC000B0F1FF3F47D144B941463046FEF75BFB85
:106FD000B0F1FF3F48D0002C4ED015B12846F5F750
:106FE00079F8204602B0BDE8F0870134D3E70B887A
:106FF0009C4201D85C1CCEE70134CCE7A246012CB0
:1070000038BF4FF0010A0AF1010A4FEACA00F5F74A
:1070100055F80546002836D00090A4B244800123DC
:10702000012B01DD0024BEE75A1E02A901EB8202FA
:1070300052F8082C02EB8A0201EB830141F8082C7C
:1070400054800133ECE7009A39463046FFF77CFF65
:107050000446009EAFE7019A39464046FFF774FFA9
:107060000446DDF80480AEE7009A39463046FFF763
:1070700087FB0446009EAEE74A4641463046FFF78E
:10708000A0FB0446A9E76FF06004A6E788B1844638
:1070900091B1A2B1B3B10088C02816D80888C02821
:1070A00016D81088C02816D808B56046FFF764FFC8
:1070B00008BD6FF0610070476FF0610070476FF0BE
:1070C000610070476FF0610070476FF061007047BA
:1070D0006FF0610070476FF061007047A8B184469F
:1070E000B1B1C2B110B503880C8803EB040E50880F
:1070F000864513DC03B124B91046FEF795FA00204B
:1071000010BD6046FEF7F0FEFAE76FF061007047D1
:107110006FF0610070476FF0610070476FF06100C1
:10712000EEE72DE9F84304460D4690469946B0F83F
:1071300000C00B889C44BCF1C10F0EDCBCF1010FF8
:1071400009DD0CF1010C4FEA8C00F4F7B7FF07469C
:1071500038B3002604E00820F7E700276FF0610647
:1071600036B117B13846F4F7B5FF3046BDE8F883BD
:1071700021882B88194489B23846FFF773F80646F0
:107180000028EED13A4629462046FFF7A7FF0646DB
:107190000028E6D14A4641463846FFF7D5FE064666
:1071A000DFE76FF06006DCE738B515461C46934212
:1071B0000AD01A46FFF792FF00B138BD2246294691
:1071C0002046FFF7C1FEF8E7FFF7ABFFF5E72DE933
:1071D000F04F89B080460C46029200230593069337
:1071E00007930888431CC12B2FD8012B0FD900EB24
:1071F000400080001830F4F761FF0646002800F0D8
:10720000B480059023880133438001230CE01820CB
:10721000F1E708220A4408A901EB830141F80C2C8C
:107220002188013151800133022B0CDC5A1E08A940
:1072300001EB820252F80C1C2288501C0128E8D96C
:1072400002329200E6E7002502E000266FF06105B9
:10725000002D40F08E802088602800F39780002861
:107260003DD00130C000F4F729FF0746002800F0A8
:107270009180DDF81490DDF818A0DDF81CB02188AD
:10728000013189B24846FEF7EDFF0546002871D16D
:107290002188013189B25046FEF7E4FF05460028F7
:1072A00068D12188013189B25846FEF7DBFF0546D7
:1072B00000285FD12188490089B2013189B238465E
:1072C000FEF7D0FF0546002854D12388F3B1636848
:1072D00013F0010F05D003904046214619E0082025
:1072E000C1E749464046FEF754FD52464146204616
:1072F000FFF72AFE054600283CD1BAF80030002BE3
:107300004BD0504641460123039302E00390404690
:1073100021467DBB0197CDF800B053464A46FEF7A3
:1073200048FD054630BB039BD3B13A46214638465B
:10733000FFF7D4FE0546E8B93A4601213846FEF784
:107340001FFA00233A4641463846FFF79AFD0546A4
:1073500080B9029A39462046FFF733FA054609E01C
:1073600002993846FEF715FD04E007466FF0600508
:1073700000E0002717B13846F4F7ACFE16B13046EE
:10738000F4F7A8FE284609B0BDE8F08F00276FF09B
:107390006105EFE76FF06005ECE76FF06105E9E785
:1073A00088B108B5864689B19AB1ABB19A4206D088
:1073B000B0F800C008888444588884450FDC7046C3
:1073C000FFF7F2FE08BD6FF0610070476FF06100DB
:1073D000F8E76FF06100F5E76FF06100F2E76FF03A
:1073E0006100EFE7F8B500283AD00C46154607468D
:1073F000002938D0002A39D091423AD00A886B88C7
:10740000B3EB420F38DBFEF71AF9B0F1FF3F1AD1A8
:107410000026B6B93B8893B322889AB37A6812F0F3
:10742000010F03D1626812F0010F2ED0012B02D19F
:107430007B68012B0FD02A4621463846FFF7C7FE4E
:1074400006463046F8BD2A4621463846FFF77CFD01
:1074500006462F46DDE701212846FEF749F9F0E709
:107460006FF06106EDE76FF06106EAE76FF0610625
:10747000E7E76FF06106E4E76FF06106E1E76FF0C0
:107480006106DEE76FF06106DBE76FF06106D8E7C3
:10749000E0B170B50D4614460646D2B100291BDB9B
:1074A000FEF7EBFF28446388B0EB431F17D8A642D2
:1074B00005D021463046FEF75FFF10B170BD0020B9
:1074C000FBE729462046FEF71DFEF7E76FF0610057
:1074D00070476FF06100F1E76FF06100EEE76FF069
:1074E0006100EBE788B1024691B108B5038848888E
:1074F000B0EB430F0FDB23B90846FEF795F80020E9
:1075000008BD1046FEF774FDFAE76FF061007047A2
:107510006FF0610070476FF06100F1E72DE9F04F07
:107520008FB081460C46019200932822002104A8C6
:1075300002F066FE23885A000132C12A34D8012A9B
:1075400011D9013303EB83031801F4F7B7FD0546A6
:10755000002800F04581049023885B009BB2013332
:10756000438001220EE05020EFE7082319440EABC0
:1075700003EB820343F8281C23885B009BB2013392
:107580004B800132092A0DDC531E0EA901EB830347
:1075900053F8281C2388580001300128E5D901330D
:1075A000DB00E3E7002602E000256FF061063EB154
:1075B00015B12846F4F78EFD30460FB0BDE8F08FC8
:1075C000DDF83080DDF834B021884900013189B21E
:1075D0004046FEF72DF82188013189B25846FEF762
:1075E00027F821884900013189B20498FEF720F874
:1075F00004994846FEF7CDFB012700E00137002E35
:107600003ED1072F3CDC21884900013189B20EAB05
:1076100003EB870656F8280CFEF70AF87B1E0EAA25
:1076200002EB830356F8281C53F8280CFFF75AFF87
:1076300006460028E2D10023009A21460EA800EB5E
:10764000870050F8280CFFF72AFB06460028D5D102
:107650000EAB03EB870353F8280C02464946FFF7AD
:107660003DFD06460028C9D10023009A21460EA8F8
:1076700000EB870050F8280CFFF711FB0646BDE72A
:10768000002E95D15A4602212046FEF779F8584639
:10769000FEF7F3FEA0F102090127B9F1000F0ADBA2
:1076A00049465846FEF7D6FE28B1082F03D009F107
:1076B000FF390137F1E7013F0EAB03EB8707414686
:1076C00057F8280CFEF765FBB24603953546CDF812
:1076D00008B018E0013D87B9002D0EDD4146404657
:1076E000FFF700FF07460028F4D10023009A214647
:1076F0004046FFF7D4FA0746ECE7E7B1B2463E460C
:1077000009F1FF395D4676BBB9F1000F2BDB494625
:107710000298FEF79FFE824405F1010BBAF1080FB3
:1077200004D00028ECD1BAF1000FE9DDC0F1010B63
:1077300005443746CFE70AF1FF3A0EAB03EB8A0A5E
:1077400042465AF8281C4046FFF7C8FC064608B1D6
:10775000BA46D5E70023009A21464046FFF79FFA34
:10776000B2460646CCE72F46039D002E7FF420AF9D
:10777000DDF8009000E0013F86B9002F0EDD4146A4
:107780004046FFF7AFFE06460028F4D100234A46E4
:1077900021464046FFF783FA0646ECE7002E7FF4C9
:1077A00007AFBAF1000F16DD0AF1FF330EAA02EBA4
:1077B0008303019A53F8281C4046FFF78FFC0646C6
:1077C00000287FF4F5AE0023009A21460198FFF7C8
:1077D00066FA0646ECE601994046FEF7DAFAE7E675
:1077E0006FF06006E4E6F0B110B58446A1B1EAB1ED
:1077F0000C88602C1DDC508884421DD8BCF8000029
:10780000E8B1FCB1012C02D0002040B110BD4868A5
:1078100002281AD90020F8E76FF06100F5E760460A
:10782000FFF77CFEF2E76FF0610070476FF06100D8
:10783000ECE76FF06100E9E76FF06100E6E76FF0F9
:107840006100E3E76FF06100E0E76FF06100DDE702
:107850002DE9F04104468846174603885B00C12B9A
:107860000BDC012B07DD01339800F4F727FC0646FB
:1078700020B3002504E00820F7E700266FF061053B
:1078800035B116B13046F4F725FC2846BDE8F08145
:10789000218849003046FEF7E5FC05460028F0D176
:1078A00031462046FFF71EFE05460028E9D13A463C
:1078B00041463046FFF748FB0546E2E76FF06005BA
:1078C000DFE748B338B50D461446034639B34AB32B
:1078D000914204D001885288B2EB410F25DBA542CA
:1078E00007D0A54212D021461846FFF7FBFD38B15C
:1078F00038BD1A885200C12AF3DD6FF06100F7E746
:10790000224629462046FFF71FFBF1E7224629467B
:107910001846FFF79DFFEBE76FF0610070476FF0CF
:107920006100E5E76FF06100E2E76FF06100DFE71B
:107930002DE9F04F87B08246019115469846002305
:10794000039304930593B8F800305A000132C12A1A
:1079500036D8012A11D9013303EB4303D800F4F7D9
:10796000ADFB8346002874D00390B8F800305B006C
:107970009BB20133438001220FE01820EFE7082378
:10798000194406AB03EB820343F80C1CB8F8003033
:107990005B009BB201334B800132022A0EDC531E86
:1079A00006A901EB830353F80C1CB8F8003058000B
:1079B00001300128E3D90133DB00E1E7002403E0D3
:1079C0004FF0000B6FF0610474B1002C44D0002C18
:1079D00000F09C80BBF1000F02D05846F4F77AFB10
:1079E000204607B0BDE8F08FB8F80010490001311B
:1079F00089B20398FDF71CFEB8F800104900013168
:107A000089B20498FDF714FEB8F80010490001315E
:107A100089B20598FDF70CFE41465046FDF70FFE72
:107A2000B0F1FF3F10D0039A41465046FFF78CFA61
:107A300004460028C9D1039B1B88002BC5D1002117
:107A40001098FDF755FEC5E703995046FEF7A1F9DA
:107A5000BBE76FF06004B8E704990398FEF799F963
:107A6000013DA14600E0013D002CB0D1002DAEDB70
:107A700089F00103284A52F823700398384052F8DD
:107A80002960049B334005991844FEF782F9059854
:107A900002464146FFF715FF0446039B07EA030130
:107AA000049B1E4031440598FEF773F9002CDAD18F
:107AB0006B11019A02EB83035B6805F01F02D34050
:107AC00003F0010309EA030249EA030982F0010114
:107AD000114B53F821700398384053F82260049BEF
:107AE000334005991844FEF754F905980346424679
:107AF0005146FFF759FB0446039B07EA0301049B29
:107B00001E4031440598FEF744F9ACE710990498FB
:107B1000FEF73FF95EE700BFF0FB040860B1844662
:107B200069B110B50C886CB14088B0EB440F0CDD26
:107B30006046FFF7B4F810BD6FF0610070476FF05A
:107B4000610070476FF06100F5E76FF06100F2E7E8
:107B500058B108B561B102886AB1426812F0010FEC
:107B60000CD0FEF7D5F8002008BD6FF0610070471B
:107B70006FF06100F8E76FF06100F5E76FF061000A
:107B8000F2E7002838D070B50E460546002936D0F9
:107B90000846FEF772FC04466B88B0EB431F31D2F7
:107BA0001F2800D820242846FDF73EFD2146284600
:107BB000FEF79DFC00B170BD2A4631462846FEF70F
:107BC00000FE0028F7D1202C0BD02B88002BF2D000
:107BD000013B002B0DDB05EB830252684AB9013BE8
:107BE000F7E76B687268B3FBF2F102FB11336B606D
:107BF000EBE701332B80DEE76FF0610070476FF039
:107C00006100D8E76FF06100D5E72DE9F04F89B04A
:107C100000900F4690460393002307930593069325
:107C2000B2F800A04FEA4A030133C12B36D8012B2A
:107C300014D90AF101000001F4F740FA06460028C1
:107C400000F0E9800590B8F800305B009BB201338A
:107C500043800122012A03DD002422E01020EBE70B
:107C6000531E08A901EB830353F80C1CB8F800302D
:107C70005800013001280FD90133DB00194408AB4B
:107C800003EB820343F80C1CB8F800305B009BB296
:107C900001334B800132DDE70823EFE700266FF068
:107CA00061043CB1002502952F46AB460196234660
:107CB0002C468DE005980290069DB8F8001049000A
:107CC000013189B2FDF7B4FCB8F800104900013168
:107CD00089B22846FDF7ACFCBAF1010F15D8BAF10C
:107CE000010F17D941462846FFF74BFF8346BBF1EA
:107CF000000F40F09A80BAF1010F11D85C46B4B180
:107D00000027019623465C4662E007A94046FDF73E
:107D1000FFFFE4E701212846FEF730FC8346E6E753
:107D2000029A10214046FFF7B3FB0446E7E77B1EAB
:107D3000A7F1020B009A02EB830359680F012A4650
:107D4000090F2846FFF7A4FB0446002875D1BAF1B5
:107D5000010F06D864B14FF01C09019623464C462A
:107D600036E02A4602992846FEF70AFD0446F1E766
:107D70002A4641462846FFF7E7F84FF01C090196CE
:107D800003464C4624E02A4641462846FFF7DCF8E5
:107D900003460136032E12DC8BB929462846FFF72D
:107DA000A1FB03460028F4D1BAF1010FEBD900235F
:107DB000079A41462846FEF772FF0346E9E7C3B13A
:107DC000002B48D12A4641462846FFF7BDF8034616
:107DD000002B40D1BBF1000F35DBB4BB009A02EBA6
:107DE0008B0257684FEA17793F010BF1FF3B1C24C8
:107DF0002FE02A4649462846FFF74AFB034600285B
:107E0000DED1BAF1010FDBD92A4602992846FEF7E6
:107E1000B7FC0346D4E7054602900027BB466FF047
:107E20006004019023463C46D2E7A1465C46CB461F
:107E30000027019623464C46CAE74FF01C090196DD
:107E400003464C46C4E7032C05DD4FEA17793F0192
:107E5000043C1E469EE7019E1C461BB9BAF1010F69
:107E600008D87CB116B13046F4F734F9204609B091
:107E7000BDE8F08F0023079A41462846FEF70FFF22
:107E80000446EEE703992846FDF783FFEAE7000082
:107E90002DE9F04F89B004468946154698460023DF
:107EA0000493059306930793B8F800004300013349
:107EB000C12B34D8012B0FD901304001F4F7FEF863
:107EC000824600287CD00490B8F800305B009BB25A
:107ED0000133438001220FE02020EFE708231944FB
:107EE00008AB03EB820343F8101CB8F800305B00CA
:107EF0009BB201334B800132032A0EDC531E08A9CA
:107F000001EB830353F8101CB8F80030580001301F
:107F10000128E3D90133DB00E1E7002703E04FF05C
:107F2000000A6FF0610777B1002F4CD0002F00F0EE
:107F3000E280BAF1000F02D05046F4F7CBF8384691
:107F400009B0BDE8F08FB8F800104900013189B2DE
:107F50000498FDF76DFBB8F800104900013189B2B3
:107F60000598FDF765FBB8F800104900013189B2AA
:107F70000698FDF75DFBB8F800104900013189B2A1
:107F80000798FDF755FB41462046FDF758FBB0F139
:107F9000FF3F10D0049A41462046FEF7D5FF074622
:107FA0000028C1D1049B1B88002BBDD10021129851
:107FB000FDF79EFBBDE704992046FDF7EAFEB3E717
:107FC0006FF06007B0E703A94046FDF7A1FE414608
:107FD0000598FFF7D6FD044608B1013D2EE0049850
:107FE00002460599FFF77AF804460028F5D104986F
:107FF000038801330093034600224146FEF7F5FC57
:1080000004460028E9D105990498FDF7C2FE0699B7
:108010000498FDF7BEFEE0E70023039A4146079867
:10802000FEF73DFE044624E0049B0BEA0301059B9A
:108030001E4031440798FDF7ACFE013D002C4FD1A6
:10804000002D4DDB87F001032D4A52F823B0049830
:1080500000EA0B0052F82760059B3340079918444B
:10806000FDF797FE07980146FFF73CFA0446002803
:10807000D2D0049B0BEA0301059B1E4031440798B4
:10808000FDF787FE002CD8D16B1109EB83035B68E9
:1080900005F01F02D34003F0010307EA03021F4368
:1080A00082F00101164B53F821B0049800EA0B004E
:1080B00053F82260059B334007991844FDF769FE89
:1080C000079802460699FFF709F804460028ABD145
:1080D0000023039A41460798FEF7E1FD0446A3E713
:1080E0000CB1274622E70023039A41460598FEF784
:1080F000D6FD0446F5E712990598FDF74AFE18E704
:10810000F0FB04082DE9F04F85B006460F46914676
:108110001D46DDF838B01846FEF7AFF98046304608
:10812000FEF7ABF982463846FEF7A7F90390DEB1B9
:1081300067B19DB3BBF1000F33D0B9F1000F33DB52
:108140002B88602B33DCABB3002401E06FF06104BB
:1081500064B92B88012B09D16B68012B06D1002152
:108160005846FDF7C5FA5AE06FF061040CB93B8838
:108170001BB364BB29463046FDF761FAB0F1FF3FFF
:1081800025D05F451ED05D451FD05A462946304652
:10819000FEF7DAFE0446D0B95E4618E06FF06104DF
:1081A000E4E76FF06104E1E76FF06104DEE76FF090
:1081B0006104DBE76FF06104D8E701215846FDF761
:1081C00097FA2CE06FF0610401E06FF061040CB9E4
:1081D000338843B33CB92A88BBF80230B3EB420F73
:1081E00001DC6FF061045CB9B8F5806F20D0B8F5A0
:1081F000006F33D0B8F5C06F46D0B8F5406F59D096
:1082000014B93388012B6BD03CB92B88012B04D9CE
:108210001BB16B6813F0010F74D1002C7DD0204688
:1082200005B0BDE8F08F00215846FDF761FAF6E78A
:108230002B88002BDBD06B6813F0010FD7D0BAF579
:10824000806FD4DC039BB3F5806FD0DC5B462A469D
:1082500039463046FCF72CFB0446E0E72B88002B20
:10826000C8D06B6813F0010FC4D0BAF5006FC1DC41
:10827000039BB3F5006FBDDC5B462A4639463046AA
:10828000FCF7ECF90446CAE72B88002BB5D06B68E5
:1082900013F0010FB1D0BAF5C06FAEDC039BB3F59C
:1082A000C06FAADC5B462A4639463046FCF76AFEB8
:1082B0000446B4E72B88002BA2D06B6813F0010FA3
:1082C0009ED0BAF5406F9BDC039BB3F5406F97DC03
:1082D0005B462A4639463046FCF741FD04469EE798
:1082E0007368022B90D12B88002B8DD06B6813F014
:1082F000010F89D05B462A4649463846FFF785FC80
:1083000004468CE7CDF800B02B464FEA49123946B7
:108310003046FFF7BDFD044681E7CDF800B02B469F
:108320004FEA491239463046FFF702FB044676E72A
:1083300060B171B182B193B100B583B000931346BF
:108340000A88FFF7DFFE03B05DF804FB6FF0610001
:1083500070476FF0610070476FF0610070476FF019
:10836000610070472DE9F04707460C4691461D46CF
:10837000DDF820A00023136001212046FEF707F955
:10838000012850D1064629463846FDF7F5FF6B68AF
:10839000013B6B602846FDF77BF98046524601465B
:1083A0002846FEF7BBFA23463A4651462046FFF7D9
:1083B000BFFF824658B90121C9F800102046FEF7D8
:1083C000E6F820B129462046FDF75DF998B95046F8
:1083D000BDE8F0870023C9F80030D9F80030012B40
:1083E000F5D129462046FDF74EF90028EFD00023AD
:1083F000C9F80030EBE74645EFDA29462046FDF79D
:1084000042F90028E9D0224639462046FFF759FABA
:1084100082460028E1D101212046FEF7B8F8002865
:10842000D8D00136E7E76FF0610AD0E72DE9F04FC9
:1084300087B00746894616460023049305930088B3
:10844000C0280DD9002303936FF06108B8F1000F25
:108450006CD13B88602B77DC3BB30133D80025E03F
:108460000230C000F3F72AFE039000285AD004908F
:108470003B88013343800123012B02DD4FF00008CC
:10848000E4E75A1E06A901EB820252F8082C39884B
:10849000023102EB810206A901EB830141F8082CAD
:1084A0003988013151800133E6E70820F3F706FEF1
:1084B000054600284CD0DDF810B0DDF814A039884E
:1084C00001315846FDF7B4F8398801315046FDF7BF
:1084D000AFF83988490089B2013189B22846FDF7E1
:1084E000A7F844464C4513DA1B4B33F814102846C2
:1084F000FDF7FEF8CDF800A05B4632462946384627
:10850000FFF730FF804618B933680BB10134E9E753
:108510005846FDF70CFF5046FDF709FF2846FDF7CA
:1085200006FF04E0039D6FF0600800E0002515B130
:108530002846F3F7CFFD039B13B11846F3F7CAFDA6
:10854000404607B0BDE8F08F00256FF06108EEE708
:108550006FF06008EBE700BFB0F904082DE9F04FB9
:108560008DB005460F4690469A46FDF786FF0646B3
:1085700000F107094FEAD90900230A930B930893E6
:1085800009932888C02810D9002306936FF061034F
:108590000393039B002B40F0D2802B88602B00F3C9
:1085A000DE8043B30133180126E00230C000F3F748
:1085B00085FD0690002800F0BC800A902B880133CE
:1085C00043800123012B02DD00230393E1E75A1EC0
:1085D0000CA901EB820252F8082C2988023102EB27
:1085E00081020CA901EB830141F8082C2988013193
:1085F00051800133E6E71020F3F760FD0790002873
:1086000000F0B38008902B885B0001334380012386
:10861000012B28DDDDF828B00B9B0493089C099AF8
:108620000592298801315846FDF702F82988013161
:108630000498FCF7FDFF2988490089B2013189B20D
:108640002046FCF7F5FF2988490089B2013189B23B
:108650000598FCF7EDFF5A4602212846FDF790F8F1
:1086600006F01F0623E05A1E0CA901EB820252F805
:10867000101C2A886AB10132D20011440CAA02EB04
:10868000830242F8101C2A88520001324A800133CA
:10869000BEE70822F1E7002B05DB04EB83025268FA
:1086A0000AB9013BF7E7013323801AE0013F002FAD
:1086B00032DD4A46211D5046F4F7EFFD039058BBCA
:1086C0002A8822806EB1531E04EB830CDCF8041060
:1086D0004FF0FF30B04021EA0001CCF80410002A2E
:1086E000D9D102212046FDF752FF0128DFD159469A
:1086F0002046FCF7C8FFB0F1FF3FD8D1059B00939F
:10870000049B424621462846FFF72CFE039018B9E9
:10871000D8F80030002BC9D10498FDF71AFE05984F
:10872000FDF717FE2046FDF714FE5846FDF711FE33
:1087300007E0069B07936FF06003039301E00023BB
:108740000793079B13B11846F3F7C4FC069B13B1BC
:108750001846F3F7BFFC03980DB0BDE8F08F002377
:1087600007936FF061030393EBE76FF060030393EC
:10877000E7E72DE9F04786B082460F461646984651
:108780000846FDF77AFE04460023039304933088DD
:1087900060282DDC40B101300001F3F78FFC8146E9
:1087A00020B96FF0600528E01020F6E703903388C9
:1087B0005B00013343800123012B01DD00251BE019
:1087C0005A1E06A901EB820252F80C1C328812B123
:1087D0000132D20000E00822114406AA02EB830213
:1087E00042F80C1C3288520001324A800133E3E720
:1087F0004FF000096FF0610575B1002D35D0002DE7
:1088000000F09180B9F1000F02D04846F3F762FC06
:10881000284606B0BDE8F087318849000131039849
:10882000FCF706FF3188490001310498FCF700FF8E
:1088300031465046FCF703FFB0F1FF3F10D0039ADA
:1088400031465046FEF780FB05460028D5D1039BF4
:108850001B88002BD1D100214046FCF749FFD1E70E
:1088600003995046FDF795FAC7E705A93046FDF78D
:108870004FFA31460498FFF784F9054608B1023CE7
:1088800019E0039802460499FEF728FC05460028E3
:10889000F5D1039803880133009303460022314643
:1088A000FEF7A3F805460028E9D104990398FDF7DF
:1088B00070FAE4E7013C5DBB002C29DB039801461C
:1088C000FEF710FE05460028F4D10023059A314634
:1088D0000398FEF7E4F905460028EBD1631107EB96
:1088E00083035B6804F01F02D34013F0010FE1D053
:1088F000039802460499FEF7F1FB05460028D9D1FA
:108900000023059A31460398FEF7C9F90546D1E7D9
:10891000002D7FF474AF0023059A31460398FEF7CB
:10892000BEF905466BE741460398FDF732FA69E761
:1089300000283BD0844600293BD0002A3CD0002BA5
:108940003DD030B583B01488002C3BD0012C13D01F
:108950000888D0B1BCF80050F5B15D88B5EB440F84
:1089600033DD546814F0010F1CD10093134642010B
:108970006046FEF7DDFF0DE050680128E8D10021D8
:108980001846FCF7B5FE002004E001211846FCF76C
:10899000AFFE002003B030BD00211846FCF7A8FE52
:1089A0000020F7E76046FFF7E4FEF3E76FF06100B1
:1089B00070476FF0610070476FF0610070476FF0B3
:1089C000610070476FF06100E4E76FF06100E1E77C
:1089D00040B108B5FDF751FD073001D4C01008BD06
:1089E0000730FBE700207047F8B5002846D069B192
:1089F0004388B2EB830F44D8D31C9D08C3F38F0385
:108A00000380561E34464FF0000E1AE0002AEFD0C5
:108A10006FF0610031E00B5D01EB040C1CF8017C90
:108A200043EA07231CF8027C43EA07431CF803CC03
:108A300043EA0C6300EB8E0CCCF804300EF1010E0F
:108A4000043C022CE7DC002C14DB031DADB2013D1D
:108A500000EB850500276F60012C06D0022C01D0A9
:108A600034B107E0D41E8D781D55023A4C789C54E1
:108A70000A789A55FDF728F80020F8BD6FF06100DC
:108A8000FBE76FF06100F8E790B310B5864691B34D
:108A9000002A33DB531E028802BB002025E0BEF80B
:108AA0000020013A624503D824B16FF0610001E073
:108AB0006FF061000CF1010C002B16DBBEF80020FA
:108AC000624512D90EEB8C02546800221F2AF1DC99
:108AD000CC54240A013BE2D40832F7E74FF0000CF3
:108AE0006046E9E70022CA54013B002BFADA10BDC8
:108AF0006FF0610070476FF06100F8E76FF06100A0
:108B0000F5E738B504460D46FFF762FF02462946F1
:108B10002046FFF7B9FF38BD48B330B50C460546CF
:108B200041B3002A29DB531E4FF0FF3C002115E022
:108B300000EA0C0E04F803E0000A0132013B002BAE
:108B400001DB032AF4D92A88013A8A4294BF002221
:108B5000012202FB0CFC0CF001021144002B04DB8F
:108B600005EB810250680022E9E7002030BD6FF07C
:108B7000610070476FF06100F8E76FF06100F5E7A2
:108B8000C0B18446C9B108B50B782D2B03D16FF065
:108B900061000AE001310B78302BFBD0102A05D0A0
:108BA0000A2A0DD16046FDF7CBF808BD6046FDF7F7
:108BB000FBFAFAE76FF0610070476FF061007047F1
:108BC0006FF06100F1E770B582B0144600230193A5
:108BD000C0B10D460646002A3ED00388602B41DC1A
:108BE0004A1EFF2A14D8012B17D0019B13B93388D2
:108BF000012B1AD0019B1BB3002008B9019B2BB39A
:108C000002B070BD5AB3002313606FF06100F7E744
:108C1000002323606FF06100F2E74368012BE4D189
:108C20000023236001230193DFE7726840F253635E
:108C30009A42DFD821463046FDF7C4FC0190D9E7BF
:108C4000224601A93046FDF729FDD6E722462946EE
:108C50003046FFF7EBFBD3E76FF06100D0E76FF032
:108C60006100CDE76FF06100CAE7F0B583B014464C
:108C70001D46012301930023009300283DD00E469A
:108C80000746002A3CD0002D3DD00388602B3DDCF8
:108C90004A1EFF2A3DD8012B0FD0009B13B93B88F9
:108CA000012B12D0009BDBB1002008B9009BEBB177
:108CB0000CB1019B236003B0F0BD4368012BECD1E4
:108CC0000023019301230093E7E77A6840F253639E
:108CD0009A42E7D801A93846FDF774FC0090E1E715
:108CE00001AA69463846FDF7D9FCDEE72B4601AA02
:108CF00031463846FFF732FCDAE76FF06100D7E71C
:108D00006FF06100D4E76FF06100D1E76FF06100B0
:108D1000CEE76FF06100CBE708B50A4B1A68013A5D
:108D20001A601B68002B04DB064B1B682BB100206C
:108D300008BD044B00221A60F6E70348F3F766F912
:108D4000F5E700BF4C320120D8C804080020704766
:108D500008B5064B1B683BB90548FFF7F7FF20B97C
:108D6000024B01221A6000E0002008BD44320120BD
:108D70004832012010B50B4B1B6833B10024094A5F
:108D8000136801331360204610BD0748F3F73EF91E
:108D9000FFF7DEFF04460028F1D00448F3F728F976
:108DA000F1E700BF4C320120ECC80408FCC80408FD
:108DB000002070470020704708B5FFF7C9FF10B9C1
:108DC0000148FFF7F7FF08BD483201200020704737
:108DD00008B5054B1B681BB10448FFF7F7FF08BD3A
:108DE0006FF06900FBE700BF4432012048320120E8
:108DF00008B1008870470020704740B1002908DBA7
:108E000002888A4207D900EB810358687047002026
:108E1000704700207047002070472DE9F843002874
:108E200044D01646C1F100080746002A41D0018807
:108E300001311046FDF75AFA8146C0B14846BDE8F7
:108E4000F88321463846FFF7D8FF054621463046CD
:108E5000FFF7D3FF454005EA080506EB8402536897
:108E60006B40536001343B88A342EAD813E00024EE
:108E7000F9E721463846FFF7C0FF05462146304650
:108E8000FFF7BBFF454005EA080506EB840253687F
:108E90006B40536001343388A342EAD83A885A4081
:108EA00008EA020883EA08033380C7E76FF0AC09D9
:108EB000C4E76FF0AC09C1E708B50422F4F7EDF997
:108EC00008BD38B504460B464FEA810C154642B141
:108ED00018B3002924DD4188994224D3002018B119
:108EE00038BD6FF0EB00FAE7214621F8043B6246FB
:108EF0002846F4F7D2F90028F2D10028F0D12188D1
:108F0000013904EB81035B68002BE9D104EB81019B
:108F100004312846FFF7D0FFEFE76FF0AC00DFE742
:108F20006FF0AC00DCE76FF0AC00D9E72DE9F0475B
:108F3000089D0F4604468C46002B48D18A421646AF
:108F400061D9B2FA82F34BB1C3F1200201FA03FCFA
:108F500020FA02F29E4042EA0C0C9C404FEA164E68
:108F6000B7B2BCFBFEF1220C0EFB11CC42EA0C4264
:108F700001FB07F0904209D9B21801F1FF3C80F0E3
:108F8000EE80904240F2EB8002393244121AA4B2D1
:108F9000B2FBFEF00EFB102244EA024400FB07F78E
:108FA000A74209D9341900F1FF3280F0DA80A742D4
:108FB00040F2D7803444023840EA0140E41B0021EB
:108FC0001DB1DC400023C5E90043BDE8F0878B42BA
:108FD00006D90DB1C5E9000100210846BDE8F087BA
:108FE000B3FA83F1002948D1BB4202D3824200F296
:108FF0000781841A67EB030201209446002DE4D018
:10900000C5E9004CE1E7002A00F09280B2FA82F351
:10901000002B40F0A8808A1A4FEA164E1FFA86FCF1
:109020000121200CB2FBFEF70EFB172240EA0242A0
:109030000CFB07F0904207D9B21807F1FF3802D2B3
:10904000904200F2E2804746121AA4B2B2FBFEF050
:109050000EFB102244EA02440CFB00FCA44507D995
:10906000341900F1FF3202D2A44500F2CB80104641
:10907000A4EB0C0440EA0740A2E7C1F120068B40B4
:1090800022FA06FC4CEA030C07FA01F420FA06F374
:10909000F7404FEA1C49234300FA01F81FFA8CFEFF
:1090A000B7FBF9F01C0C09FB107744EA074400FBFE
:1090B0000EF7A74202FA01F20AD91CEB040400F1F0
:1090C000FF3A80F09B80A74240F2988002386444C7
:1090D000E41B9FB2B4FBF9F309FB134447EA0444D1
:1090E00003FB0EFEA64509D91CEB040403F1FF3770
:1090F00080F08280A6457FD9023B644443EA004069
:10910000A4EB0E04A0FB02E7BC427346B94663D34E
:1091100060D05DB1B8EB030264EB090404FA06F613
:1091200022FA01F31E43CC40C5E9006400214CE75C
:109130006208480842EAC1710B0C43EA00438AB254
:1091400042EA0342B3FBF6F1E407B4463746B646BB
:109150001F23B0FBF6F0D21B41EA004161E76146F4
:1091600014E7104628E7C3F1200120FA01F29E40DF
:1091700027FA01F19F403A434FEA164E1FFA86FC48
:10918000B1FBFEF70EFB1710110C41EA004107FB83
:109190000CF8884504FA03F43AD9711807F1FF3046
:1091A00001D288451FD8A1EB0801B1FBFEF808FBEE
:1091B0000CF70EFB181192B242EA0142BA422FD2CA
:1091C000B21808F1FF31C6D2BA42C4D2A8F10201E6
:1091D0003244C0E7F0459CD2BEEB020367EB0C07BC
:1091E0000138B94695E7A6EB08084144B81EB1FB23
:1091F000FEF808FB0CF7DCE73B467FE7504667E7E5
:109200000846FBE63444023832E7023F32441BE7AB
:10921000A1EB08013846B1FBFEF808FB0CF7C8E7E4
:10922000414698E7024B0146186800F00BB800BFB2
:1092300084040020024B0146186801F061B900BFA8
:10924000840400202DE9F04F01F10B05162D83B0A9
:10925000064623D8102900F2B48000F0BFFA10258A
:1092600018230220B84F3B44A3F108025C689442E3
:1092700000F064816368E268A16823F00303CA60B8
:109280002344304691605A6842F001025A6000F06F
:10929000ABFA0834204603B0BDE8F08F35F007057F
:1092A00000F18F80A94200F28C8000F097FAB5F5AA
:1092B000FC7FC0F0B8815FEA552E00F08980BEF1D6
:1092C000040F00F270814FEA951E0EF1390003B2CF
:1092D0000EF1380EDB009C4F3B44A3F1080C5C6898
:1092E000A44507D10DE0002AE16880F221818C4578
:1092F00007D00C46636823F003035A1B0F2AF2DDE4
:109300007046DFF848823C69444500F0FE8063689F
:1093100023F0030CACEB05030F2B00F38981002B2A
:10932000C7E9048880F27381BCF5007FD7F804E0B8
:1093300080F018814FEADC03013319B24FEA5C1C5C
:10934000012303FA0CF357F83120A2604EEA030E12
:1093500007EBC103083BE360C7F804E047F831407E
:10936000D46083104FF0010C0CFA03FCF44535D89F
:109370001CEA0E0F08D120F003004FEA4C0C1CEA47
:109380000E0F00F10400F8D007EBC00AD646814664
:10939000DEF80C300BE0596821F003014A1B0F2A5C
:1093A0001C46DB6800F30F81002A80F223819E4572
:1093B000F1D109F1010919F0030F0EF1080EE7D1FF
:1093C00061E10C2333600024204603B0BDE8F08F38
:1093D0004FF4007340204FF03F0E7CE7BC68636899
:1093E00023F00309A94504D3A9EB05030F2B00F3D0
:1093F0008F80574B1B68082003F1100804EB09030A
:10940000009300F0D3FF534A13680133A844834606
:1094100005D008F1FF388044434203EA080841467A
:10942000304600F0ABFFB0F1FF3F4A4A824600F001
:109430001B8104EB0903834200F21481464B186838
:1094400040440BF1FF3C186000F07281116801315B
:1094500000F07A8104EB0902AAEB020202441A60CE
:109460001AF00702CDE9002300F03281C2F10802B0
:109470009244D04408EA0C015A44521A02EA0C0BF6
:109480005946304600F07AFF421C019B00F079817A
:10949000A0EB0A0000EB0B081868C7F808A048F01A
:1094A00001025844BC42CAF80420186016D0B9F131
:1094B0000F0F40F24C816168A9F10C0222F0070203
:1094C00001F00101114361604FF0050CA1180F2A52
:1094D000C1E901CC00F25D81DAF804201F4B196864
:1094E000814238BF18601E4B1968814238BF18602E
:1094F000544622F00308A845A8EB050301D30F2B1F
:1095000006DC304600F070F95DE7D7F804E028E7A4
:10951000621943F0010345F0010565603046BA6009
:10952000536000F061F90834204603B0BDE8F08FC5
:10953000A2682344D16030468A60A4E6DC68A34276
:109540007FF498AE0230DCE6700000207800002046
:109550008032012068000020503201207C3201203E
:1095600078320120BCF5206F4FEA5C2272D3142AB6
:1095700000F2C18002F15C031BB25B32DB00F91820
:10958000FB580839994203D198E09B68994204D06E
:109590005A6822F003026245F7D8D968C4E902315B
:1095A0008C60DC60DDE6BEF1140F60D9BEF1540FB3
:1095B00000F2AB804FEA153E0EF16F0003B20EF1E0
:1095C0006E0EDB0087E6D4F808C03046661945F019
:1095D00001056560CCF80C30C3F808C042F0010307
:1095E000C7E90466C6E902887360625000F0FCF8BF
:1095F0000834E9E6214430464A6842F001024A60F4
:1096000054F8082FD3609A6000F0EEF8DCE6A4442A
:109610003046DCF8043043F00103CCF8043000F0AD
:10962000E3F80834D0E6E808431C1BB2DB0019E677
:10963000621943F0010145F0010565603046C7E954
:109640000422C2E90288516044F80C3000F0CCF8E2
:109650000834B9E64FEA9C1202F139031BB23832E2
:10966000DB008CE7BC425CD0BC68626841E70EF16D
:109670005C0003B20EF15B0EDB002CE65AF80839F1
:10968000534540F0A68010F0030F00F1FF30F5D1F4
:109690007B6823EA0C037B604FEA4C0C9C453FF649
:1096A0009DAEBCF1000F04D198E64FEA4C0C09F1D5
:1096B00004091CEA030FF8D0484665E692104FF003
:1096C000010C0CFA02F24EEA020EC7F804E065E75C
:1096D0000AEB080202EA0C02ABEB020202EA0C0BF4
:1096E0005946304600F04AFE431C019B7FF4D0AE41
:1096F000DDF800B0D0E6542A2DD84FEA1C3202F132
:109700006F031BB26E32DB0039E7BEF5AA7F2DD89E
:109710004FEAD53E0EF1780003B20EF1770EDB0072
:10972000D9E52D4B186840440BF1FF3C18608DE6DD
:109730001AEA0C0F7FF48AAED7F808A0C84448F0A4
:109740000102CAF80420C9E6C2F800A088E6012395
:10975000CAF80430D5E6B2F5AA7F25D84FEADC3244
:1097600002F178031BB27732DB0008E740F2545372
:109770009E4524D8AB0C03F17D0003F17C0EC300A1
:10978000A9E5009A083A9044A8EB0A084FF0000BAC
:1097900082E6304604F10801009300F0B1FE009B20
:1097A000D7F808A0186897E640F254539A420CD8AC
:1097B0004FEA9C4202F17D03DB007C32DFE64FF48E
:1097C0007E737F204FF07E0E85E54FF47E737E2200
:1097D000D5E67B6860E700BF50320120014800F009
:1097E0001FBE00BFC4330120014800F01BBE00BFF4
:1097F000C43301200A4B0B4819680B4AD1F8983042
:10980000D1F89CC003FB00F002FB0C00A3FB02326A
:10981000013340EB0200C1E9263020F000407047E0
:10982000840400202DF451582D7F954C0FB400B5C1
:10983000074983B004AB086853F8042B816801938F
:1098400003F05EF803B05DF804EB04B0704700BFAE
:10985000840400202DE9F84F1646002900F0988076
:109860000C46804606F10B05FFF7B8FF54F8041CC0
:10987000162DA4F1080921F0030758D81025AE428F
:1098800058D8AF4262DABF4B9A6809EB070C6245C1
:10989000DCF8040000F0928020F0010363445B6870
:1098A000DB076AD420F003003B189D4249DDCB075B
:1098B00012D454F8083CA9EB030BDBF8043023F076
:1098C0000302104400EB070A554540F3F88007EB0C
:1098D000020A554540F3CE8031464046FFF7B2FCC0
:1098E0000646002800F0228154F8043C23F00103CE
:1098F0004B44A0F10802934200F0B6803A1F242A9C
:1099000000F2D980132A00F2A4800346224611688F
:1099100019605168596092689A602146404600F08B
:10992000EFFD4046FFF760FF3046BDE8F88F35F0A9
:109930000705A4D50C23C8F8003000263046BDE842
:10994000F88F1F46DCE90223D3609A60D9F804300F
:109950007A1B0F2A03F0010309EB07001DD83B43D4
:10996000C9F80430436843F0010343604046FFF701
:109970003BFF26463046BDE8F88FC907ACD454F803
:10998000083CA9EB030BDBF8043023F003029EE74D
:10999000BDE8F84F1146FFF755BC09EB05012B4315
:1099A00042F00102C9F804304A60436843F0010301
:1099B00043600831404600F0A3FDD7E720F00300E4
:1099C000C21905F1100C624580F29180CA0783D458
:1099D00054F8082CA9EB020BDBF8042022F0030258
:1099E000104400EB070AD4453FF771AF5E46DBF841
:1099F0000C1056F8080F3A1F242AC160886000F244
:109A0000AE80132A40F2A9802168CBF80810616863
:109A1000CBF80C101B2A00F2A88008340BF11002BE
:109A20002168116061685160A16891600BEB0501CC
:109A3000AAEB050242F0010299604A60DBF80430AB
:109A400003F001032B434046CBF80430FFF7CCFE74
:109A500090E723680360636843601B2A3CD804F1E5
:109A6000080200F1080352E750F8043C23F0030316
:109A70001F446BE73A1F5E46DBF80C3056F8081FB0
:109A8000242ACB60996022D8132A1ED92368CBF8E8
:109A900008306368CBF80C301B2A3BD808340BF134
:109AA000100322681A6062685A60A2689A6034469D
:109AB0005746D9464AE7214600F026FB2DE7DCE968
:109AC00002133A1FCB609960D5E73346E9E7214698
:109AD000304600F019FBEAE7A3688360E368C360DF
:109AE000242A27D004F1100200F110030FE709EB3C
:109AF00005019960531B43F001034B6054F8043C8B
:109B000003F001032B43404644F8043CFFF76CFE8E
:109B100026462FE7A368CBF81030E368CBF8143063
:109B2000242A10D010340BF11803BAE74046FFF78F
:109B30005BFE02E7236903616169416104F1180278
:109B400000F11803E3E62369CBF818306369CBF81A
:109B50001C3018340BF12003A3E7324660E721469E
:109B6000304600F0D1FA074B60E7A168CBF810103F
:109B7000E168CBF81410242A06D010340BF1180237
:109B80004EE700BF700000202269CBF81820626900
:109B9000CBF81C2018340BF1200241E770B50546C4
:109BA00088B008460C46C7F74BF82A4E6A6B0590FA
:109BB00001214318CDE9066104A80221049403930E
:109BC000AC6801900291002A40D0636EB4F90C2079
:109BD000D8071AD5910421D442F4005223F400533B
:109BE000A2816366284601AA214605F05BF8636EF0
:109BF000002814BF4FF0FF350A25DA0702D4A389E5
:109C00009B0510D5284608B070BD900511D591046C
:109C1000E2D59E04E6D54FF0FF35F0E79E04E1D58E
:109C20004FF0FF35EEE7A06D00F0FCFB284608B0D2
:109C300070BDA06D00F0F4FBB4F90C20636E9004CD
:109C4000CAD59904CED54FF0FF35D6E7284600F0A7
:109C5000B3F9BAE7483B0408024B01461868FFF71E
:109C60009DBF00BF84040020B1F90C20F8B5130794
:109C70000C46074649D4496842F400630029A38191
:109C80005FDDA66A002E3ED0002112F480523D68AE
:109C9000396062D1E16901233846B047461C02466B
:109CA00069D0B4F90C30A66A580705D56368D21A92
:109CB000236B0BB1E36BD21AE16900233846B0473E
:109CC000411CB4F90C304AD139681D293FD82E4ABD
:109CD000CA40D2073BD52269226023F40062A281E8
:109CE000DE044FF00002626001D5002941D0216BF3
:109CF0003D6041B104F14003994202D0384600F082
:109D0000FFFB002323630020F8BD0E69002EFAD06C
:109D10000D680E6092070CBF4B690023AD1B8B6072
:109D20000CE0D4F824C0E1692B4632463846E047BF
:109D3000B0F1000CA5EB0C05664406DD002DF0DC4F
:109D4000E1E7E16B00299CDCDDE7B4F90C3043F07E
:109D50004003A3814FF0FF30F8BD226DA4E72269D4
:109D6000226023F40062A281DB044FF000026260F3
:109D7000BDD52065BBE73B68002B92D01D2B01D0E1
:109D8000162BE2D13D60BEE70100402038B50C46FD
:109D9000054608B1436B03B3B4F90C0088B1636E98
:109DA000DB0701D481050FD528462146FFF75CFF6C
:109DB000636EDA07054602D4A3899B0508D52846B9
:109DC00038BD0546284638BDA06D00F029FBEBE7FD
:109DD000A06D00F027FB284638BD00F0EDF8DBE76A
:109DE0000CB410B5214B00291C689CB038DB4FF037
:109DF00000034FF402721B93ADF8142002900690FA
:109E00001FAB18D001394FF6FF7204910791ADF8DE
:109E1000162002A91E9A0193204600F069FC421CFC
:109E200001DA8B232360029B00221A701CB0BDE86C
:109E3000104002B070474FF6FF7204910791ADF8E1
:109E4000162002A91E9A0193204600F051FC431CE3
:109E500001DA8B2323601CB0BDE8104002B07047CC
:109E60008B2323604FF0FF30F5E700BF8404002010
:109E7000024A0349034805F081B800BF7804002076
:109E800039F00308880400200C4B4168994210B552
:109E9000044601D005F0D0F8A168094B994202D0E0
:109EA000204605F0C9F8E168064B994204D02046E7
:109EB000BDE8104005F0C0B810BD00BF84320120DD
:109EC000EC320120543301202DE9F843314A324C61
:109ED0003249DFF8CC90DFF8CC80334F1160002599
:109EE00004232946082204F15C00C4E903352F4EFF
:109EF000A560C4E90055C4E90555656600F080F920
:109F000004F15800C4E90749C4E90987E66200F092
:109F100083FA2946264B6367082204F1C400C4E98A
:109F20001A55C4E91E552567C4F8CC50C4F88050B2
:109F300000F066F904F1680304F1C000C4F884304D
:109F4000C4E92298C4E9247600F066FA194BC4F8F3
:109F5000DC30294604F596700822C4E93455C4E97A
:109F60003855C4F8D850C4F83451C4F8E85000F05B
:109F700047F904F1D003C4E93D87C4F8F09004F533
:109F80009470C4F8FC60C4F8EC30BDE8F84300F00D
:109F900043BA00BFBC33012084320120719E030804
:109FA000F9F003081DF103085DF1030881F10308CE
:109FB000090001001200020010B504460A4800F032
:109FC0002FFA636B23B9094B094A1B68626323B1FB
:109FD000BDE81040044800F025BAFFF775FFBDE862
:109FE0001040014800F01EBACC330120BC330120E0
:109FF000899E0308014800F013BA00BFCC3301204A
:10A00000014800F00FBA00BFCC3301200EB410B5E8
:10A0100083B005AB064C53F8042B0193014620682E
:10A0200002F06EFC03B0BDE8104003B0704700BF03
:10A030008404002010B51C4C002924689AB02DDB44
:10A04000009004904FF40270ADF80C004FF0000047
:10A05000199013D001394FF6FF7002910591ADF8B8
:10A060000E006946204600F043FB421C01DA8B23B8
:10A070002360009B00221A701AB010BD4FF6FF70CB
:10A0800002910591ADF80E006946204600F030FBC4
:10A09000431C01DA8B2323601AB010BD8B2323608D
:10A0A0004FF0FF30F8E700BF84040020032A30B4EB
:10A0B00012D941EA0004A40784460B4621D119466F
:10A0C000604653F8044B5CF8045BA54219D1043A8E
:10A0D000032AF4D860461946541E7AB1431E01394A
:10A0E000021901E09A4209D013F8010F11F801CFCB
:10A0F0006045F7D0A0EB0C0030BC7047002030BCAE
:10A100007047541EEAE700BF88420DD98B1883427E
:10A110000AD900EB020C5AB3624613F801CD02F8DB
:10A1200001CD9942F9D170470F2A0DD802F1FF3CB9
:10A13000F2B10CF1010C431E8C4411F8012B03F811
:10A14000012F6145F9D1704740EA01039B07F0B543
:10A150000C460ED002F1FF3C03460CF1010C013B12
:10A160008C4411F8012B03F8012F6145F9D1F0BDA2
:10A170007047A2F1100525F00F0501F1200E01F145
:10A180001003AE4400F1100C53F8106C4CF8106C36
:10A1900053F80C6C4CF80C6C53F8086C4CF8086CC9
:10A1A00053F8046C4CF8046C103373450CF1100C2C
:10A1B000EAD101EB050C0CF11001054412F00C0F73
:10A1C00005F110038E4602F00F0517D0043D25F06F
:10A1D0000305AC440CF1140C041B0F680E19043178
:10A1E00061453760F9D12C1D04EB0E01234402F0C8
:10A1F000030202F1FF3C002AAFD1F0BD2A46F8E786
:10A20000830730B546D08418844604E003F8011B68
:10A210009D0704D09C46A4456346F7D130BD013A62
:10A220000244A2EB0C02032A29D9CCB204EB042489
:10A230000F2A04EB04442FD9A2F1100C2CF00F0CC0
:10A2400003F11005AC44C3E90044C3E902441033F0
:10A250006345F8D112F00C0F02F00F0E18D02EF05B
:10A26000030C9C44AEF104051A4642F8044B6245C7
:10A27000FBD125F0030404330EF003022344002A2B
:10A28000CCD0C9B21A4403F8011B9342FBD130BDB4
:10A290007246F4E70346C6E79646E0E78AB330B570
:10A2A00040EA0104A40786460B4617D1032A07D8C3
:10A2B00014E0043A23D01CF0803F20D1032A26D991
:10A2C000DEF80040194653F8045BA4F1013CAC42AF
:10A2D00070462CEA040C0EF1040EEAD003780C78D8
:10A2E000013AA34208BF121807D00CE06BB110F876
:10A2F000013F11F8014FA34205D19042F6D1002051
:10A3000030BD10467047181B30BD184630BD704632
:10A310001946E3E740EA01039B0710B501D1032A80
:10A3200017D8844601F1FF3E07E01EF8011F03F82D
:10A33000011B541E29B19C4622466346002AF4D1D3
:10A3400010BD9444002CFBD003F8011B6345FBD1E6
:10A3500010BD8E468446DEF80040A4F1013323EAA6
:10A36000040313F0803F71460EF1040EDAD1043A73
:10A37000032A4CF8044BEED87146D3E738B5074DA5
:10A380000022044608462A60C7F7CEF9431C00D0D5
:10A3900038BD2B68002BFBD0236038BDC0330120B3
:10A3A000014B1868704700BF84040020082802D1C0
:10A3B0004FF48050704708B5FFF7F2FF1623036093
:10A3C0004FF0FF3008BD00BF70B50F4B0F4DAB42D3
:10A3D000A3EB050607D0B610002455F8043B013462
:10A3E0009847A642F9D809F0B3FA094D094B5E1B0C
:10A3F000AB424FEAA60606D0002455F8043B0134D0
:10A400009847A642F9D870BD70FE040870FE040893
:10A4100070FE040878FE0408704700BF704700BF54
:10A42000704700BF704700BF024B13B1024800F0F5
:10A4300005B870470000000041F3030800230146FF
:10A440001A46184604F0C4BF2DE9F8430646082012
:10A450008946FFF7ABFFDFF89C8005463046FFF7E3
:10A46000BDF9D8F808305F6827F00307A7F1110499
:10A47000A4EB09042C44B4FBF5F4013C05FB04F403
:10A48000A54208DC00213046FFF778FFD8F80830F5
:10A490003B44984205D03046FFF7A6F90020BDE8BE
:10A4A000F88361423046FFF769FF01300FD0124A4E
:10A4B000D8F808303F1B47F001075F60136830464B
:10A4C0001B1B1360FFF790F90120BDE8F883002102
:10A4D0003046FFF753FFD8F80820831A0F2BDADD38
:10A4E00043F001035360054B03491B68C01A086021
:10A4F000D1E700BF7000002050320120680000202A
:10A5000000295BD0F8B50C460746FFF767F954F809
:10A5100004CC744DA4F108022CF00103D118A868F2
:10A520004E68884226F003060CF0010E7ED0881992
:10A530004E60406800F00100BEF1000F2FD154F8CA
:10A54000084C121B2344946805F1080C644562D042
:10A55000D2F80CE0C4F80CE0CEF8084000287FD018
:10A5600043F0010050600B60B3F5007F2FD2D90893
:10A5700068685C090131012309B2A34003436B60A1
:10A5800055F83100906005EBC103083BD36045F8F6
:10A590003120C2603846BDE8F840FFF725B970B9F0
:10A5A000334405F1080C8868604543F0010471D01C
:10A5B000C968C16088605460D350D5E770474CF0DB
:10A5C0000101B3F5007F44F8041CD350CFD3B3F599
:10A5D000206F4FEA532045D2980900F1390109B2A2
:10A5E00000F13804C900681869580838884203D156
:10A5F00057E08968884204D04C6824F003049C42E8
:10A60000F7D8C868C2E9021082603846CA60BDE85F
:10A61000F840FFF7E9B888BB1E44D1E90213CB60CC
:10A62000996046F0010353609651B3E71E44BEF1B2
:10A63000000F07D154F8083CD21A1E44D2E9021385
:10A64000CB60996046F001035360274BAA601B68FA
:10A65000B3429FD8254B38461968FFF7F5FE99E7B6
:10A660003344A0E714280ED9542821D8180B00F140
:10A670006F0109B200F16E04C900B4E743F00100B4
:10A6800050600B6086E700F15C0109B200F15B04E9
:10A69000C900A8E7C5E90422C2E902CC5460D3503E
:10A6A00078E76E68A4100123A34033436B60A9E7E9
:10A6B000B0F5AA7F07D8D80B00F1780109B200F1F4
:10A6C0007704C9008FE740F25451884206D8980CAD
:10A6D00000F17D0100F17C04C90084E74FF47E7134
:10A6E0007E2480E7700000206C0000208032012072
:10A6F0002DE9F04FDBB00C460A9115460E938346C8
:10A7000004F0C6FD036817931846C6F799FA0021AE
:10A71000169008222AA8FFF773FDA389190603D50E
:10A720002369002B01F0AC8000239E46CDE92F3336
:10A73000CDE91AEE31AB1A4600242E930023CDE961
:10A740001234CDF860E0CDF864E0CDF820E0144696
:10A75000CDF844E02F463D46694BD3F8E46004F061
:10A7600091FD2AAA0346009226A92A465846B047D8
:10A77000002800F09880C0F28E80269A252A034691
:10A7800001D01D44E8E7B5EB0708064640F08F808E
:10A7900000234FF0FF328DF88F309A460993013530
:10A7A0002B78079201359946A9F120035A2B00F224
:10A7B000A980DFE813F03B02A700A7003702A7003B
:10A7C000A700A7001A02A700A700E501F401A7004F
:10A7D000F001FD01A700F9015B005B005B005B007D
:10A7E0005B005B005B005B005B00A700A700A700AD
:10A7F000A700A700A700A7001C01A7007201F9028B
:10A800001C011C011C01A700A700A700A700F5025E
:10A81000A700A7004502A700A700A700AF01A70057
:10A820009B02A700A700BB07A700A700A700A700DF
:10A83000A700A700A700A7001C01A70072015D01E7
:10A840001C011C011C0119035D016C00A7003203EF
:10A85000A700230367033C036C00A700AF016A0055
:10A86000D402A700A7002D08A7006A00A9F13003B1
:10A87000002215F8019B02EB820203EB4202A9F1D0
:10A880003003092BF5D909928EE72B788AE72B78CC
:10A890004AF0200A86E7082200212AA8FFF7B0FC28
:10A8A00001231D4458E7B5EB0708064610D02F9A40
:10A8B000309B01324344072AC4E9007830932F9239
:10A8C00015DC0834089B43440893002E7FF460AFE6
:10A8D000309B002B41F054830A9B9B8903F040037B
:10A8E000002B41F08B8708985BB0BDE8F08F0A9988
:10A8F0002EAA584604F074FB0028EDD131ACE1E7F4
:10A90000CC050020B9F1000FE2D00023CDE90F33D0
:10A9100001228DF804918DF88F300B930C920793E0
:10A92000149341AF0692309E1AF08403314600F032
:10A93000E3809DF88F2002B32F984FF0000801307C
:10A9400001220136626007280DF18F02CDE92F0642
:10A95000226000F305840834B8F1000F0DD02F9861
:10A96000013024AA0236226007284FF00202CDE906
:10A970002F06626000F3E8830834802B00F0EC823D
:10A98000079B0C9AA3EB0208B8F1000F00F32C838D
:10A990001AF4807F40F089820C9B63601E442F9BD9
:10A9A00027600133072B30962F9300F3758308340B
:10A9B0001AF0040F05D0099B069A9F1A002F00F386
:10A9C000DD83DDE9083206998A42ACBF9B185B182B
:10A9D0000893002E40F0408300232F930B9B1BB164
:10A9E0000B995846FFF78CFD31AC2F46B3E60E9B12
:10A9F000073323F00701F1E80223CDE91223139B6B
:10AA00001E9223F000431F930E91B54BDDE91E010A
:10AA10004FF0FF32C6F7D4F9002840F02D86DDE96B
:10AA20001E01AF4B4FF0FF32C6F702F80646002872
:10AA300040F02286DDE91201002200232AF0800A7C
:10AA4000C5F7ECFF002841F048819DF88F30B9F13F
:10AA5000470FCCBFA34FA44F002B41F067860322C2
:10AA6000CDE90F330B930C920793149306925AE798
:10AA70001AF0200F40F0A9850E9A1AF0100F52F824
:10AA8000046B41F02C871AF0400F0E9201F00B81FD
:10AA900046F3C038434636B296E10E9BB9F1430FF8
:10AAA00003F1040603D01AF0100F00F0C28608224A
:10AAB00000212CA8FFF7A4FB0E9B41AF1A68394672
:10AAC0002CAB584604F050FC034601330C9001F0C7
:10AAD00090860C9B23EAE373069300230E96309E28
:10AAE0008DF88F30CDE90F330B93079314931AF041
:10AAF000840331467FF41DAF099A0698A2EB000843
:10AB0000B8F1000F00F332849DF88F20002A3FF443
:10AB100037AF11E7DDF8388058F8047B00238DF853
:10AB20008F30002F00F09B86B9F1530F01F01A808F
:10AB30001AF010030F9341F01580079B002BC1F210
:10AB40002A821A460F993846C6F7EAF89DF88F30E0
:10AB50000B90002801F076850B9AD21B0C9222EA0A
:10AB6000E272069213B11346013306930F9BCDF8A0
:10AB700038800793149310930B934FF07309D2E628
:10AB80000E9B53F8042B0992002A80F21685099A2D
:10AB90000E93524209922B784AF0040A02E62B23C4
:10ABA0008DF88F302B78FDE52B784AF0800AF9E597
:10ABB000294611F8019BB9F12A0F01F02E86A9F15F
:10ABC0003003092B98BF002201F2548411F8019B35
:10ABD00002EB820203EB4202A9F13003092BF5D903
:10ABE00042EAE27307930D46DEE5584604F050FB57
:10ABF000436819931846C6F723F81B900646584633
:10AC000004F046FB81682B781A91002E3FF4CAAD00
:10AC100000293FF4C7AD0A78002A3FF4C3AD4AF4D7
:10AC2000806ABFE52B784AF0010ABBE59DF88F20CA
:10AC30002B78002A7FF4B6AD20228DF88F20B1E565
:10AC40001AF0200F4AF0100000F0D4840E9B073356
:10AC500023F007031A46596852F8083B0E92002267
:10AC60008DF88F20079A002A18DB53EA010220F49E
:10AC7000906A15D1079A9AB910F001031A46069303
:10AC800000F0368730238DF86731079B0C92CDE9B1
:10AC90000F3314930B930DF2671744E620F4806A88
:10ACA0005AAF03F00702DB0843EA4173C9083032A8
:10ACB00053EA0106384607F8012DF2D11AF00101D6
:10ACC0000F9140F02283079A14915AABDB1B9A42F2
:10ACD000B8BF1A460C93069210910B9123E600BF61
:10ACE000FFFFEF7F1CC9040818C904081AF0200FE1
:10ACF0004AF0100138D10E9B1A1D0E9B07981B6855
:10AD00004FF0000840458DF88F801E46C0F28285C6
:10AD100021F0800A002B00F0A1840E920A2E78F117
:10AD2000000380F0B58306F13003DBB2079A8DF89B
:10AD30006731012AB8BF012206929DF88F300122A7
:10AD40000C920DF26717002B01F06185069B013311
:10AD500006930023CDE90F330B931493E3E51AF028
:10AD6000200F00F0648451460E9B073323F0070345
:10AD70001A46D3F8048052F8086B0E9200238DF81F
:10AD80008F30079B002BC0F2468556EA080321F05E
:10AD9000800AC3D1079B002B00F065840026C2E720
:10ADA0002B784AF0080AFDE41AF0200F4AF010034D
:10ADB00000F00E840E9A073222F007029A4653687A
:10ADC00052F8086B0E929846002BC0F25083079AF7
:10ADD000002AA3DB56EA08032AF0800A9ED1002A43
:10ADE00001F04D803023A1E72B78682B03BF6B78EF
:10ADF0004AF4007A01354AF0400AD3E40E9A1AF078
:10AE0000200F02F1040300F0FD831268089911601D
:10AE1000C91751600E932F469DE42B786C2B03BF0E
:10AE20006B784AF0200A01354AF0100ABAE40E9A0B
:10AE3000079F52F8040B002147F630038F42ADF80C
:10AE400090308DF88F100346C0F2E8842AF0800617
:10AE500046F0020A002840F0E384002F01F016803B
:10AE600030238DF8673101230697CDE90B0310904D
:10AE70000E920DF2671714904FF078090F908446E8
:10AE800000F0A9BC1AF0200F40F0CE830E9A1AF001
:10AE9000100152F8043B41F002851AF0400000F026
:10AEA00013879BB20E925046D9E6B9F1650F40F375
:10AEB000FD80DDE9120100220023C5F7A5FD002871
:10AEC00000F09F812F9BB34A22600133013601229B
:10AED000072B30962F93626000F338860834259B49
:10AEE000119A934280F26483169B179A1E44C4E918
:10AEF00000232F9B30960133072B2F9300F3A3845D
:10AF00000834119B5F1E002F7FF752AD102F2F9B2F
:10AF100041F31684A049DDF82890159132464FF090
:10AF200010080E4604E00834103F102F40F3A980AB
:10AF300001331032072BC4E90068CDE92F32F2DD6E
:10AF40002EAA4946584604F04BF8002840F08C8061
:10AF5000DDE92F3231ACE7E7099B069AA3EB020843
:10AF6000B8F1000F7FF70CADB8F1100F2F9A41F335
:10AF7000D882DFF824C2CDF854C0214630461023D1
:10AF80002E4664460A9D06E0A8F11008B8F1100F9D
:10AF900001F1080118DD01321030072AC1E9004330
:10AFA000CDE92F20F0DD2EAA2946584604F018F8E6
:10AFB000002859D1A8F11008B8F1100FDDE92F20B1
:10AFC00031A94FF01003E6DC35460C460646013247
:10AFD000159B23604644072ACDE92F26C4F8048038
:10AFE00000F3F1850834CBE46B4B2F9A1593B8F13D
:10AFF000100F24DD214610230A9C06E0A8F110085A
:10B00000B8F1100F01F1080118DD01326248103665
:10B01000072AC1E90003CDE92F26EFDD2EAA21463C
:10B02000584603F0DDFFF8B9A8F11008B8F1100F89
:10B03000DDE92F2631A94FF01003E6DC0C46013282
:10B04000159B23604644072ACDE92F26C4F80480C7
:10B0500000F3018208349BE40A992EAA584603F0B3
:10B06000BFFF00283FF4B8AC0B9B002B3FF434AC7F
:10B070000B995846FFF744FA0A9B9B8903F040035B
:10B080002EE416460133159A22603E44072B676072
:10B09000CDE92F367FF78BAC0A992EAA584603F0DC
:10B0A0009FFF0028E0D1309E31AC81E42F9B03F15B
:10B0B0000108119B012B06F1010604F1080940F378
:10B0C0003B810123B8F1070FCDE92F86276063602C
:10B0D00000F36182169B179A08F101081E44B8F12B
:10B0E000070FC9E90023CDE92F8600F3478209F154
:10B0F0000809119BDDE912015C1E00220023C5F73F
:10B1000083FC002840F07C8108F1010801372644C7
:10B11000B8F1070FCDE92F86C9F80070C9F80440CF
:10B1200000F3178109F10809189AC9F8042008F1F9
:10B1300001031644072B28AACDE92F36C9F80020B1
:10B14000AADC09F1080433E40A9915932EAA58469B
:10B1500003F046FF002887D1309E159B31AC0CE4EC
:10B160000A9915932EAA584603F03AFF00287FF457
:10B170007BAF309E159B31ACFFF7EEBB074A2F9B90
:10B180001592102F28DDAA46DDF828904FF0100800
:10B1900015460AE0185C0408FCFC04080CFD0408D1
:10B1A000103F102F04F1080415DD01331036072B72
:10B1B000C4E90058CDE92F36F2DD2EAA494658469B
:10B1C00003F00EFF00287FF44FAF103F102FDDE992
:10B1D0002F3631ACE9DC55460133159A3E44072B36
:10B1E000C4E90027CDE92F367FF7EBAB0A992EAAE9
:10B1F000584603F0F5FE00287FF436AF309EFFF787
:10B20000E0BB2599002940F34E84DDF83C90119B6A
:10B210009945A8BF9946B9F1000F0ADD2F9B01336C
:10B220004E44072BC4E9007930962F9300F37887BA
:10B230000834DDF83C80B9F1000FA8BFA8EB09087D
:10B24000B8F1000F00F32B830F9B1AF4806F3B447F
:10B2500040F04E83259A11998A4203DB1AF0010FC0
:10B2600000F02786169917980E44C4E900012F991B
:10B270003096013107292F9101F36C800834119920
:10B2800007EB0108A8EB03088F1AB845A8BFB8461A
:10B29000B8F1000F0BDD23602F9BC4F8048001334D
:10B2A0004644072B30962F9301F3D5800834B8F12C
:10B2B000000FA8BFA7EB0807002F7FF779AB102F6F
:10B2C0002F9B41F33D82C849DDF828901591324605
:10B2D0004FF010080E4604E00834103F102F7FF79F
:10B2E000D0AE01331032072BC4E90068CDE92F320C
:10B2F000F2DD2EAA4946584603F072FE00287FF47C
:10B30000B3AEDDE92F3231ACE7E7302A00F05484E8
:10B310003023023807F8013C5AAB00221B1A0B926B
:10B320000C930746079914929942B8BF1946CDE984
:10B330000F220691FFF7F7BA1AF0010F7FF4C1AEA2
:10B340000123B8F1070FCDE92F86276063607FF7EF
:10B35000EBAE0A992EAA584603F042FE00287FF46D
:10B3600083AEDDE92F860DF1C409DDE62F9AB8F131
:10B37000100F41F33C80DFF874C220952046CDF8D1
:10B3800054C00A9C21931026654606E0A8F11008D7
:10B39000B8F1100F00F1080017DD01321031072A53
:10B3A000C0E90056CDE92F21F0DD2EAA21465846EE
:10B3B00003F016FE00287FF457AEA8F11008B8F18C
:10B3C000100FDDE92F2131A8E7DC209D219B0446E9
:10B3D00015982060501C08EB01060728CDE92F06C0
:10B3E000C4F8048000F38D839DF88F200834002A70
:10B3F00040F0E780002B3FF4C3AA1346FFF7B0BA32
:10B40000119B012B7FF790AE112B41F3FC81764904
:10B410001591324643461027DDF828800E4605E098
:10B4200009F10809103C102C40F315840133103247
:10B43000072BC9E90067CDE92F32F1DD2EAA41467D
:10B44000584603F0CDFD00287FF40EAEDDE92F3223
:10B450000DF1C409E6E70A992EAA584603F0C0FD8B
:10B4600000287FF401AE309E31ACFFF791BA2D2356
:10B470008DF88F30079B764268EB4808002BFFF66B
:10B480004DAC0A2E78F100032AF0800AFFF44BAC91
:10B490000AF48063CDE90B494FF0000CDDF86890A9
:10B4A00006955AA91C4626E016EB0803504843F1BE
:10B4B0000003A0FB032020F0030202EB90029B1A82
:10B4C000F31A4B484FF0CC32B646454602FB03F226
:10B4D00068F1000800FB0822A3FB0063BEF10A0F1D
:10B4E00013444FEA560675F10005394646EAC3761D
:10B4F0004FEA53082DD33E4D16EB080343F10003EA
:10B50000A5FB032020F0030202EB90029B1AF31A22
:10B51000A3FB053268F100005B0805FB002243EA4B
:10B52000C27303EB8303A6EB430330330CF1010C2E
:10B5300001F8013C4F1E002CB6D099F8003063454D
:10B54000B2D1BCF1FF0FAFD00A2E78F1000380F02A
:10B5500031845AAB0799069DCDF86890DB1B1A46DB
:10B560009142B8BF1146DDF830900B9C0C93CDF89A
:10B5700044C09DF88F300691FFF7E5BB0A992EAACB
:10B58000584603F02DFD00287FF46EADDDE92F86CF
:10B590000DF1C409ADE50A992EAA584603F020FD25
:10B5A00000287FF461ADDDE92F860DF1C40991E536
:10B5B0001AF0010F3FF4FCA996E40E932B78FFF7E5
:10B5C000F1B898460023FFF7BAB95346FFF7F2BB2C
:10B5D0000E9A04320E990E920E684FEAE6789A4659
:10B5E0004346FFF7F1BB00BFFCFC04080CFD040858
:10B5F000CDCCCCCC0E9B1A1D0E9B0E921B6800214D
:10B60000FFF72DBB1AF0100F40F0F6821AF0400F32
:10B6100040F0AC841AF4007F00F0EE820E9A089994
:10B6200012681170FFF7F6BB5046FFF70FBB0E9A7A
:10B630001AF0100852F8043B41F04E811AF0400114
:10B6400000F01B839EB2079B8DF88F80002BFFF6C6
:10B6500064AB2AF0800A002E7FF45FAB079B0E924A
:10B66000002B7FF49BABCDE90F330C93149306931F
:10B670000B935AAFFFF757B9DDE9120102460B46AB
:10B68000C5F79EFB0646002841F03980B9F1610FED
:10B6900000F0B285B9F1410F00F0B286079B01338B
:10B6A00000F0AA84B9F1670F139B4AF4807800F088
:10B6B0007E87B9F1470F00F07A870B90DDE912120F
:10B6C000002AC0F2268700231593DDE91223CDE975
:10B6D0001C23A9F14103252B00F20284DFE813F0BB
:10B6E0003D0700040004000498040405000400045D
:10B6F000000400040004000400040004000400042A
:10B700000004000400040004000400040004000419
:10B710000004000400040004000400040004000409
:10B720003D0700040004000498040405B74E1AF015
:10B73000200100F094810E9B073323F007031A4683
:10B74000596852F8083B0E921AF0010200F0668127
:10B7500053EA010200F0EA8130228DF890200022A5
:10B760008DF88F20079A8DF89190002AC0F2918170
:10B770002AF4906242F0020A03F00F020AF002007B
:10B78000B25C8DF867211B0943EA01730A0953EA89
:10B7900011110DF267170BD003F00F011B09715C3B
:10B7A00007F8011D43EA0273120953EA0201F3D1BB
:10B7B000079A5AAB4FF0000CDB1B9A42CDE90FCC35
:10B7C000B8BF1A460C930692CDF82CC0CDF850C0E5
:10B7D00000283FF4A8A8069BDDE92F060233069354
:10B7E0001AF084033146024608D1DDF824E0DDF882
:10B7F0001880AEEB0808B8F1000F07DCBCF1000FB1
:10B800003FF4AEA84FF00208FFF799B80223AEE567
:10B810007F4E8CE70E928A46FFF780BA4AF0020A02
:10B820000E927B4E03F00F020220B25C4FF07809BB
:10B83000A7E70E9B1B688DF80431012306930C9338
:10B8400041AFFFF74AB90A992EAA584603F0C8FB40
:10B8500000287FF409AC309E31ACFFF752BB079B48
:10B86000CDF83880062B3A4628BF0623CDE90B7366
:10B870000797CDE90F22674F06931492FFF753B84D
:10B8800040215846FDF7DEFC0A9B1860186100282D
:10B8900001F013800A9A40235361FEF745BFB8F1C7
:10B8A000100F2F9B40F3C4875B481590224631460A
:10B8B0000A9C4FF01009064606E00832A8F110086D
:10B8C000B8F1100F40F3668201331031072BC2E943
:10B8D0000069CDE92F31F0DD2EAA2146584603F04C
:10B8E0007FFB00287FF4C0ABDDE92F3131AAE5E70B
:10B8F000119ADDF85080CDF854A0BA18079222466C
:10B900001C46109BDDF86890DDF828A00F95002BF1
:10B91000314614971B9E31DDB8F1000F40F31081C2
:10B9200008F1FF382F98199B013031440728C2E9EC
:10B93000003630912F9000F3A1800832079B99F8D0
:10B9400000001F1B8742A8BF0746002F0CDD2F9861
:10B95000013039440728C2E9004730912F9000F3A5
:10B960003E8199F800000832002FACBFC51B054688
:10B97000002D15DC0444109B002BCDDCB8F1000F2A
:10B98000CEDC2346149F0F9DDDF854A0CDF86890BF
:10B990001446119ABA1893420E4628BF134659E42A
:10B9A000102D2F981C4B23DD0C9410272C461D4680
:10B9B00004E0103C102C02F1080216DD0130164B99
:10B9C00010310728C2E90037CDE92F01F1DD2EAA99
:10B9D0005146584603F004FB00287FF445AB103C69
:10B9E000102CDDE92F0131AAE8DC2B4625460C9C02
:10B9F0001360013029440728CDE92F01556000F379
:10BA0000818399F8000008320444B4E73CC9040873
:10BA100028C9040850C90408FCFC04088DF88F20CC
:10BA2000079A002A37DB53EA01022AF4906A7FF46E
:10BA3000A3AE079A002A00F0E580012A33788DF83A
:10BA40006731B8BF0122002306920122CDE90F33EE
:10BA50000B930C9214930DF26717FEF764BF0E9AC6
:10BA600052F8043B0E921AF010027FF46DAE1AF0F9
:10BA7000400000F023819BB2114665E62EAA514694
:10BA8000584603F0ADFA00287FF4EEAA309931AAA7
:10BA900054E74AF0020A03F00F020AF00200B25C17
:10BAA0002AF4806A6DE62F9BB44A22600133013686
:10BAB0000122072B30962F93626000F3D481083463
:10BAC000002940F0A980119A0AF0010313433EF4C3
:10BAD0006FAF169B179A1E44C4E900232F9B309624
:10BAE0000133072B2F9300F37A8204F10802A4E0BC
:10BAF000079B0C93CDE90F3314930B935AAFFEF7CA
:10BB000012BF0A9915932EAA584603F069FA002825
:10BB10007FF4AAAA9DF88F20309E159B002A73D02F
:10BB2000984631AC03462F98FEF709BF079B0020CB
:10BB300083428DF88F00C0F225812AF4906A78E75D
:10BB4000109B013B09F1FF391093EBE60A992EAAED
:10BB5000584603F045FA00287FF486AA309E31AC9F
:10BB6000FFF7BDB9082200212CA82797FEF748FB54
:10BB7000079B002BC0F2C58000260695CDF82C80CF
:10BB8000354698460EE041A9584603F0EDFB411CAE
:10BB9000284400F03085404509DC06F1040600F039
:10BBA0004A850546279A92592CAB002AEBD10C9571
:10BBB000DDF82C80069DB2E05AAB0022DB1B0B9215
:10BBC0000C93FFF7AFBB0A992EAA584603F008FA68
:10BBD00000287FF449AA309E31ACFEF7D1BE2EAAD0
:10BBE0005146584603F0FCF900287FF43DAA99F825
:10BBF0000000309931AAB7E60E9A089912681160D0
:10BC0000FFF708B9079B2EE5002B00F05C812F9809
:10BC1000134631ACFEF7A4BE169B179A1E44C4E926
:10BC200000232F9B30960133072B2F9300F3D781EE
:10BC300004F108020029C0F222841199176001332F
:10BC40000E44072BCDE92F3651603FF725AA02F1AC
:10BC50000804FEF7ADBE1646984608F10108159B8C
:10BC6000C9F800302644B8F1070FCDE92F86C9F88E
:10BC700004407FF757AAFFF76CBB1AF4007840F036
:10BC8000258107998DF88F8000291E46FFF645A86B
:10BC90002AF0800A002B7FF440A80B460E92002960
:10BCA0007FF47CA8DFE41AF4007F16BF46F3C018C7
:10BCB0004FEAE67876B24346FFF786B81AF4007189
:10BCC0001CBFDBB201463FE51AF400711CBF014600
:10BCD000DBB20E925046FEF7C2BF2D23B9F1470FDB
:10BCE0008DF88F300B963346079640F3458103223B
:10BCF000234F0C92CDE90F33149304230693FEF7E0
:10BD000012BE2CAB00930023194627AA584603F015
:10BD100051FB034601330C9000F06D8427970C9B78
:10BD2000002B00F09080632B00F3438100230B93E2
:10BD300041AF082200212CA8FEF762FA0C9E2CAB22
:10BD4000009327AA33463946584603F033FB864210
:10BD500040F0C8850C9A0023BB5422EAE272069296
:10BD60009DF88F20002A40F0BA83CDE90F22079278
:10BD7000CDF838801492FEF7D6BD00BF185C0408D9
:10BD80001CC9040833788DF867312AF4806A0DF2F3
:10BD900067170DE514460E460133159A2260464496
:10BDA000072BCDE92F36C4F8048000F30C8108344A
:10BDB000FFF74ABA1B9A1999BF1A3846FEF7AAFA32
:10BDC00099F801300BB109F101098F4A16EB08030C
:10BDD00043F10003A2FB030525F0030000EB9500EF
:10BDE0001B1AF31A4FF0CC3168F1000803FB01F184
:10BDF00002FB0811A3FB023001445B0843EAC17651
:10BE00004FEA510816EB080343F10003A2FB0310AD
:10BE100020F0030101EB90015B1AF31AA3FB02313E
:10BE200068F100005B0802FB001243EAC27303EBF7
:10BE30008303A6EB4303303307F8013C4FF0010CBA
:10BE4000013FFFF77ABB9DF88F30CDF83880003B7B
:10BE500018BF012306930C9B0793CDE90F3314936E
:10BE60000B93FEF760BD0A992EAA584603F0B8F866
:10BE700000287FF4F9A82599309E31AC20E69DF882
:10BE80008F3006920C925AAFFEF75DBFDDF81CC0F2
:10BE90000E92CDF840C0CDF850C0CDF830C0CDF8EE
:10BEA0003CC0CDF818C05AAFCDF82CC04FF078097F
:10BEB00091E407EB0108A8EB03088F1AB845A8BF67
:10BEC000B846FFF7F4B931ACFEF75ABDDEB2079BB6
:10BED0008DF88F10002B8846BFF6BBABFEF71DBF59
:10BEE000079B01932CAB049327AB039325AB0293E1
:10BEF000022300935846DDE91C2303F075FB074637
:10BF00001AF0010F40F07782259A2C9B0F92DB1BD1
:10BF1000D01C1193C0F22D8207999142C0F21B816F
:10BF2000934200F3D1820F9B0C931AF4806F03D0DD
:10BF30000F9B002B00F3BA830C9B23EAE373C246EA
:10BF400006934FF06709002314931093159B0AF092
:10BF50000200002B00F0CC804FF02D0C8DF88FC02C
:10BF6000069B013306930023079331E40E9A089948
:10BF700012681180FEF74EBF0322244F0C92B9E6DF
:10BF80000A9C2EAA2146584603F02AF8A38903F0FA
:10BF90004003FEF7A5BC3846C4F752FE9DF88F302B
:10BFA0000C9020EAE0720692002B3EF4DFADFEF723
:10BFB000DABD591C5846FDF745F90746002800F040
:10BFC00075840B90B5E60A992EAA584603F008F836
:10BFD00000287FF449A8309E31ACFFF735B90A99A3
:10BFE0002EAA584602F0FCFF00287FF43DA8DDE9A8
:10BFF0002F36259931AA1DE606230B9007934AF4A4
:10C000008078FFF75BBB00BFCDCCCCCC18C904084F
:10C01000079B01331193022300932CAB049327ABAE
:10C02000119E039325AB019602935846DDE91C232C
:10C0300003F0DAFA29F02003462B0746069306445C
:10C0400000F0A780DDE91C0100220023C4F7DCFC1E
:10C05000002840F028832C9B9E4240F222834522F8
:10C06000069230215A1C2C9219702C9BB342F9D3A2
:10C07000DB1B1193259B0F93069B472B63D0069BDD
:10C08000462B00F09F800F9B8DF8A090013B002B6A
:10C090002593C0F275812B22092B8DF8A12000F386
:10C0A000788130228DF8A2200DF1A302303302F8FE
:10C0B000013B28ABD31A1893119B189A012B1A44F1
:10C0C0000C9240F393820C9B169A13440C930C9A97
:10C0D0002AF4806343F4807A22EAE2720023CDE9F5
:10C0E0000F331493069231E7079B1193032393E7D1
:10C0F0009DF88FC0BCF1000F7FF432AF159B079302
:10C10000FFF766BB2EAA5146584602F069FF002889
:10C110007EF4AAAF99F80000309931AA04442AE4C9
:10C120000A992EAA584602F05BFF00287EF49CAFC5
:10C13000309E31ACFFF77DB8259B0F93F31B119315
:10C14000069B472B3ED10F9B0333C0F21281079B06
:10C150000F9A93420FDA0F9B013BA9F10209002BC2
:10C160008DF8A090259396DA0F9B2D22C3F1010341
:10C170008DF8A12095E7119B0F9A934200F3A481BB
:10C180001AF0010F0F9B00F0D882169A13440C93FB
:10C19000CBE63B78302B00F06582259B1E44DDE921
:10C1A0001C0100220023C4F72FFC0028C4D12C9BC3
:10C1B0009E423FF656AFDB1B1193259B0F93069BC8
:10C1C000472BC0D00F99079A0AF00103002943EAD0
:10C1D000020340F33B83002B40F05C820F9B0C93E7
:10C1E0004FF066091AF4806F40F062820C9B23EADC
:10C1F000E373C2460693A6E647F63003ADF89030E7
:10C20000079B632B4AF0020A00F3C381DDE9121297
:10C21000002AC0F2998125AADDE9120103F018F97C
:10C2200000224FF07F53C4F787F902460B46CDE951
:10C230000C2300230022C4F7E7FB0346002800F08C
:10C24000AC8201231596259341AF0B96B74B06930D
:10C25000079B0F94591ECDE9109A0795069EDDE9BC
:10C260000C45B8468A4609E0002200230AF1FF394E
:10C27000C4F7CAFB002840F0C981CA46AC4B002273
:10C2800020462946C4F758F90D460446C4F7AEFDCA
:10C290008146C4F7E7F802460B4620462946C3F715
:10C2A00093FF16F80930BAF1FF3F4246044608F8FA
:10C2B000013B0D46D8D116469E4BDDF844A0002226
:10C2C000CDE90C45079D0F9CCDF81C90DDF8409002
:10C2D000C4F7C2FB48B9DDE90C01964B0022C4F754
:10C2E00093FBE0B1079BDB0719D5069B2C96D97B06
:10C2F00018F8012C9142434609D1302003F8010C73
:10C300002C9B5A1E2C9213F8012C8A42F6D0392A03
:10C310000BBF069A0132927AD2B203F8012C259A09
:10C32000A8EB07031193B9F1610F02F1FF332593D5
:10C3300000F02C8250214FF04109002B8DF8A01005
:10C34000C0F21A822B22092B8DF8A12021DC0DF1DD
:10C35000A202ABE60A9907932EAA584602F040FEC5
:10C3600000287EF481AE259A309E079B31ACFEF703
:10C3700086BF0F9BA9F10209013B8DF8A090259380
:10C380000F9BC3F101032D22092B8DF8A1207FF70C
:10C3900088AE0DF1B706DFF8A0C132461046ACFBFF
:10C3A0000312D20802EB8201A3EB4101303100F805
:10C3B000011C19466329134600F1FF32EEDC3033CD
:10C3C00002F8013C831EB34280F056820DF1A102B7
:10C3D00013F8011B02F8011FB342F9D103F5B4733E
:10C3E0006B44C43B1B1A28AA9B1A189364E6534853
:10C3F0001590FEF7EDBF079BFE1847230693CEE688
:10C4000045F63003ADF89030079B632B4AF0020AE3
:10C4100000F3BF80DDE91212002AC0F2958025AA40
:10C42000DDE9120103F014F800224FF07F53C4F746
:10C4300083F802460B46CDE90C2300220023C4F703
:10C44000E3FA08B10123259300233D4A1593069290
:10C450000B9341AFFCE60A992EAA584602F0C0FDA4
:10C4600000287EF401AE259F119B309EDF1B31AC6E
:10C47000FEF71DBF00230D460793FEF795B9C1F1E6
:10C480000008103180F234822E4815903146102475
:10C49000064605E00832A8F11008B8F1100F29DDB2
:10C4A00001331031072BC2E90064CDE92F31F1DDF2
:10C4B0000A992EAA584602F093FD00287EF4D4ADC6
:10C4C000DDE92F3131AAE6E7119B169A9A180F9BE6
:10C4D0000C92002B40F3D3804FF0670982E6069A56
:10C4E00007930132CDE90F330692CDF838801493CB
:10C4F000FEF719BA0E460133159911604644072B11
:10C50000CDE92F36C2F8048000F31E810832FFF710
:10C5100094BB02F100431D932D231C911593FFF74B
:10C52000D8B8084B1593FEF752BD00BF28C90408C0
:10C53000000030400000E03FCDCCCCCC0CFD040826
:10C540003CC90408FCFC0408134603F100431D9396
:10C550002D231C910B9641AF159325AADDE91C01F3
:10C5600002F076FF00224FF07F53C3F7E5FF02464B
:10C570000B46CDE90C2300220023C4F745FA08B18D
:10C5800001232593B9F1610F3FF460AEAA4B0693E6
:10C590005EE6079B5846591CFCF754FE07460028E8
:10C5A00000F027810B904AF48078FFF787B8079A4C
:10C5B000002A00F0F880002BC0F21281DDE912237E
:10C5C000CDE91C231596079B01932CAB049327AB55
:10C5D000039325AB0293022300935846DDE91C2305
:10C5E00003F002F8002307460B9389E41AF0010FC9
:10C5F0003FF46DAD67E50A9BB3F90C3000220B9256
:10C6000043F040030A9A9381FEF72EBD514600295C
:10C61000DDE9109A079D0F9CFFF681AE4A1C42444B
:10C620004346302003F8010B9342FBD108EB010392
:10C6300003F1010873E6079B069DDDF82C800C933F
:10C64000FFF76DBBCDF83880002B00F08A80079B88
:10C650000C935A1C06920790149010904FF0730997
:10C66000FEF761B9DDE91C0100220023C4F7CCF913
:10C67000002800F08D80259B0F931E445EE5C3F1DA
:10C6800001031A4422EAE273C2460C9206934FF069
:10C69000670958E4169B0A44D3180C934FF06609B7
:10C6A000A0E5DB1B1193259B0F93ECE44FF067098A
:10C6B0001A990B78FF2B00F0F58000260F9A304670
:10C6C00003E001300131FF2B08D0934206DAD21A81
:10C6D0004B78002BF5D10B780136F4E7CDE90F202C
:10C6E0001A911496109A149B1B9913440C9A01FBEF
:10C6F00003230C9323EAE373C246069326E4139BB9
:10C7000013F000432AF0800A0F9357D02D238DF8A1
:10C710008F30B9F1470F4FF000030B93079340F3AD
:10C72000AE800322454F0C92FFF7E4BA00230322A8
:10C73000CDE90B320793FFF7DDBA0C93FFF7F5BB9A
:10C740003F4A1592FEF79EBC0A992EAA584602F05F
:10C7500047FC00287EF488ACDDE92F3631AAFFF7CC
:10C760006CBA079B0C9306930B9B1493109307933F
:10C770004FF07309FEF7D7B8C2F10103092B4FF050
:10C780002D028DF8A1203FF704AEE0E57021D4E53D
:10C79000119BC3F10103259300E52A4A15930692E4
:10C7A0000B9341AF54E5002B6EDB079B15930123E0
:10C7B0000793DDE91223CDE91C2304E79DF88F30B0
:10C7C000B9F1470FCCBF1D4F1F4F002B79D103226A
:10C7D00007930C92149310930B930692FEF7A3B851
:10C7E000DDE9122303F100431D932D231C921593C1
:10C7F000E9E60A9A938943F0400393814FF0FF33AF
:10C800000893FEF770B80E4B1593FFF726BACDE9E3
:10C810000F330B931493FEF786B80E9A6B780D4680
:10C8200052F8041B0E9241EAE1710791FDF7BABF7D
:10C83000034A1592FFF7B0BA3CC9040824C904089A
:10C84000FCFC040828C9040820C90408C24633B9FE
:10C85000012306934FF066090C93FFF774BB169BF8
:10C8600003F10109079B4B440C9323EAE3730693FE
:10C870004FF06609FFF767BB022318931CE40322FD
:10C880001D4F0C92FFF736BADDE9122303F1004386
:10C890001D932D23159301231C92079393E6504675
:10C8A000FEF7AABE0023149310931BE70A9B0B907C
:10C8B000B3F90C3043F04003A4E60C23CBF800306E
:10C8C0009CE700230793149310930B9303230C937B
:10C8D00004230693FEF727B85146FEF70EBA5346D7
:10C8E000FEF778BE0A9BB3F90C3043F0400389E6AB
:10C8F00002491591FFE500BF20C90408FCFC0408AB
:10C900002DE9F04FDBB0164608911C4683460E9386
:10C9100002F0BEFC036817931846C4F791F9082289
:10C92000169000212AA8FDF76BFCBBF1000F04D084
:10C93000DBF83430002B01F0CD81089B5A6EB3F93F
:10C940000C30D70740F1BF859D0400F1738708992B
:10C9500043F4005322F400528B814A661BB21D0738
:10C9600040F18B85089A1269002A00F0868503F051
:10C970001A020A2A00F0908500239E46CDE92F3343
:10C98000CDE91AEE31AB1A4600242E930023CDE9EF
:10C990001234CDF860E0CDF864E0CDF824E0144620
:10C9A000CDF844E037463D46864BD3F8E46002F0CC
:10C9B00069FC2AAA0346009226A92A465846B0478F
:10C9C000002800F0CE83C0F2C483269A252A0346AD
:10C9D00001D01D44E8E7B5EB0708064640F0C583E3
:10C9E00000234FF0FF328DF88F309A460A930135BD
:10C9F0002B78079201359946A9F120035A2B5CD870
:10CA0000DFE813F04D025B005B0049025B005B0056
:10CA10005B002C025B005B00A401B3015B00AF0173
:10CA20000F025B000B02D100D100D100D100D10078
:10CA3000D100D100D100D1005B005B005B005B0046
:10CA40005B005B005B00E2005B003E01BF02E200B6
:10CA5000E200E2005B005B005B005B0007025B0042
:10CA60005B00B8015B005B005B006E015B001603BE
:10CA70005B005B0012085B005B005B005B005B001F
:10CA80005B005B005B00E2005B003E012901E2000D
:10CA9000E200E200B502290125015B00AB025B0068
:10CAA00071025E02800225015B006E012301DF023C
:10CAB0005B005B0084085B002301B9F1000F00F00C
:10CAC00066830023CDE90F3301228DF804918DF8A0
:10CAD0008F300B930C920793149341AF0692309EC4
:10CAE0001AF08403314600F0ED809DF88F2002B3E8
:10CAF0002F984FF0000801300122013662600728AC
:10CB00000DF18F02CDE92F06226000F3ED84083489
:10CB1000B8F1000F0DD02F98013024AA0236226000
:10CB200007284FF00202CDE92F06626000F3EA8485
:10CB30000834802B00F08C83079B0C9AA3EB02082F
:10CB4000B8F1000F00F3CC831AF4807F40F0298302
:10CB50000C9B63601E442F9B27600133072B30968C
:10CB60002F9300F3278408341AF0040F05D00A9B92
:10CB7000069A9F1A002F00F3D384DDE90932069943
:10CB80008A42ACBF9B185B180993002E40F0E883E3
:10CB900000232F930B9B1BB10B995846FDF7B0FC5C
:10CBA00031AC2F46FFE6A9F13003002215F8019BB6
:10CBB00002EB820203EB4202A9F13003092BF5D903
:10CBC0000A9219E7CC0500200E9B073323F00701DA
:10CBD000F1E80223CDE91223139B1E9223F00043B8
:10CBE0001F930E91B34BDDE91E014FF0FF32C4F7E6
:10CBF000E7F8002840F0BE86DDE91E01AD4B4FF09E
:10CC0000FF32C3F715FF0646002840F0B386DDE982
:10CC10001201002200232AF0800AC3F7FFFE002839
:10CC200041F054849DF88F30B9F1470FCCBFA24F2B
:10CC3000A24F002B41F06E860322CDE90F330B93F8
:10CC40000C9207931493069249E72B78D2E62B783F
:10CC50004AF0200ACEE61AF0200F40F02D860E9AF8
:10CC60001AF0100F52F8046B41F0AD871AF0400F24
:10CC70000E9201F01C8146F3C038434636B290E173
:10CC80000E9BB9F1430F03F1040600F082871AF0FE
:10CC9000100F40F07E870E9B1B688DF80431012336
:10CCA00006930C9341AF00230E96309E8DF88F3083
:10CCB000CDE90F330B93079314931AF08403314695
:10CCC0007FF413AF0A9A0698A2EB0008B8F1000FA0
:10CCD00000F32B859DF88F20002A3FF42DAF07E746
:10CCE000DDF8388058F8047B00238DF88F30002F52
:10CCF00000F03E87B9F1530F01F007801AF01003DE
:10CD00000F9341F00280079B002BC1F238821A4634
:10CD10000F993846C4F704F89DF88F300B9000281F
:10CD200001F0D1850B9AD21B0C9222EAE272069294
:10CD300013B11346013306930F9BCDF83880079348
:10CD4000149310930B934FF07309C8E60E9B53F89E
:10CD5000042B0A92002A80F276850A9A0E93524298
:10CD60000A922B784AF0040A44E62B238DF88F3080
:10CD70002B783FE61AF0200F4AF0100000F09F8554
:10CD80000E9B073323F007031A46596852F8083BF5
:10CD90000E9200228DF88F20079A002A18DB53EAA2
:10CDA000010220F4906A15D1079A9AB910F0010394
:10CDB0001A46069300F06F8730238DF86731079B82
:10CDC0000C92CDE90F3314930B930DF2671786E69F
:10CDD00020F4806A5AAF03F00702DB0843EA41738C
:10CDE000C908303253EA0106384607F8012DF2D15E
:10CDF0001AF001010F9140F06784079A14915AAB21
:10CE0000DB1B9A42B8BF1A460C93069210910B9105
:10CE100065E62B784AF0080AECE52B784AF0800AA0
:10CE2000E8E5294611F8019BB9F12A0F01F09D862A
:10CE3000A9F13003092B98BF002201F2938411F865
:10CE4000019B02EB820203EB4202A9F13003092BA2
:10CE5000F5D942EAE27307930D46CDE5584602F054
:10CE600017FA436819931846C3F7EAFE1B90064663
:10CE7000584602F00DFA81682B781A91002E3FF483
:10CE8000B9AD00293FF4B6AD0A78002A3FF4B2AD3F
:10CE90004AF4806AAEE52B784AF0010AAAE59DF8CB
:10CEA0008F202B78002A7FF4A5AD20228DF88F20CB
:10CEB000A0E500BFFFFFEF7F1CC9040818C90408E4
:10CEC0001AF0200F40F053850E9A1AF0100152F814
:10CED000043B41F072861AF0400000F0DF879BB2FD
:10CEE0000E92504655E70E9A1AF0200F02F10403F5
:10CEF00000F01185126809991160C91751600E93ED
:10CF00002F4650E50E9A079F52F8040B002147F672
:10CF100030038F42ADF890308DF88F100346C0F289
:10CF2000F7852AF0800646F0020A002840F0F285D4
:10CF3000002F01F02F8030238DF8673101230697F1
:10CF400010900E924FF078090DF2671714900C9321
:10CF50000F9084460B9000F0BCBD2B786C2B03BF68
:10CF60006B784AF0200A01354AF0100A42E52B7826
:10CF7000682B03BF6B784AF4007A01354AF0400A07
:10CF800038E51AF0200F4AF0100300F0D6840E9A0C
:10CF9000073222F007029A46536852F8086B0E9245
:10CFA0009846002BC0F2D584079A002A20DB56EA67
:10CFB00008032AF0800A1BD1002A00F09E87302344
:10CFC0001DE01AF0200F00F0828451460E9B0733BB
:10CFD00023F007031A46D3F8048052F8086B0E9228
:10CFE00000238DF88F30079B002B80F230848A4617
:10CFF0000A2E78F1000337D206F13003DBB2079A2C
:10D000008DF86731012AB8BF012206929DF88F3052
:10D0100001220C920DF26717002B01F0B185069BDF
:10D02000013306930023CDE90F330B93149356E598
:10D030001AF0200F4AF01001C8D10E9B1A1D0E9B4A
:10D0400007981B684FF0000840458DF88F801E46FA
:10D05000C1F2508221F0800A002B00F04F840A2E8A
:10D0600078F100030E92C7D30AF48063CDE90B591F
:10D070000694DDF868904FF0000C5AA91C4626E093
:10D0800016EB0803B34843F10003A0FB032020F094
:10D09000030202EB90029B1AF31AAE484FF0CC3217
:10D0A000B646454602FB03F268F1000800FB082281
:10D0B000A3FB0063BEF10A0F13444FEA560675F155
:10D0C0000005394646EAC3764FEA53082DD3A14DF1
:10D0D00016EB080343F10003A5FB032020F0030235
:10D0E00002EB90029B1AF31AA3FB053268F10000D1
:10D0F0005B0805FB002243EAC27303EB8303A6EB44
:10D10000430330330CF1010C01F8013C4F1E002C9D
:10D11000B6D099F800306345B2D1BCF1FF0FAFD063
:10D120000A2E78F1000381F0CF805AAB0799069C54
:10D13000CDF86890DB1B1A469142B8BF1146DDF866
:10D1400030900B9D0C93CDF844C09DF88F30069124
:10D1500062E7082200212AA8FDF752F801231D44A6
:10D1600022E4B5EB0708064611D02F9A309B013216
:10D170004344072AC4E9007830932F9200F3748166
:10D180000834099B43440993002E7FF429AC309B5B
:10D19000002B41F00280089B0022B3F90C302F9243
:10D1A000EFE0B9F1650F40F31081DDE912010022D3
:10D1B0000023C3F729FC002800F002822F9B664A57
:10D1C0002260013301360122072B30962F936260D3
:10D1D00000F38F850834259B119A934280F22E83A9
:10D1E000169B179A1E44C4E900232F9B30960133E7
:10D1F000072B2F9300F3B0840834119B5F1E002F80
:10D200007FF7B2AC102F2F9B41F384845349DDF894
:10D210002090159132464FF010080E4604E0083475
:10D22000103F102F40F3BB8001331032072BC4E9AD
:10D230000068CDE92F32F2DD2EAA4946584601F0AA
:10D24000BFFE002840F09480DDE92F3231ACE7E7E3
:10D250000A9B069AA3EB0208B8F1000F7FF76CACAB
:10D26000B8F1100F2F9A41F3C282DFF8F0C0CDF869
:10D2700054C02146304610232E466446089D06E0E1
:10D28000A8F11008B8F1100F01F1080118DD013202
:10D290001030072AC1E90043CDE92F20F0DD2EAA86
:10D2A0002946584601F08CFE002861D1A8F11008EB
:10D2B000B8F1100FDDE92F2031A94FF01003E6DCA3
:10D2C00035460C4606460132159B23604644072A24
:10D2D000CDE92F26C4F8048000F3328408342BE40F
:10D2E0001E4B2F9A1593B8F1100F24DD2146102301
:10D2F000089C06E0A8F11008B8F1100F01F1080130
:10D3000018DD013215481036072AC1E90003CDE9BE
:10D310002F26EFDD2EAA2146584601F051FE38BBDC
:10D32000A8F11008B8F1100FDDE92F2631A94FF050
:10D330001003E6DC0C460132159B23604644072AA5
:10D34000CDE92F26C4F8048000F368820834FFF783
:10D35000FBBB00BFCDCCCCCC185C04081CFD040882
:10D3600008992EAA584601F02BFE00283FF410AC75
:10D370000B9B1BB10B995846FDF7C2F8089BB3F9FC
:10D380000C30089A526ED00702D49A0540F17B8483
:10D390005B0600F1118109985BB0BDE8F08F16467D
:10D3A0000133159A22603E44072B6760CDE92F3682
:10D3B0007FF7D9AB08992EAA584601F001FE002844
:10D3C000D6D1309E31ACFFF7CFBB2F9B03F10108C4
:10D3D000119B012B06F1010604F1080940F38B8132
:10D3E0000123B8F1070FCDE92F862760636000F3B2
:10D3F0002584169B179A08F101081E44B8F1070FFF
:10D40000C9E90023CDE92F8600F30A8409F1080950
:10D41000119BDDE912015C1E00220023C3F7F4FA20
:10D42000002840F0CB8108F1010801372644B8F10B
:10D43000070FCDE92F86C9F80070C9F8044000F342
:10D44000678109F10809189AC9F8042008F1010355
:10D450001644072B28AACDE92F36C9F80020A9DCED
:10D4600009F10804FFF780BB08992EAA584601F07D
:10D47000A7FD002882D131AC83E6089D5846294695
:10D4800001F082FE002841F03783B5F90C3003F03B
:10D490001A020A2A7FF470AA0899B1F90E20002A0C
:10D4A000FFF66AAA4A6ED20702D49B0540F18C8629
:10D4B000089923463246584601F0B2FB0990099874
:10D4C0005BB0BDE8F08F990567D59F047FF53FAA53
:10D4D00095047FF544AA089B9B899E056CD4089B04
:10D4E000986DFCF79FFF67E0089915932EAA5846A0
:10D4F00001F066FD00287FF43BAF309E159B31ACF8
:10D50000FFF706BB089915932EAA584601F058FD5F
:10D5100000287FF42DAF309E159B31ACFFF709BB7F
:10D52000BC4A2F9B1592102F22DDAA46DDF82090D1
:10D530004FF01008154604E0103F102F04F10804C6
:10D5400015DD01331036072BC4E90058CDE92F361D
:10D55000F2DD2EAA4946584601F032FD00287FF43C
:10D5600007AF103F102FDDE92F3631ACE9DC55460F
:10D570000133159A3E44072BC4E90027CDE92F3625
:10D580007FF7FBAA08992EAA584601F019FD00283A
:10D590007FF4EEAE309EFFF7F0BA089DA86DFCF761
:10D5A0003FFFB5F90C306A6E98047FF5D0A991045D
:10D5B0007FF5D5A9D7078ED54FF0FF330993EAE65B
:10D5C0002599002940F35381DDF83C90119B994542
:10D5D000A8BF9946B9F1000F0ADD2F9B01334E44D5
:10D5E000072BC4E9007930962F9300F3B2870834F3
:10D5F000DDF83C80B9F1000FA8BFA8EB0908B8F12D
:10D60000000F00F3ED830F9B1AF4806F3B4440F052
:10D61000A486259A11998A4203DB1AF0010F00F0C3
:10D62000C984169917980E44C4E900012F993096C1
:10D63000013107292F9101F32C800834119907EB50
:10D640000108A8EB03088F1AB845A8BFB846B8F17F
:10D65000000F0BDD23602F9BC4F804800133464488
:10D66000072B30962F9301F36A800834B8F1000F2E
:10D67000A8BFA7EB0807002F7FF776AA102F2F9BD4
:10D6800041F348826449DDF82090159132464FF00D
:10D6900010080E4604E00834103F102F7FF77FAECD
:10D6A00001331032072BC4E90068CDE92F32F2DDD7
:10D6B0002EAA4946584601F083FC00287FF458AE54
:10D6C000DDE92F3231ACE7E7302A00F02C8230233D
:10D6D000023807F8013C5AAB00221B1A0B920C933C
:10D6E0000746079914929942B8BF1946CDE90F220F
:10D6F0000691FFF7F4B91AF0010F7FF471AE012320
:10D70000B8F1070FCDE92F86276063607FF79BAEE6
:10D7100008992EAA584601F053FC00287FF428AE41
:10D72000DDE92F860DF1C4098DE62F9AB8F1100FAF
:10D7300040F3FC87DFF8DCC0CDF854C0CDE92053BE
:10D7400020461026089C654606E0A8F11008B8F1AE
:10D75000100F00F1080017DD01321031072AC0E96F
:10D760000056CDE92F21F0DD2EAA2146584601F0C2
:10D7700027FC00287FF4FCADA8F11008B8F1100FC9
:10D78000DDE92F2131A8E7DCDDE9205304461598B7
:10D790002060501C08EB01060728CDE92F06C4F8CD
:10D7A000048000F381829DF88F200834002A5AD12A
:10D7B000002B3FF4C1A91346FFF7AEB9119B012B13
:10D7C0007FF741AE112B41F3E581134915913246A4
:10D7D00043461027DDF820800E4605E009F10809D0
:10D7E000103C102C40F3498301331032072BC9E958
:10D7F0000067CDE92F32F1DD2EAA4146584601F0EF
:10D80000DFFB00287FF4B4ADDDE92F320DF1C40950
:10D81000E6E700BF2CFD04081CFD040808992EAAA9
:10D82000584601F0CDFB00287FF4A2AD309E31AC0C
:10D83000FFF78AB990047FF592A8BDE61AF0010FB0
:10D840003FF492A9CCE40E932B78FFF7D3B856EAB5
:10D85000080321F0800A7FF4CBAB079B002B51D04B
:10D860000026FFF7C9BB98460023FFF744B92F9B5A
:10D87000B04A2260013301360122072B30962F93E4
:10D88000626000F34B860834002940F0D782119A79
:10D890000AF0010313433FF467A9169B179A1E442D
:10D8A000C4E900232F9B30960133072B2F9300F3FD
:10D8B0007E8404F10802D2E25346FFF768BB0E9B58
:10D8C0001A1D0E9B0E921B680021FFF762BA0E9A7A
:10D8D0001AF0100852F8043B41F089811AF0400117
:10D8E00000F0F6829EB2079B8DF88F80002BFFF62A
:10D8F000B6AB2AF0800A002E7FF4B1AB079B0E92E4
:10D90000002BADD1CDE90F330C93149306930B93F9
:10D910005AAFFFF7E4B81AF0100F40F051821AF036
:10D92000400F40F051831AF4007F00F049820E9AB4
:10D93000099912681170FFF7E2BA0E9A04320E9933
:10D940000E920E684FEAE6789A464346002BBFF6E1
:10D950002BAB2D238DF88F30079B764268EB480860
:10D96000002BFFF645AB2AF0800AFFF741BB50467B
:10D97000FFF706BADDE9120102460B46C3F720FAAB
:10D980000646002840F0AF87B9F1610F00F0ED8541
:10D99000B9F1410F00F02883079B013300F08C8719
:10D9A000B9F1670F139B4AF4807800F04987B9F109
:10D9B000470F00F045870B90DDE91212002AC0F2F4
:10D9C000378700231593DDE91223CDE91C23A9F144
:10D9D0004103252B00F29882DFE813F0FF0796023F
:10D9E00096029602FB034B0496029602960296025A
:10D9F0009602960296029602960296029602960267
:10DA00009602960296029602960296029602960256
:10DA1000960296029602960296029602FF079602D8
:10DA200096029602FB034B04434E1AF0200100F0CD
:10DA3000E8800E9B073323F007031A46596852F813
:10DA4000083B0E921AF0010200F0BA8053EA01027C
:10DA500000F0458130228DF8902000228DF88F2033
:10DA6000079A8DF89190002AC0F2F6802AF490620D
:10DA700042F0020A03F00F020AF00200B25C8DF8D5
:10DA800067211B0943EA01730A0953EA11110DF2D8
:10DA900067170BD003F00F011B09715C07F8011D1C
:10DAA00043EA0273120953EA0201F3D1079A5AAB0F
:10DAB0004FF0000CDB1B9A42CDE90FCCB8BF1A46E1
:10DAC0000C930692CDF82CC0CDF850C000283FF43E
:10DAD00006A8069BDDE92F06023306931AF084039D
:10DAE0003146024608D1DDF828E0DDF81880AEEBBB
:10DAF0000808B8F1000F07DCBCF1000F3FF40CA8D8
:10DB00004FF00208FEF7F7BF02230FE60B4E8CE73B
:10DB10004AF0020A0E92094E03F00F020220B25C94
:10DB20004FF07809ABE75AAB0022DB1B0B920C934A
:10DB3000D7E500BF185C04083CC9040828C90408DC
:10DB400008992EAA584601F03BFA00287FF410AC41
:10DB5000309E31ACFEF7F0BF08992EAA584601F06E
:10DB60002FFA00287FF404AC309E31ACFFF745BBA0
:10DB7000079BCDF83880062B3A4628BF0623CDE90F
:10DB80000B730797CDE90F22AA4F06931492FEF765
:10DB9000A6BF082200212CA8FCF732FB0E9B41AF48
:10DBA0001A6839462CAB584601F0DEFB03460133B8
:10DBB0000C905BD00C9B23EAE3730693FFF773B8DA
:10DBC0008DF88F20079A002A48DB53EA01022AF4D5
:10DBD000906A7FF44FAF079A002A00F0F780012A7D
:10DBE00033788DF86731B8BF0122002306920122F5
:10DBF000CDE90F330B930C9214930DF26717FEF7D8
:10DC00006EBF0E9A52F8043B0E921AF010027FF487
:10DC100019AF1AF0400000F055819BB2114611E790
:10DC200008992EAA584601F0CBF900287FF4A0AB42
:10DC3000DDE92F860DF1C409FFF7EABB08992EAA8A
:10DC4000584601F0BDF900287FF492ABDDE92F863C
:10DC50000DF1C409FFF7CDBB4AF0020A03F00F0231
:10DC60000AF00200B25C2AF4806A08E70898B0F96A
:10DC70000C30426E43F04001D70781813FF59CACE8
:10DC800099053FF599AC089CA06DFCF7CBFBB4F966
:10DC90000C30FFF77DBB079B0C93CDE90F3314933A
:10DCA0000B935AAFFEF71BBF089915932EAA58463F
:10DCB00001F086F900287FF45BAB9DF88F20309E41
:10DCC000159B002A00F08480984631AC03462F98BB
:10DCD000FEF711BF5846FCF76FF9FEF72EBE079B03
:10DCE000002083428DF88F00C0F2D0822AF4906A1F
:10DCF00071E708992EAA584601F062F900287FF4CE
:10DD000037AB309E31ACFFF766BA082200212CA851
:10DD10002797FCF775FA079B002BC0F2BF820026FD
:10DD200006940B9534461D460EE041A9584601F075
:10DD30001BFB431C204400F0B485A84209DC06F11B
:10DD4000040600F024860446279A92592CAB002A38
:10DD5000EBD10C940B9D069C0C9B002B00F0CE830A
:10DD6000632B40F33485591C5846FBF76BFA074682
:10DD7000002800F035870B90082200212CA8FCF722
:10DD80003FFA0C9E2CAB009327AA334639465846DF
:10DD900001F010FB864240F01D870C9A0023BB5413
:10DDA00022EAE27206929DF88F20002A40F0DF847A
:10DDB000CDE90F220792CDF838801492FEF78FBE7E
:10DDC0000E9A099912681160FFF799B8079B99E5B7
:10DDD000002B00F0EC802F98134631ACFEF79CBE70
:10DDE000B8F1100F2F9B40F3BD86134815902246C3
:10DDF0003146089C4FF01009064606E00832A8F1AB
:10DE00001008B8F1100F40F3518301331031072B84
:10DE1000C2E90069CDE92F31F0DD2EAA214658462E
:10DE200001F0CEF800287FF4A3AADDE92F3131AA52
:10DE3000E5E700BF50C904081CFD0408169B179AAB
:10DE40001E44C4E900232F9B30960133072B2F93E8
:10DE500000F3AD8104F108020029C0F29384119906
:10DE6000176001330E44072BCDE92F3651603FF781
:10DE7000A1AA02F10804FEF777BE1646984608F1FB
:10DE80000108159BC9F800302644B8F1070FCDE909
:10DE90002F86C9F804407FF7D4AA39E41AF4007138
:10DEA0001CBF0146DBB20E925046FEF772BF1AF459
:10DEB000007F16BF46F3C0184FEAE67876B24346B5
:10DEC000FFF76FB81AF400711CBFDBB20146B9E569
:10DED0001AF400787ED107998DF88F8000291E46AC
:10DEE000FFF6BDA82AF0800A002B7FF4B8A80B46E5
:10DEF0000E9200297FF4B4AC04E59DF88F300692B1
:10DF00000C925AAFFFF788B8079B01932CAB049390
:10DF100027AB039325AB0293022300935846DDE918
:10DF20001C2301F061FB07461AF0010F40F0028448
:10DF3000259A2C9B0F92DB1BD11C1193C0F2B88346
:10DF400007999142C0F28683934200F345840F9B68
:10DF50000C931AF4806F03D00F9B002B00F3E08426
:10DF60000C9B23EAE373C24606934FF06709002334
:10DF700014931093159B0AF00200002B00F07D8192
:10DF80004FF02D0C8DF88FC0069B013306930023B4
:10DF900007939BE5079B0E92109314930C930F939A
:10DFA00006934FF078095AAF9C460B9391E531AC3C
:10DFB000FEF7C2BD07EB0108A8EB03088F1AB845AE
:10DFC000A8BFB846FFF752BB0E9A09991268118094
:10DFD000FEF795BFDEB2079B8DF88F10002B8846A9
:10DFE000BFF687ACFFF73BB845F63003ADF890308D
:10DFF000079B632B4AF0020A00F30C84DDE912123E
:10E00000002A1346C0F2738525AADDE9120101F04A
:10E010001FFA00224FF07F53C2F78EFA02460B46DA
:10E02000CDE90C2300220023C2F7EEFC08B1012346
:10E0300025930023A14A159306920B9341AF079BAA
:10E040000F95591ECDE9109A0794069EDDE90C45FF
:10E05000B8468A4609E0002200230AF1FF39C2F7D8
:10E06000D3FC002840F0D684CA46954B00222046B7
:10E070002946C2F761FA0D460446C2F7B7FE81464B
:10E08000C2F7F0F902460B4620462946C2F79CF833
:10E0900016F80930BAF1FF3F4246044608F8013B42
:10E0A0000D46D8D11646874BDDF844A00022CDE9B5
:10E0B0000C45079C0F9DCDF81C90DDF84090C2F7F1
:10E0C000CBFC48B9DDE90C017E4B0022C2F79CFC79
:10E0D000E0B1079BD80719D5069B2C96D97B18F879
:10E0E000012C9142434609D1302003F8010C2C9BAE
:10E0F0005A1E2C9213F8012C8A42F6D0392A0BBFF3
:10E10000069A0132927AD2B203F8012C259AA8EB32
:10E1100007031193B9F1610F02F1FF33259300F06A
:10E12000AD8450214FF04109002B8DF8A010C0F2B2
:10E130009A842B22092B8DF8A12000F3C9820DF1BE
:10E14000A202303302F8013B28ABD31A1893119B7B
:10E15000189A012B1A440C9240F39E830C9B169A3A
:10E1600013440C930C9A2AF4806343F4807A22EAD5
:10E17000E2720023CDE90F3314930692FAE6384693
:10E18000C2F75EFD9DF88F300C9020EAE072069297
:10E19000002B3EF4D1ADFEF7CCBD08992EAA58460F
:10E1A00000F00EFF00283EF4F6AFFFF7E7B808993D
:10E1B0002EAA584600F004FF00287FF4D9A8DDE914
:10E1C0002F36259931AA47E6886DFCF72BF9FFF722
:10E1D0006FB9079B01331193022300932CAB049377
:10E1E00027AB119E039325AB019602935846DDE9B8
:10E1F0001C2301F0F9F929F02003462B074606936A
:10E20000064400F0E781DDE91C0100220023C2F78B
:10E21000FBFB002840F0D5832C9BB34280F0CF83DA
:10E220004522069230215A1C2C9219702C9BB34225
:10E23000F9D3DB1B1193259B0F93069B472B00F013
:10E240000282069B462B00F0DD810F9B8DF8A0908B
:10E25000013B002B2593C0F232822B22092B8DF833
:10E26000A12000F3358230228DF8A2200DF1A30207
:10E2700067E7079B11930323AFE79DF88FC0BCF1BD
:10E28000000F7FF481AE159B07931FE433788DF860
:10E2900067312AF4806A0DF2671707E42CAB00930C
:10E2A0000023194627AA584601F084F80346013393
:10E2B0000C9000F0F68227974EE500BF3CC9040899
:10E2C000000030400000E03F1B9A1999BF1A384601
:10E2D000FCF720F899F801300BB109F10109B94AAE
:10E2E00016EB080343F10003A2FB030525F003002E
:10E2F00000EB95001B1AF31A4FF0CC3168F10008BF
:10E3000003FB01F102FB0811A3FB023001445B088F
:10E3100043EAC1764FEA510816EB080343F10003C4
:10E32000A2FB031020F0030101EB90015B1AF31A2A
:10E33000A3FB023168F100005B0802FB001243EA14
:10E34000C27303EB8303A6EB4303303307F8013CAE
:10E350004FF0010C013FFEF7DCBE119ADDF8508052
:10E36000CDF854A0BA18079222461C46109BDDF83F
:10E370006890DDF820A00F95002B314614971B9E66
:10E380002EDDB8F1000F7EDD08F1FF382F98199BC4
:10E39000013031440728C2E9003630912F9067DC04
:10E3A0000832079B99F800001F1B8742A8BF074649
:10E3B000002F0BDD2F98013039440728C2E90047B0
:10E3C00030912F9065DC99F800000832002FACBF27
:10E3D000C51B0546002D16DC0444109B002BD0DC29
:10E3E000B8F1000FD0DC2346149F0F9DDDF854A038
:10E3F000CDF868901446119ABA1893420E4628BF79
:10E400001346FFF706B9102D2F986F4B23DD0C94A0
:10E4100010272C461D4604E0103C102C02F1080287
:10E4200016DD0130684B10310728C2E90037CDE90D
:10E430002F01F1DD2EAA5146584600F0C1FD0028FB
:10E440007EF496AF103C102CDDE92F0131AAE8DCF8
:10E450002B4625460C9C1360013029440728CDE942
:10E460002F01556067DC99F8000008320444B4E7D6
:10E470002EAA5146584600F0A3FD00287EF478AF3E
:10E48000309931AA8DE7109B013B09F1FF391093B8
:10E490007CE72EAA5146584600F092FD00287EF4F3
:10E4A00067AF99F80000309931AA8FE714460E46FD
:10E4B0000133159A22604644072BCDE92F36C4F864
:10E4C000048000F3DD810834FFF79DB82D23B9F1F6
:10E4D000470F8DF88F300B963346079640F33E81F9
:10E4E00003223A4F0C92CDE90F3314930423069381
:10E4F000FEF7F5BA0E928A46FEF77ABD9DF88F3088
:10E50000CDF83880003B18BF012306930C9B07937E
:10E51000CDE90F3314930B93FEF7E1BA08992EAAB5
:10E52000584600F04DFD00287EF422AF2599309E1C
:10E5300031ACFFF7A9B92EAA5146584600F040FD6C
:10E5400000287EF415AF99F80000309931AA0444F0
:10E5500043E708992EAA584600F032FD00287EF4C1
:10E5600007AF309E31ACFFF743B847F63003ADF844
:10E570009030079B632B4AF0020A00F34B81DDE9E0
:10E580001212002AC0F2208225AADDE9120100F051
:10E590005FFF00224FF07F53C1F7CEFF02460B46CC
:10E5A000CDE90C2300230022C2F72EFA03460028EF
:10E5B00000F0528201231596259341AF0B96044B30
:10E5C00006933CE5CDCCCCCC1CFD04081CC904084A
:10E5D00028C904083B78302B00F0CC81259B1E44D1
:10E5E000DDE91C0100220023C2F70EFA20BB2C9BA0
:10E5F000B342FFF417AEDB1B1193259B0F93069BD1
:10E60000472B20D00F99079A0AF00103002943EA0B
:10E61000020340F39182002B40F0CA810F9B0C93C0
:10E620004FF066091AF4806F40F07C810C9B23EA5E
:10E63000E373C24606939AE4259B0F93F31B119351
:10E64000069B472BDED10F9B033331DB079B0F9AD1
:10E65000934210DA0F9B013BA9F10209002B8DF8C0
:10E66000A0902593BFF6F9AD0F9B2D22C3F10103B6
:10E670008DF8A120F7E5119B0F9A934200F3AC802F
:10E680001AF0010F0F9B00F03482169A13440C937A
:10E690005FE4089907932EAA584600F091FC0028E1
:10E6A0007EF466AE259A309E079B31ACFEF7C6BF5E
:10E6B0000F9BA9F10209013B8DF8A09025930F9BB8
:10E6C000C3F101032D22092B8DF8A1207FF7CBADDB
:10E6D0000DF1B706DFF8C4C232461046ACFB031298
:10E6E000D20802EB8201A3EB4101303100F8011C9A
:10E6F00019466329134600F1FF32EEDC303302F88D
:10E70000013C831EB34280F049820DF1A10213F84F
:10E71000011B02F8011FB342F9D103F5B4736B4436
:10E72000C43B1B1A28AA9B1A189310E59C48159005
:10E73000FFF72DB8079BFE184723069350E708996B
:10E740002EAA584600F03CFC00287EF411AE259F0E
:10E75000119B309EDF1B31ACFEF788BF0322914F27
:10E760000C92C0E600230D460793FEF745B9069AC2
:10E7700007930132CDE90F330692CDF83880149318
:10E78000FEF7ADB9C1F10008103180F21982864858
:10E79000159031461024064605E00832A8F110080D
:10E7A000B8F1100F27DD01331031072BC2E90064E7
:10E7B000CDE92F31F1DD08992EAA584600F000FC72
:10E7C00000287EF4D5ADDDE92F3131AAE6E700233C
:10E7D0000B9341AFFFF7D0BA119B169A9A180F9B73
:10E7E0000C92002B40F32C814FF067091AE76E4B17
:10E7F0001593FEF768BD0E46013315991160464426
:10E80000072BCDE92F36C2F8048000F34D81083282
:10E81000FFF725BB079B5846591CFAF713FD07461F
:10E8200000283FF423AA0B904AF48078FFF7C4B87D
:10E8300002F100431D932D231C911593FFF7C7B8D8
:10E84000079A002A00F03D81002BC0F26C81DDE9BF
:10E850001223CDE91C231596079B01932CAB04933F
:10E8600027AB039325AB0293022300935846DDE9BF
:10E870001C2300F0B9FE002307460B93FFF754BB9F
:10E8800008992EAA584600F09BFB00287EF470AD34
:10E89000309E31ACFEF7B7BE1AF0010F3FF462AC08
:10E8A0005CE4089BB3F90C3000220B9243F0400368
:10E8B000089A9381FEF75CBD06230B9007934AF4F8
:10E8C0008078FFF779B8CDF83880002B00F004810C
:10E8D000079B0C935A1C06920790149010904FF0CF
:10E8E0007309FEF7FCB8139B13F000432AF0800A6B
:10E8F0000F9300F0C6802D238DF88F30B9F1470FAC
:10E900004FF000030B93079340F340810322274FFE
:10E910000C92E8E500230322CDE90B320793E2E5F0
:10E920004FF067091A990B78FF2B00F04F810026F2
:10E930000F9A304603E001300131FF2B08D093429B
:10E9400006DAD21A4B78002BF5D10B780136F4E7B2
:10E95000CDE90F201A911496109A149B1B99134419
:10E960000C9A01FB03230C9323EAE373C24606933C
:10E97000FFF700BBDDE91C0100220023C2F744F8C9
:10E98000002800F0CB80259B0F931E4456E6079B82
:10E99000069C0B9D0C93FFF7DFB900BFCDCCCCCC10
:10E9A0002CFD040818C904081CFD040824C9040827
:10E9B000169B0A44D3180C934FF0660932E6DB1B12
:10E9C0001193259B0F9340E41C91134603F10043E0
:10E9D0001D932D230B9641AF159325AADDE91C014C
:10E9E00000F036FD00224FF07F53C1F7A5FD02462F
:10E9F0000B46CDE90C2300220023C2F705F808B12D
:10EA000001232593B9F1610F3FF4D9AD7F4B0693F4
:10EA1000FFF715BB51460029DDE9109A079C0F9DB1
:10EA2000FFF674AB4A1C42444346302003F8010B06
:10EA30009342FBD108EB010303F10108FFF766BB2A
:10EA4000C3F101031A4422EAE273C2460C92069310
:10EA50004FF06709FFF78BBA6D4A159306920B9337
:10EA600041AFFFF7ECBAC2F10103092B4FF02D02C1
:10EA70008DF8A1203FF72CAEFFF761BB7021FFF7A7
:10EA800053BB9DF88F30B9F1470FCCBF614F624F38
:10EA9000002B40F0AF80032207930C921493109345
:10EAA0000B930692FEF71BB808992EAA584600F061
:10EAB00087FA00287EF45CACDDE92F3631AAFFF737
:10EAC000CEB9002B6EDB079B159301230793DDE97D
:10EAD0001223CDE91C23BFE6079B0C9306930B9BE7
:10EAE0001493109307934FF07309FDF7F8BF1C912F
:10EAF0006CE70C93FFF72DBA089A536ED8073EF5D2
:10EB00005BAD938999053EF557AD906DFBF78AFC97
:10EB1000FEF752BD414A1592FEF742BC119BC3F16C
:10EB2000010325935BE5DDE9122303F100431D9307
:10EB30002D231C9215938FE6C24633B90123069309
:10EB40004FF066090C93FFF712BA169B03F1010907
:10EB5000079B4B440C9323EAE37306934FF066093B
:10EB6000FFF705BA2D4A1592A2E40E9A6B780D466E
:10EB700052F8041B0E9241EAE1710791FDF73ABF8A
:10EB8000CDE90F330B931493FDF7A9BF0322224F56
:10EB90000C92A8E4214B1593FFF771B90223189347
:10EBA000FFF7D5BADDE9122303F100431D932D23AE
:10EBB000159301231C9207934EE65046FEF781BE43
:10EBC0001649159118E65346FEF7B9BE0023149373
:10EBD0001093C1E6089BB3F90C3043F0400367E69D
:10EBE000089B0B90B3F90C3043F0400360E65146AC
:10EBF000FEF725BA00230793149310930B93032376
:10EC00000C9304230693FDF76ABF00BF3CC90408B8
:10EC100028C9040824C9040820C904081CFD0408E4
:10EC20002DE9F04198468B89ADF58D6D23F00203F7
:10EC3000ADF80C301AAB009304934FF48063029349
:10EC400005934B6E1993CB89ADF80E30CB690793C2
:10EC50004B6A099316460023074616A80D460693ED
:10EC6000FBF7DAFB3246434669463846FDF748FE75
:10EC7000061E6C4607DB69463846FBF787F8002816
:10EC800018BF4FF0FF36A3895B0603D5AB8943F06D
:10EC90004003AB81A06DFBF7C1FB30460DF58D6DD8
:10ECA000BDE8F0819368002B00F0B2802DE9F04FB1
:10ECB000B1F90CC01CF0080F83B0174680460C4613
:10ECC00025D00B691BB31CF002033D682BD04FF01D
:10ECD000000ADFF8A4B256465E453346524628BFC6
:10ECE0005B464046002E00F08280E169D4F824C0E3
:10ECF000E047002840F38480BB681B1A8244361A20
:10ED0000BB60002BE8D1002003B0BDE8F08F2146A6
:10ED1000404600F039FA002877D1B4F90CC03D68BC
:10ED20001CF00203D3D11CF0010973D14E46002E12
:10ED300059D01CF4007F2068D4F808B000F0AD80F2
:10ED4000B3455A4600F2DC801CF4906F32D0236940
:10ED50006269A0EB030A02EB420202EBD2720AF1F3
:10ED6000010152103144914292BF93468B460A46AC
:10ED70001CF4806F00F0E28011464046FAF762FA18
:10ED8000002800F0F280524621690190C1F7A8FEE8
:10ED9000A289019B22F4906242F08002A28103EBDF
:10EDA0000A002361ABEB0A03C4F814B0A36020602F
:10EDB000B346324649460192FBF7A6F9A368019A89
:10EDC000A3EB0B012368A1601344B2462360002625
:10EDD000BB68A3EB0A03D144BB60002B93D0B4F90A
:10EDE0000CC0002EA5D1D5E9009608359FE7D5E9DE
:10EDF00000A6083570E721464046FAF7C7FF68B31A
:10EE0000B4F90C3043F04003A3814FF0FF307BE7AF
:10EE1000002070471E46BA46994618461F465EB304
:10EE200080B34A46D4E904132068B24228BF324670
:10EE3000884204D9A16803EB010B5A4570DC934268
:10EE400061DCE169D4F824C03A464046E047B0F1BD
:10EE5000000BD5DDB9EB0B09CDD00120DAF8083075
:10EE6000A3EB0B035F44A6EB0B06CAF80830002B9C
:10EE70003FF449AF002ED3D16E682B460835002EE3
:10EE8000FAD01F6832460A213846C1F749FF0028E8
:10EE900068D00130A0EB0709C3E72369834217D389
:10EEA0006269B24214D86FF00043B34228BF3346C0
:10EEB000E16993FBF2F3D4F824C002FB03F340466C
:10EEC0004A46E047B0F1000A9ADDA6EB0A067FE762
:10EED000B345DA4628BFB24652464946FBF714F915
:10EEE000A3682268A3EB0A035244A3602260002BAC
:10EEF000EBD121464046FAF749FF0028E5D07FE7ED
:10EF0000B346324656E739460192FBF7FDF8019ABF
:10EF1000A3689B1AA360236813442360934699E770
:10EF200039465A46FBF7F0F823685B4423602146D4
:10EF30004046FAF72BFF00288CD061E7194640467F
:10EF4000FAF788FC034600287FF429AF2169404680
:10EF5000FBF7D6FAB4F90C300C22C8F8002023F0E5
:10EF600080034FE7721C91465CE70C22B4F90C3029
:10EF7000C8F8002046E700BF00FCFF7F2DE9F843FA
:10EF80000746884616464FF00009D6E90154013D70
:10EF900010D4A389012B08D9B4F90E3001332146CE
:10EFA000384602D0C04749EA0009013D6B1C04F114
:10EFB0006804EED13668002EE7D14846BDE8F883F4
:10EFC000936810B514461BB918460023636010BD42
:10EFD000FFF768FE0023A3600023636010BD00BF3D
:10EFE0002DE9F843154692682C68FAB180468946A7
:10EFF000083401E00834CFB16B68591E002B174666
:10F00000696013DD54F8046C002EF3D0334654F8D5
:10F01000082C4946404601F05FFF431C07D0AA6810
:10F02000921B1746AA600834002FE5D10020002368
:10F03000C5E90133BDE8F88370B500293FD0064625
:10F040000C4610B1436B002B3CD0636EB4F90C201E
:10F05000DD0732D4900538D521463046FAF704FE54
:10F06000E36A054633B1E169304698470028B8BFE6
:10F070004FF0FF35A3891A0639D4216B41B104F151
:10F080004003994202D03046FBF73AFA002323634B
:10F09000616C21B13046FBF733FA00236364FAF761
:10F0A000A9FF636E0022DB07A2811CD5A06DFBF7D0
:10F0B000B5F9FAF7A5FF284670BD002ACCD1002586
:10F0C000284670BDFAF778FFBFE7A06DFBF7A8F9F7
:10F0D000B4F90C30002BBFD1636ED907EFD4A06D0B
:10F0E000FBF7A0F9EBE7A06DFBF79CF9DEE72169E0
:10F0F0003046FBF705FAC0E710B50C46B1F90E1023
:10F1000000F0F2F8002803DB236D0344236510BDF3
:10F11000A38923F48053A38110BD00BF2DE9F041E2
:10F120000C46B1F90C101F46CB05054616460BD40C
:10F1300021F48051A1813B46B4F90E103246284695
:10F14000BDE8F04100F0E6B8B4F90E100223002249
:10F1500000F0B4F8B4F90C10EAE700BF10B50C46A3
:10F16000B1F90E1000F0AAF8B4F90C30421C0EBF31
:10F1700023F4805343F480532065A38110BD00BF66
:10F18000B1F90E1000F088B838B53D4B1B68054644
:10F190000C4613B15A6B002A5AD0B4F90C30190737
:10F1A0000BD522699AB113F0010221D19B075ABFF6
:10F1B0006369A360A260002038BDDA0658D55807FD
:10F1C0001CD4226943F00803A381002AEBD19905DE
:10F1D00028D5180603F0800124D4D80741D49D0710
:10F1E0003CD5A2600029E6D043F04003A38144E06F
:10F1F000636900225B42A260A361DCE7216B51B12D
:10F2000004F14002914204D02846FBF779F9B4F9A1
:10F210000C300022226322690021C4E9002123F07E
:10F220002403CFE72146284601F0EEFDB4F90C3067
:10F23000226913F001010FD0616900204942A060EA
:10F24000A161002AB7D103F080010029B3D0CBE738
:10F250001846FAF7B1FEA0E7980700D46169A160EB
:10F26000EFE76069A2604042A0610029A3D0BBE73C
:10F27000092243F040032A60A3814FF0FF3038BDDC
:10F2800084040020014B93F828017047CC0500202E
:10F2900000487047BC06002038B5074D00220446E0
:10F2A00008462A60C2F734FA431C00D038BD2B68E8
:10F2B000002BFBD0236038BDC033012038B50D468C
:10F2C000084C8446114628461A46002323606546AA
:10F2D000C2F728FA431C00D038BD2368002BFBD0AE
:10F2E0002B6038BDC033012038B50D46084C84462C
:10F2F000114628461A46002323606546C2F7EAF9FC
:10F30000431C00D038BD2368002BFBD02B6038BDD8
:10F31000C033012038B50D46084C844611462846B6
:10F320001A46002323606546C2F7E4F9431C00D067
:10F3300038BD2368002BFBD02B6038BDC0330120C3
:10F3400038B5074D074C2C1BA41005D0013C55F8CF
:10F35000043D9847002CF9D1BDE8384004F0FEBACE
:10F360007CFE040878FE040870B5054684B05BB1E5
:10F370001C460F4BD3F8E060234669B12846B047DE
:10F38000431C0FD004B070BD094B00F58274D3F854
:10F39000E06023460029F1D10A46284601A9B0477A
:10F3A000431CEFD100228A2322602B6004B070BD81
:10F3B000CC05002000B583B0DDF810C0CDE9003CDD
:10F3C0004FF0FF3301F094FE03B05DF804FB00BF83
:10F3D0002DE9F8431B4D0646286898460F4691468E
:10F3E000FBF71EF8184B1C681CB3286865681F2DB6
:10F3F00022DC4EB96B1C0235636044F82570FBF7C4
:10F4000011F80020BDE8F88304EB85010123C1F861
:10F410008890D4F88821AB401A43022EC4F8882182
:10F42000C1F80881E6D1D4F88C211A43C4F88C21A4
:10F43000E0E7064C1C60D8E7FAF7F4FF4FF0FF3026
:10F44000E0E700BFC8050020D0330120D4330120FD
:10F45000DFF85CC0F8B521F000430027634504469F
:10F460000D461646176020D8844653EA0C0C1CD073
:10F47000DFF840C001EA0C0C0A46BCF1000F09D1CC
:10F480000D4B0022C1F758F86FF0350704460A46C5
:10F4900021F000431B156FF31E52A3F2FE3342F01E
:10F4A0007F553B4445F40015336020462946F8BD9E
:10F4B000FFFFEF7F0000F07F000050432DE9F04F89
:10F4C00003690C69A34283B0C0F28A80013C01F158
:10F4D000140500F1140855F8243058F8242001339D
:10F4E0009A428E4681464FEA840105EB840708EB79
:10F4F000840AB2FBF3F63AD3CDE900150022AC46FC
:10F50000404613465CF8041B05681FFA81FB06FBA6
:10F510000B22090C4FEA124B06FB01BB92B2A9B2B7
:10F52000891A19441FFA8BF3C3EB214303EB1543EC
:10F5300089B241EA0341674540F8041B4FEA1B4288
:10F540004FEA2343DED2DDE9001558F8013073B9E4
:10F55000AAF1040AD04504D307E0D04504F1FF34F2
:10F5600003D25AF80439002BF7D0C9F8104071467D
:10F57000484601F013FB00282EDB4146002255F8D7
:10F58000040BD1F800C01FFA80FE1FFA8CF3A3EB26
:10F590000E031344020CC2EB234202EB1C429BB24B
:10F5A00043EA0243AF4241F8043B4FEA2242E6D22B
:10F5B00058F8242008EB84036AB9043B434504D877
:10F5C00007E0984504F1FF3403D253F80429002AD8
:10F5D000F7D0C9F810400136304603B0BDE8F08FCF
:10F5E000002003B0BDE8F08F2DE9F04F816B9FB094
:10F5F00016461F46CDE904672B9D044641B1C26BF8
:10F600004A60012393408B6001F04CF80023A36310
:10F61000B7F10009B4BF012300232B60B24BBCBF7C
:10F6200029F00049CDF8149033EA090300F0A380D3
:10F63000DDE904231046194600220023CDE902012A
:10F64000C1F7E2F9824668B12A9A012313602C9B24
:10F6500013B12C9AA54B1360A54B079307981FB0C5
:10F66000BDE8F08F1CAB01931DAB00932046DDE994
:10F67000022301F06DFB5FEA1955DDF870800990F7
:10F6800040F08F801D9D454405F23243202B40F30E
:10F690002A82C3F1400309FA03F905F2124326FA5C
:10F6A00003F349EA0300C0F7CDFE0122013DA1F1B9
:10F6B000F8731092194600228E4BC0F785FD84A383
:10F6C000D3E90023C0F738FF83A3D3E90023C0F7B1
:10F6D0007DFD064628460F46C0F7C4FE80A3D3E949
:10F6E0000023C0F729FF02460B4630463946C0F7D3
:10F6F0006DFD06460F46C1F779FB00228146089052
:10F70000002330463946C1F789F9002840F01181BD
:10F71000A8EB0508089D162D08F1FF3B00F2F480C8
:10F72000754A02EBC503D3E90023DDE90201C1F705
:10F7300075F9002840F0D181B8F1000F40F38A85B7
:10F740000D90AB440C950A9000230B93289B092B3A
:10F750003BD8052BC4BF043B2893289BA3F102038D
:10F76000CCBF00250125032B31D8DFE813F0EE02D2
:10F77000EB02E002C5012A9AC9F3130942F20F73A2
:10F7800059EA0609136019D12C9B002B00F03F8722
:10F790005A4B079308332C9A079813601FB0BDE8A3
:10F7A000F08FDDE90201C1F3130343F07F53A5F2AB
:10F7B000FF35CDF840A043F440137BE72C9B002B92
:10F7C00040F096814E4B079348E70023289300258D
:10F7D000E5632946204600F03FFF0790002800F02F
:10F7E000B086079BA3631D9B002BC0F2B080089AD4
:10F7F0000E2A00F3AC80404B03EBC203D3E9006751
:10F80000DDE9028932463B4640464946CDE9046778
:10F81000C0F7BCFFC1F7EAFA0546C0F723FE32463F
:10F820003B46C0F789FE0B46024649464046C0F7B4
:10F83000CBFC05F13003079D05F8013B4FF0FF3A83
:10F8400002944FF001095446DDE904AB1DE0524635
:10F850005B4630463946C0F799FFC1F7C7FA804684
:10F86000C0F700FE52465B46C0F766FE09F101098B
:10F870000B46024639463046C0F7A6FC08F1300375
:10F88000A14505F8013B00F043851E4B0022C0F75F
:10F8900053FE0022002306460F46C1F7B5F80028A4
:10F8A000D5D0089F029C0137AB460999204600F04D
:10F8B000F9FE00238BF800302A9B1F602C9B002B45
:10F8C0003FF4CCAE0798C3F800B01FB0BDE8F08F8E
:10F8D00061436F63A787D23FB3C8608B288AC63F56
:10F8E000FB799F501344D33F0000F07F195C04085C
:10F8F000185C04080000F83F70FD04089CC9040867
:10F90000A8C904080000244001230D93BBF1000F97
:10F91000C0F2DD8000230A93089B002B80F2D48084
:10F920000A9A089BD21A5B420B9300230A920C930B
:10F930000CE74846C0F796FD32463B46C1F764F8EF
:10F9400000287FF4E5AE09F1FF330893E0E64FF0BD
:10F95000FF3A2995CDF850A0109A002A40F0F8817E
:10F960001C9B0B9FC3F136030A9A01212046D51830
:10F970009B4400F05BFF0A9A0646002A40F084830D
:10F980000B9B002B00F0F983002F40F0DD830B9AD6
:10F990000999204601F02EF8012309900B930121CB
:10F9A000204600F043FF0C9B0290002B40F00783A1
:10F9B000289B012B40F38E830120584410F01F0038
:10F9C00000F0CE81C0F12003042B40F39C830A9BFE
:10F9D000C0F11C00034405440A938344002D05DD57
:10F9E00009992A46204601F065F80990BBF1000FFD
:10F9F00005DD02995A46204601F05CF802900D9B05
:10FA0000002B40F0F282BAF1000F40F3B3820B9B5F
:10FA1000002B40F00082089F0137DDF81C80DDF8E4
:10FA200024B0DDF80890012507E0594600230A229A
:10FA3000204600F041FE0135834649465846FFF70F
:10FA40003DFD554500F1300008F8010BEDDB079B4B
:10FA5000CDF824B0BAF1000F0AF1FF3503F101022D
:10FA6000D8BF002505EB020A81460025099901222D
:10FA7000204601F01FF80299099001F08FF8002844
:10FA800040F37E83079A02E0924500F08483D346D8
:10FA90000AF1FF3A1BF8013C392BF5D001338AF803
:10FAA00000300299204600F0FDFD002E3FF4FDAE2F
:10FAB0002DB1B54203D02946204600F0F3FD314672
:10FAC000204600F0EFFDF0E69B440C933CE6C8F1C5
:10FAD00001030A934FF0000B1EE7089B013B0893BC
:10FAE00000230D9312E7C3F1200306FA03F0DAE5D1
:10FAF0009F4B079303334EE601231293299B089AE9
:10FB0000134403F1010A5646012E1493B8BF01268F
:10FB1000172E40F36C85012204235B0003F11400CF
:10FB2000B042114602F10102F7D9E163204600F02C
:10FB300093FD0790002800F00485BAF10E0FA06332
:10FB400000F22481002D00F02181089A002A40F360
:10FB50005883884902F00F0301EBC303D105D3E9B1
:10FB600000674FEA221540F1F183834BDDE9020182
:10FB7000D3E90823C0F70AFECDE90E0105F00F0511
:10FB80004FF0030985B1DFF8F081EA0740F1E48026
:10FB900030463946F8E80223C0F7CEFC6D1009F173
:10FBA000010906460F46F0D1DDE90E0132463B461B
:10FBB000C0F7ECFDCDE90E010D9B53B1DDE90E67F9
:10FBC0006E4B002230463946C0F728FF002840F02F
:10FBD0006B844846C0F746FCDDE90E23C0F7ACFC59
:10FBE000674B0022C0F7F2FA0646A1F15077BAF14E
:10FBF000000F00F0E382089B1B93CDF854A05D4BEF
:10FC000015991A9303EBC10353E90212CDE9186762
:10FC1000DDE90E56CDE9161228463146C1F7E6F861
:10FC200000F130035FFA83F8C0F71CFC0B46024674
:10FC300031462846C0F7C8FA079B0F4612995D1C4B
:10FC400006460E95002900F0B483DDE916234D49E0
:10FC50000020C0F79BFDDDE91823C0F7B5FADDF8F9
:10FC60001CC002460B46CDE912238CF800803246B8
:10FC70003B46C0F7F1FE002840F07784CDF858B03D
:10FC80000E94DDF854B0CDF854A04FF00009AA4608
:10FC9000DDE912452CE009F10109D94580F2D08156
:10FCA000394B204629460022C0F746FC364B00223D
:10FCB00004460D4630463946C0F73EFC0F46064620
:10FCC000C1F794F88046C0F7CDFB02460B4630469C
:10FCD0003946C0F779FA08F130080AF8018B224654
:10FCE0002B4606460F46C0F799FE002840F03B849D
:10FCF00032463B4621490020C0F766FA22462B4691
:10FD0000C0F78CFE0028C6D01B9E0E9C079A554655
:10FD1000013602E0954200F0F683AB4615F8013D4E
:10FD2000392BF7D00133DBB22B703746BDE5012309
:10FD30001293299B002B40F3B681299B14939A467A
:10FD40001E46E5E600231293D8E600231293F0E75F
:10FD50000B9F03F2334307E66D1008F1080814E720
:10FD60001C230A9A1A441D440A929B4436E600BF9B
:10FD7000A8C9040870FD040848FD04080000F03F0D
:10FD800000001C400000E03F000024401D9B002BB1
:10FD9000C0F24781089A0E2A00F34381A64B1A93BA
:10FDA000089A1A9B03EBC203D3E90023CDE904238D
:10FDB000299B002B80F2D182BAF1000F00F3CD8293
:10FDC00040F015829D4B0022DDE90401C0F7B4FB31
:10FDD00002460B46DDE90201C0F72AFE5146002823
:10FDE00040F00682DDF81CB031230BF8013B2046C1
:10FDF00000F058FC089F023757E5314600230A22DD
:10FE0000204600F059FC149B002B064640F3E58386
:10FE1000DDF850A008950A9B002B05DD31461A46F7
:10FE2000204600F047FE06460C9B002B40F059820E
:10FE3000B046079D05F1FF3B0BEB0A030B93049BB8
:10FE4000DDF824B003F001030C9302995846FFF744
:10FE500035FB31468246584600F0A0FE029907461F
:10FE60004246204600F0BAFEC3680AF13009014656
:10FE7000002B36D10A90584600F090FE0A9909905E
:10FE8000204600F00FFC099B002B58D1289B1BB982
:10FE90000C9B002B00F08A83002FC0F24F830B9B3A
:10FEA000AA469D420AF8019B00F07B825946002336
:10FEB0000A22204600F000FC4645834631464FF0BA
:10FEC00000034FF00A02204633D000F0F5FB414614
:10FED000064600230A22204600F0EEFB55468046E7
:10FEE000B3E72046CDF824B000F0DCFB002F06DBA2
:10FEF000049B03F00102289B1F433A432CD109992C
:10FF00000122204600F0D6FD0299099000F046FE3D
:10FF1000002840F32F83B9F1390F00F0F7820AF17E
:10FF20003109AB46089F0BF8019B35460137464621
:10FF3000B7E500F0C1FB55460646804685E7002F31
:10FF4000C0F20683289A17430C9A174300F00083E7
:10FF5000002BA4DDCDF824B0B9F1390F00F0D68222
:10FF6000AB46089F09F1010335460BF8013B013709
:10FF7000464696E5289B022B7FF749ADBAF1000F64
:10FF800040F09181029953460522204600F094FBEF
:10FF900001460290099800F001FE002840F3838199
:10FFA000DDF81CB0029931230BF8013B204600F02C
:10FFB00079FB089F0237002E7FF481AD75E41A4665
:10FFC0000146204600F016FD289B0290012B40F3CD
:10FFD0007B8100230C93029A136902EB8303186957
:10FFE00000F0BAFBC0F12000E7E40299099800F0A4
:10FFF000D5FD0028BFF607AD00230999089D0A2208
:020000040804EE
:10000000204600F059FB0B9B0990013D002B7FF42B
:10001000F4AE149B002B40F3D582089FDDF850A06E
:10002000FBE4129AB2B90A9B002B71D10B9B002BF7
:100030007FD11D461E46B2E470FD04080000144046
:100040001D9B0E9C002BDDE915AB03DB089A0E2AE5
:100050007FF7A6AE289A012A7FF77EAC0B9B0AF1A8
:10006000FF37BB42C0F2FF80BAF1000FA3EB0707D6
:1000700080F2A582012120460A9D00F0D7FBA5EB66
:100080000A080646CDF82880BBF1000F7FF778AC50
:100090000A9A5A451346A8BF5B46D21AED1A0A922D
:1000A000ABEB030B6CE40021E163204600F0D4FAD3
:1000B0000790002800F04582079BA363002D40F0C5
:1000C000FF801D9B002BC0F26A82012214922992AC
:1000D00092465FE6049B002B7FF46EAC059BC3F356
:1000E0001303002B7FF468AC059B23F000431B0D2A
:1000F0001B05002B3FF460AC012301350BF1010B14
:100100000C93184659E43FF469ACC0F13C0328E66F
:10011000BBF1000F00F0B4810A9A0B9E5A451346BA
:10012000A8BF5B46D51AABEB030B0A95002E3FF434
:1001300036AC0B9A0999204600F05CFC00230A9D1E
:1001400009900B931E462AE431463A46204600F0B9
:1001500051FCDDF8249001464A460646204600F050
:1001600093FB49468046204600F09CFA0B9BCDF855
:100170002480DB1B0B937FF40AAC01230B930EE46A
:1001800003D119F0010F7FF47DACD3461AF8013D7D
:10019000302BFAD085E4079A31230137137080E4BD
:1001A0004846C0F75FF9DDE90E23C0F7C5F9B84B43
:1001B0000022C0F70BF80646A1F15077B54B00229C
:1001C000DDE90E01C0F700F832463B46804689461D
:1001D000C0F742FC002840F0A48140464946324620
:1001E00007F10043C0F71AFC00283FF4CFAD00210F
:1001F000204600F057FA299BDDF81CB05F42FFF75C
:1002000054BB00F07881089BA34A5D4205F00F03C0
:1002100002EBC303D3E90023DDE90201C0F78CF947
:100220002D11CDE90E0100F0DE819C4E4FF0020948
:10023000EB070CD5DDE90E01F6E80223C0F77CF9E7
:100240006D10CDE90E0109F10109F1D1B4E46D1091
:100250000836EDE7C8F101030A93089B0D909B4611
:100260000C93FFF771BA0B9B0C9ADDF82880FB1AF0
:100270001A44012120460C9200F0D8FA4346D34498
:1002800008EB0A0506460B97002B3FF480AB0A9A51
:100290005A451346A8BF5B46D21AED1A0A92ABEB39
:1002A000030BFFF774BB0299204600F0FBF9299B72
:1002B000DDF81CB05F42002E7FF401ACFFF7F5BA09
:1002C00014952995AA4640E4049B002B7FF481AE47
:1002D000DDE90412C2F31303002B00F052810C91EC
:1002E00079E67168204600F0B7F90546002800F06D
:1002F0008781336902339A0006F10C010C30C0F794
:10030000EFFB29460122204600F0D4FB804690E511
:10031000029C02460B46BFF759FF089FDDE9042304
:10032000013782468B463E46C0F796FB48B9DDE969
:10033000042350465946C0F767FB20B118F0010F5F
:1003400001D0079AE9E4AB46FFF7AFBADDE9022333
:100350004FF00209CDE90E2314E4079B01330E93FD
:10036000DDE90256DDE9042328463146C0F70EFADE
:10037000C0F73CFD8046C0F775F8DDE90423C0F7FF
:10038000DBF802460B4628463146BFF71DFF079AA9
:100390000E9D08F13003BAF1010F13707FF450AADB
:1003A000B7E7089FCDF824B0354601374646FFF73A
:1003B0005DBBDDE91823DDE91601C0F7BDF8079B39
:1003C00083F80080159B012BCDE9100123D0079BFA
:1003D000159ADDF8388003EB0209314B00223046D4
:1003E0003946C0F7A9F80F460646C0F7FFFC054698
:1003F000C0F738F8303502460B4630463946BFF76D
:10040000E3FE08F8015BC84506460F46E5D10E9BA2
:100410005D1E159B1D44DDE91089224B00224046DC
:100420004946BFF7D3FE32463B46C0F7F7FA0028ED
:1004300040F0948042464B461A490020BFF7C4FE64
:1004400032463B46C0F708FB80B91D9B002BFFF6E8
:10045000EAAD089B0E2B3FF7E6AD1A9B089A03EB1B
:10046000C207D7E90023CDE9042379E7AB46013D74
:100470001BF8013C302BF9D01B9F0137FFF715BA51
:100480000B9E002E7FF455AE0A9DFFF788BA00BF81
:1004900000001C400000144070FD040848FD0408E2
:1004A000000024400000E03FBAF1000F3FF478AEB6
:1004B000149D002D7FF76AAC089B013B002230465B
:1004C00039461B93544BC0F737F806460F4609F1DF
:1004D0000100CDE90E67BFF7C5FF32463B46C0F7C6
:1004E0002BF84E4B0022BFF771FE15950646A1F181
:1004F0005077FFF784BBDDE902234FF00209CDE915
:100500000E23FFF759BB013631230DE4AA46089F9D
:10051000079A392335460AF8013B01374646FFF76B
:10052000B6BADDF81CB031230BF8013B00212046A0
:1005300000F0B8F8089F0237FFF7B7B9CDF824B03C
:10054000EFE4374B3748002240F2AF1100F0E2FDF4
:10055000002BCDF824B03FF7D2ACE2E41B9E079A03
:100560000136FFF7DABB0E9C55461B9FAB460137A1
:10057000FFF79BB97FF4D5AC19F0010F7FF4CBAC3A
:10058000CFE4059B23F000431B0D1B05002B3FF41C
:1005900021AD012301350BF1010B0C931BE5129BDF
:1005A0004BBB0123149329939A463CE5B9F1390FCB
:1005B000CDF824B0AAD0002F3FF7B1ACB1E4534638
:1005C000FFF7D2B9289A022A03DC089F9A46FFF760
:1005D00024BA0895DDF850A0D0E4289A0895022A9C
:1005E000F8DC9A4617E44FF00209FFF7E5BA00215C
:1005F000E163FFF79BBA129B29939A4614932DE56A
:10060000074B08482A4640F2EF2100F083FD064BD5
:100610000793FFF723B800BF0000244000001C40F0
:10062000ACC90408C0C904089CC9040882B049B117
:100630005AB16BB113780B601278101E18BF0120ED
:1006400002B0704701A9002AF3D1104602B07047EA
:100650006FF00100F4E700BF436C70B505460C462F
:100660004BB153F8240080B1026843F824200023E2
:10067000C0E9033370BD2122042100F06BFD034665
:1006800068640028EDD1002070BD012101FA04F654
:10069000721D9200284600F05DFD0028F3D0C0E9ED
:1006A0000146E4E731B1436C4A6853F82200086020
:1006B00043F82210704700BF2DE9F0410D6907464D
:1006C0000E461C4601F1140E0020DEF800108BB21D
:1006D00002FB03434FEA134C090C02FB01CC01302F
:1006E0009BB203EB0C4385424EF8043B4FEA1C449B
:1006F000EBDC3CB1B368AB4207DD06EB85030135AB
:100700005C6135613046BDE8F08171683846013181
:10071000FFF7A2FF8046A8B13269023206F10C0150
:1007200092000C30C0F7DCF97B6C726853F8221031
:10073000316043F82260464606EB850301355C6173
:100740003561DFE7024B03484246BA2100F0E2FC84
:10075000ACC9040824CA0408B0F5803F034636BF7C
:10076000030400201020B3F1807F3CBF1B0208303F
:10077000B3F1805F06D3B3F1804F0FD29A0012D449
:10078000033070471A01B2F1804F00F1040006D225
:100790009B0108D45B00F3D4202070471A46002A3E
:1007A000FBDB013070470230704700BF0368590718
:1007B000024607D0D8071DD499072AD55B081360D5
:1007C0000120704799B279B91B0CD9B2A1B11020A0
:1007D000190701D104301B09990712D0D90701D498
:1007E00001305B0813607047D9B241B1180718D1C6
:1007F0000420F0E70020704718201B0AE8E70820D3
:10080000FBE713F0040F4FEA930106D002300B46CA
:10081000E8E79B08136002207047DB0804D1202022
:100820007047DB080320DDE70330DBE738B5436CB6
:1008300004460D464BB15868B0B102685A600022B8
:100840000123C0E90323456138BD2122042100F0C2
:1008500081FC034660640028EDD1094B0948002261
:1008600040F2451100F056FC1C220121204600F008
:1008700071FC0028F1D001220223C0E90123DEE748
:10088000ACC9040824CA04082DE9F04FD1F810803F
:100890001569A84585B00E46924605DB2A465346A3
:1008A00045468A4690461E46DAF80830DAF80410C3
:1008B00005EB0804A342B8BF0131FFF7CDFE844623
:1008C000002800F08C8000F1140707EB840E7745B8
:1008D00005D23B46002243F8042B9E45FBD8143634
:1008E00006EB88080AF11409464509EB850567D22D
:1008F000A5EB0A03153B0AF1150A23F00303AA45E9
:1009000094BF9B464FF0000BCDF808E00394AE4631
:10091000E24605E0090C2BD1B04507F104074CD99C
:1009200056F8041B8DB2002DF4D0CC463C46002373
:1009300001965CF8040B216886B28AB2000C05FBB4
:100940000622090C1A4405FB001101EB124192B278
:1009500042EA0142E64544F8042B4FEA1143E8D845
:1009600007EB0B02019E536056F8041C090CD3D010
:100970003B68002248461D463C469446028801FBDF
:1009800002C202EB15429BB243EA024344F8043B25
:1009900050F8043B25684FEA134CABB201FB0C3313
:1009A00003EB124386454FEA134CE7D807EB0B02E3
:1009B000B045536007F10407B2D8DDE902E4D4463C
:1009C000002C02DC05E0013C03D05EF8043D002B66
:1009D000F9D06046CCF8104005B0BDE8F08F034B6D
:1009E000034862464FF4B17100F094FBACC90408AF
:1009F00024CA040812F003032DE9F0411446074607
:100A000032D10E46A4102CD03D6C002D35D004F010
:100A100001034FF0000864103BB92868B8B10546DF
:100A200004F001036410002BF7D02A463146384603
:100A3000FFF72AFF36B17B6C716853F821203260D2
:100A400043F8216074B1064628680028E7D12A4699
:100A500029463846FFF718FF2860C0F80080054691
:100A6000DEE73046BDE8F081013B0F4A52F8232013
:100A70000023FFF721FE0646C4E701213846FFF7B1
:100A8000EBFD054640B1012340F27122C0E904327A
:100A9000002338640360BAE7044B05482A4640F255
:100AA000451100F037FB00BF3CFD0408ACC9040849
:100AB00024CA04082DE9F0470C4690462769A3682C
:100AC000496807EB62177D1C9D4206464FEA621992
:100AD00004DD5B009D4201F10101FADC3046FFF7C5
:100AE000BBFD844600284ED0B9F1000F00F1140080
:100AF0000BDD09F105020CEB82020346002143F8ED
:100B0000041B9342FBD100EB8900216904F114031B
:100B100018F01F0803EB81012DD0C8F1200986468B
:100B20004FF0000A1A6802FA08F242EA0A024EF886
:100B3000042B53F8042B994222FA09FAF2D80B1B22
:100B4000153B23F0030304F11502914238BF002343
:100B5000043340F803A0BAF1000F00D13D46736C96
:100B60006268CCF8105053F822102160604643F8B8
:100B70002240BDE8F087043853F8042B40F8042FD6
:100B80009942F9D8EAE7034B034862464FF4EF7104
:100B900000F0C0FAACC9040824CA04080B698446F2
:100BA0000069C01A15D10CF1140C14310CEB83023E
:100BB00010B401EB830301E0944508D252F8044DD0
:100BC00053F8041D8C42F7D004D24FF0FF3010BC14
:100BD00070477047012010BC704700BF2DE9F04FEF
:100BE00013690E69F61A002E83B08946154614D192
:100BF00001F1140702F1140101EB830107EB8303F8
:100C000001E09F427ED253F8044D51F8042D9442E6
:100C1000F7D080F08480012603E0FCDB00260D463F
:100C200091466968FFF718FD0146002800F08480AE
:100C30002F69C660D9F8100005F1140B05F11002F8
:100C400001F1140A09F1140505EB80000BEB870E86
:100C5000D0460023CDF804B0944655F8046B5CF8F8
:100C6000042F1FFA86FB94B2A4EB0B041C44330C34
:100C7000C3EB124303EB2443A4B244EA0344A84267
:100C800048F8044B4FEA2343E7D82646A0EB090473
:100C9000153CDDF804B024F0030409F115094845BA
:100CA00038BF00240BEB0402043204EB0A0596451E
:100CB00005F10404104636D9AAEB0B0A00EB0A0C26
:100CC00050F8045B13FA85F62B442D0C05EB2645F2
:100CD0009BB243EA05468645CCF800604FEA2543BF
:100CE000ECD80EF1FF339B1A23F00303234426B9FB
:100CF00053F8042D013F002AFAD008460F6103B0D3
:100D0000BDE8F08F0021FFF7A7FC014668B1012282
:100D10000023C0E90423084603B0BDE8F08F2B464A
:100D20004D4699467DE72B46E1E70A46064B0748C4
:100D300040F2372100F0EEF90A46034B034840F237
:100D4000452100F0E7F900BFACC9040824CA040833
:100D5000F0B5012183B016461F46FFF77DFC05461E
:100D6000002845D0C7F30A54C7F313030CB143F46A
:100D70008013002E019314D101A8FFF717FD019BEA
:100D80006B6101212030296114B3089BA4F2334424
:100D900004441C60099BC0F135001860284603B06C
:100DA000F0BD68460096FFF701FDDDE9002330B194
:100DB000C0F1200103FA01F1C3400A430193002B63
:100DC0000CBF01210221C5E905232961002CDCD1DA
:100DD00005EB8102A0F232431069089A1360FFF715
:100DE000BBFC099BC0EB41101860284603B0F0BD66
:100DF000034B04482A4640F20F3100F08BF900BF44
:100E0000ACC9040824CA040870B5B1F90C300C460A
:100E1000990796B007D504F143030122C4E90432CF
:100E2000236016B070BDB4F90E10002905462BDB07
:100E30006A4600F0BFF8002824DB4FF480612846A2
:100E4000019EF8F7FFF9B4F90C30A0B306F4704630
:100E500043F080034FF48062B6F5005FA381206009
:100E60002061626135D1B4F90E10284600F0B8F85F
:100E7000B4F90C3068B323F0030343F001034FF4DB
:100E8000006214E0B4F90C3013F0800F0CBF4FF483
:100E90008066402631462846F8F7D4F9B4F90C307C
:100EA00048B1C4E9040643F08003206000221343E4
:100EB000A38116B070BD9A05B3D423F0030304F1E7
:100EC000430243F002030121C4E90421A38122600B
:100ED000A7E74FF40062EAE72DE9F0478F681D4667
:100EE000AF420B680C46164636D8B1F90CC01CF45C
:100EF000906F0ED13D46184631462A46F9F704F95F
:100F0000A368DF1B2368A7602B4400202360BDE893
:100F1000F0874A69096902EB42025F1A02EBD2725A
:100F20006B1C52103B44934292BF914699461A461D
:100F30001CF4806F804611D01146F8F783F9824681
:100F400000B321693A46BFF7CBFDA38923F4906330
:100F500043F08003A38105E02F46CCE7F8F77AFC45
:100F6000824658B10AEB0703A9EB0707A760C4F84C
:100F700010A0C4F8149023602F46BCE721694046B6
:100F8000F9F7BEFAA3890C2243F04003C8F8002009
:100F90004FF0FF30A381BAE749B1FF2A02D80A70A7
:100FA000012070478A2303604FF0FF3070470846E6
:100FB000704700BF70B50C46084D0346002620461A
:100FC00011461C462E60C0F7A6FB431C00D070BD26
:100FD0002B68002BFBD0236070BD00BFC033012005
:100FE00038B5074D0022044608462A60C0F798FB32
:100FF000431C00D038BD2B68002BFBD0236038BDCC
:10100000C03301202DE9F04F89B0DDE91389129F2B
:1010100000901C46B8F1000F50D00029C346166856
:10102000019108BF4FF0FF3700259246884605E042
:1010300056F8040B013C002832D06546AF4239D93E
:10104000002C37D0DBF800300293DBF80430039338
:1010500032680098D9F8E0C05B4604A9E047431C19
:101060002FD000EB050CBC4536D8019B002BDFD000
:1010700000280BDD08F1FF3204A902EB000E11F885
:10108000013B02F8013F7245F9D18044DAF80020B3
:1010900056F8040B0432CAF80020013C0028CCD1D9
:1010A0000199D84609B1CAF800000022C8F800200A
:1010B0000CF1FF35284609B0BDE8F08F00F58678C1
:1010C000ABE7009B05468A21002228461960CBF831
:1010D000002009B0BDE8F08FD846DDF808A0DDF8A3
:1010E0000CB02846C8E900AB09B0BDE8F08F00BFDE
:1010F00010B584B0054C06980090079801900448FC
:1011000000680294FFF77EFF04B010BDCC050020FC
:101110008404002000B50B4C25681446EE681A467E
:1011200085B003460D464CB107490095CDE9011441
:101130003046064900F044F801F0D4F904490C4661
:10114000F3E700BF8404002088CA040898CA040892
:10115000403A040838B5A1FB021454BBF8F772F802
:10116000054650B350F8042C22F00302043A242A16
:1011700010D8132A13D91B2AC0E9004416D9242AEF
:10118000C0E902440ABFC0E9044400F1100200F1C2
:10119000180205E02146F9F733F8284638BD024623
:1011A0000023C2E900339360284638BD00F10802ED
:1011B000F6E7F9F7F5F80C2303600025284638BD5B
:1011C0000EB410B583B005AB064C53F8042B019355
:1011D0000146206800F008F803B0BDE8104003B0F5
:1011E000704700BF840400202DE9F04FC5B00DF119
:1011F000500A8346049116460021082250461C4698
:101200000B93F8F7FDFFBBF1000F04D0DBF834308F
:10121000002B00F04A87049A536EB2F90C20D907CC
:1012200040F13D81970400F1CC85049942F40052CD
:1012300023F400538A814B6612B2130740F1BD803C
:10124000049B1B69002B00F0B88002F01A030A2BE4
:1012500000F0C2800023CDE91933CDE90E331BAA7B
:10126000DFF860920D93189217460793B0464546F3
:10127000D9F8E440FEF706F8CDF800A003462A4668
:1012800012A95846A047002800F0C580C0F2BB80D4
:10129000129A252A034601D01D44E9E7B5EB08065A
:1012A000044640F0BC8000231A468DF84330089372
:1012B0004FF0FF316B78069105F10108039208F1B8
:1012C0000108A3F120025A2A00F2FE80DFE812F0A2
:1012D0008103FC00FC007A03FC00FC00FC005A03C4
:1012E000FC00FC0021023302FC002C029303FC00F2
:1012F0008C035B005B005B005B005B005B005B00E2
:101300005B005B00FC00FC00FC00FC00FC00FC003F
:10131000FC00FC00FC00E7013003FC00FC00FC00CA
:10132000FC00FC00FC00FC00FC00FC00FC0039029E
:10133000FC00FC00FC00B901FC000D03FC00FC00FB
:10134000E305FC00FC00FC00FC00FC00FC00FC00D1
:10135000FC00FC00FC00E7017401FC00FC00FC0048
:10136000500374016E00FC002904FC001A040104FF
:10137000AF036E00FC00B9016B007302FC00FC00BF
:101380001406FC006B00A3F130020023194618F884
:10139000013B01EB810102EB4101A3F13002092A7B
:1013A000F5D908918DE798F8003088E7039B43F062
:1013B0002003039398F8003081E7049D584629469E
:1013C000FDF7E2FE002841F01C80B5F90C2002F088
:1013D0001A030A2B7FF43EAF0499B1F90E30002BAB
:1013E000FFF638AF4B6EDD0702D4900540F1B787AA
:1013F000049923463246584601F032F80790079880
:1014000045B0BDE8F08F082200215046F8F7F8FEFD
:1014100001231D442CE7B5EB0806044610D01A9BA7
:1014200033441A93199B0133072BC7E9008619939C
:1014300010DC0837079B33440793002C7FF433AF4D
:101440001A9B002B40F09587049B0022B3F90C30C7
:10145000199218E0049918AA5846FDF7B1FD78B919
:101460001BAFE7E7049918AA5846FDF7A9FD002825
:1014700000F08E80099B1BB109995846F9F740F896
:10148000049BB3F90C30049A526ED00740F18A8065
:101490005B0600F13A81079845B0BDE8F08F9005F2
:1014A00040F1238191047FF5C0AE9F047FF5C5AE66
:1014B000049B9B899A0500F12881049B986DF8F79D
:1014C000B1FF22E1CC050020002BB9D001228DF81C
:1014D000AC3000238DF8433009930A9206932BAD6C
:1014E0000592DDE919C0039B13F0840601466246AC
:1014F00026D1089B059C1C1B002C00F30A849DF838
:10150000433003B300260C960132012301317B6086
:10151000072A0DF14303CDE919213B6000F39183C4
:1015200008370C9B63B1013211AB02313B60072AD3
:101530004FF00203CDE919217B6000F37683083771
:10154000802E00F0F982069B0A981C1A002C00F3EA
:1015500031830A9B3D6001321944072ACDE91921E4
:101560007B6000F357830837039B5C0705D5089B16
:10157000059A9C1A002C00F37083DDE90732059868
:101580008242ACBF9B181B18079300297FF46AAFF7
:1015900000231993099B1BB109995846F8F7B0FF2E
:1015A0001BAF64E69A053FF573AF049CA06DF8F796
:1015B00039FFB4F90C306BE7039B9B0640F11E84A6
:1015C0000B9B073323F007031A465B6852F8084B5E
:1015D0000B921E46002BC0F2BC81069A002A07DB44
:1015E000039B23F08003039354EA060300F0A684D0
:1015F0000A2C76F1000380F0028104F13003DBB2A3
:10160000069A8DF80F31012A9DF84330B8BF0122A8
:101610000592002B00F0C983059B0133002505933B
:101620000123CDE909530DF20F15DDE91921039BC3
:1016300013F08406084694463FF45BAF00230C93F6
:1016400062E70B9E00228DF8432056F8042B099286
:10165000002A00F05385532B00F08A84039B13F07B
:10166000100440F08584069A002AC0F25B8609982F
:101670002146BFF755FB9DF84320099D002800F047
:10168000A286431B0A9323EAE3730593002A00F022
:1016900094860133069405930B960994C5E70B9A3B
:1016A000432B02F1040403D0039BD90640F13C8490
:1016B0000822002116A8F8F7A3FD0B9B2BAD1A6892
:1016C000294616AB5846FDF74FFE034601330A90F4
:1016D00000F062860A9B23EAE373059300230B94D0
:1016E0008DF8433009930693FBE6049DA86DF8F747
:1016F00097FEB5F90C206B6E95047FF596AD9804B6
:101700007FF59BADD9077FF5D3AE4FF0FF3307933D
:10171000C1E60B9B53F8042B0892002A80F24C83FD
:10172000089A0B9352420892039B43F004030393DD
:1017300098F80030C3E52B238DF8433098F800303B
:10174000BDE5039B9D0643F0100040F16D830B9BAC
:10175000073323F007031A46596852F8083B0B92E7
:1017600000228DF84320069A002AC0F21A8320F442
:101770009062039253EA010200F0278344AD03F024
:101780000702DB0843EA4173C908303253EA010417
:10179000284605F8012DF2D1039B13F0010340F018
:1017A0009582069A099344AB5B1B9A42B8BF1A46CE
:1017B0000A93059295E603998E0600F19C800399A1
:1017C0000B9A11F0100652F8043B40F0368303994F
:1017D00011F0400100F0C9849CB2069B8DF8436073
:1017E000002B06DB039B23F080030393002C00F007
:1017F00033830A2C76F100030B92FFF4FEAE039BB9
:10180000059703F48063CDE909B80020DDF8348042
:1018100044A91F4625E0A319B84A43F10003A2FBDF
:10182000032C2CF0030202EB9C029B1AE31AA34642
:101830004FF0CC3CB14CB6460CFB03F266F100060F
:1018400004FB0622BBF10A0FA3FB044313444FEA37
:1018500054047EF1000E294644EAC3744FEA53064D
:101860002BD3DFF898C2A31943F10003ACFB032587
:1018700025F0030202EB95029B1AE31AA3FB0C323C
:1018800066F100050CFB05225B0843EAC27303EB1B
:101890008303A4EB43033033013001F8013C4D1EB8
:1018A000002FB8D098F800308342B4D1FF28B2D0CE
:1018B0000A2C76F1000380F07C8406999DF8433071
:1018C000059FCDF8348044AA521B9142B8BF1146FF
:1018D000DDE909B805910A92002B00F00784059B09
:1018E00001330593002309939FE6039B43F0100106
:1018F0009B0640F1A0820B9B073323F007031A4697
:101900005E6852F8084B0B9200238DF84330069B1B
:10191000002BC0F2F48221F08003039354EA060303
:101920007FF466AE069B002B00F09B82002464E6E9
:10193000039A42F01003920600F199820B9A043246
:101940000B9903930C680B92E6173346002BBFF6F6
:1019500044AE2D238DF84330069B644266EB460669
:10196000002BFFF645AE039B23F0800303933FE675
:1019700098F80030682B00F0F182039A42F04002A0
:1019800003929CE45846FDF783FC43680F93184686
:10199000BFF756F90E9004465846FDF779FC81686A
:1019A00098F800300D91002C3FF489AC00293FF4E9
:1019B00086AC0A78002A3FF482AC039A42F4806233
:1019C00003927CE4039B43F00103039398F80030F7
:1019D00075E49DF8432098F80030002A7FF46FAC3E
:1019E00020228DF843206AE4039B43F08003039395
:1019F00098F8003063E4404610F8013B2A2B00F0D1
:101A0000F484A3F13002092A98BF002100F2AC84CB
:101A100010F8013B01EB810102EB4101A3F130021F
:101A2000092AF5D941EAE1720692804649E40B9C05
:101A3000069D54F8043B002247F630019542ADF86C
:101A400044108DF8432018461146C0F25B82039A79
:101A50000B9422F0800242F002020392002B00F06D
:101A60005883274A03F00F030224D35C05948DF8B2
:101A70000F31030943EA0173080953EA111100F019
:101A8000CE840DF20F1503F00F011B09515C05F810
:101A9000011D43EA0073000953EA0001F3D1069ADD
:101AA00044AB5B1B9A42B8BF1A460A931346059A89
:101AB000002A00F0B8840233DDE919210593039B65
:101AC00013F084060846944600F0798200230993B7
:101AD00029E5039884063FF53AAE03990B9A11F075
:101AE000100152F8043B40F0B184039C14F0400014
:101AF00000F01B839BB20B92204631E6CDCCCCCCC0
:101B000028C90408039B990640F1B4810B9B079AEE
:101B10001B681A60D2175A600B9B04330B93FFF7B4
:101B2000A6BB98F800306C2B00F00E82039A42F0AE
:101B300010020392FFF7C3BB089B05981C1A002CE8
:101B40007FF701AD102CB64B23DD38460C951026DF
:101B5000049D1F4604E0103C102C00F1080015DD28
:101B600001321031072AC0E90076CDE91921F2DDF2
:101B700018AA29465846FDF723FA00287FF47AACC4
:101B8000103C102CDDE919211BA8E9DC0C9D3B461B
:101B9000074601322144072ACDE919213B607C60C8
:101BA00000F39482069B0A981C1A002C07F1080780
:101BB0007FF7CFAC102C9A4B21DD384610261F46FC
:101BC00004E0103C102C00F1080016DD0132944BAB
:101BD0001031072AC0E90036CDE91921F1DD049959
:101BE00018AA5846FDF7ECF900287FF443AC103CE6
:101BF000102CDDE919211BA8E8DC3B460746013221
:101C00002144072ACDE919213B607C6000F3BC80A8
:101C100008379EE4049918AA5846FDF7D1F9002820
:101C20007FF428AC1A991BAF9EE4049918AA584671
:101C3000FDF7C6F900287FF41DACDDE919211BAFC3
:101C40007EE4049918AA5846FDF7BAF900287FF4F3
:101C500011ACDDE919211BAF63E4102C199B714E07
:101C600021DD3A4610253746049E04E0103C102C36
:101C700002F1080215DD01331031072BC2E90075AE
:101C8000CDE91931F2DD18AA31465846FDF798F929
:101C900000287FF4EFAB103C102CDDE919311BAAB2
:101CA000E9DC3E46174601332144072BC7E90064AF
:101CB000CDE919317FF761AC049918AA5846FDF7B0
:101CC0007FF900287FF4D6AB1A9956E4302A00F049
:101CD000F1813023069A05F8013C023844AB1B1A07
:101CE0009A42B8BF1A460A9305460592DDE91921C2
:101CF000039B13F084060846944600F0A9839DF8E0
:101D00004330002B00F0A783002309930C93FFF7C7
:101D1000FBBB00230C93102C424E624623DD394658
:101D200010232F46049D04E0103C102C01F1080103
:101D300017DD01321030072AC1E90063CDE919200F
:101D4000F2DD18AA29465846FDF73AF900287FF433
:101D500091AB103C102CDDE919201BA94FF01003AA
:101D6000E7DC3D460F4601322118072ACDE919214B
:101D70003E607C6000F36C819DF843600837002E64
:101D800036D00026FFF7C0BB049918AA5846FDF7C5
:101D900017F900287FF46EABDDE919211BAFFFF7BF
:101DA000D8BB20F480620392E8E4099301230A93EC
:101DB0000DF20F15FFF795BB0B9398F80030FFF766
:101DC0007EBA9D047FF539AA9FE4069A002A7FF423
:101DD000D5AC10F00102059200F0348130238DF86B
:101DE0000F31069B0A9209930DF20F15FFF779BB8D
:101DF0000C9B002B7FF497ABFFF7A5BB039B0B9AC3
:101E0000DE0652F8044B3FF59BAD039B5D0640F1A7
:101E1000A18144F3C0360B9224B23346FFF7DABBFC
:101E200038FE040848FE04080B9B1A1D0B9B0B92FE
:101E30001B68002194E40B9B1A1D0B9B06981B68E2
:101E40000026B0428DF843601C4657DB21F080012C
:101E50000391002B7FF4CDAC069B0B92002B7FF4FB
:101E600065AD0A930593099344ADFFF73ABB03931D
:101E7000FFF7A6BB039BDA0600F13B81039B5B06E1
:101E800000F13D82039B9E0540F133810B9B079A35
:101E90001B681A7040E6AC4A039911F0200100F06B
:101EA000B2800B99073121F00701084604464968C2
:101EB00054F8080B0B94039E16F00105059500F0ED
:101EC000888050EA010440F0D98000238DF8433027
:101ED000069B002BC0F2B281039B23F49063039313
:101EE00000F0068213788DF80F31059B0A93069B4C
:101EF00005930DF20F15F9E6944ACDE70B92039185
:101F0000FFF776BB03990B9441F002010391104651
:101F100003F00F018D4A1B09515C8DF80F1100F081
:101F2000848202210591ACE50B9B1B688DF8AC30D7
:101F3000012305930A932BADFFF7D0BB002A00F0D5
:101F4000CC813023FFF75CBB039B43F0200303935A
:101F500008F1010898F80030FFF7B1B9039B43F48A
:101F60000073039308F1010898F80030FFF7A7B950
:101F7000099B13930822002116A8F8F741F9069B44
:101F8000002BC0F265810024059725461F460EE010
:101F90002BA95846FDF7E8F9411C284400F0FC81C4
:101FA000B84209DC04F1040400F005820546139AE6
:101FB000125916AB002AEBD1059F069557E1089CF4
:101FC000059B0996E41A002C7FF7ADAA02230C9317
:101FD000A1E6059B8DF84330069B002B27DB039B76
:101FE00023F49063039350EA01035AD10699002920
:101FF00000F0648113788DF80F31012305910A9365
:102000000DF20F1572E60B9C54F8040B0B94039C15
:1020100014F010047FF44FAF039911F0400100F069
:10202000C18080B2214646E743F002030393039C3C
:1020300000F00F0304F0020524F48064D35C0595DE
:10204000039414E5069B44ADCDE90933FFF749BA83
:10205000049918AA5846FCF7B3FF064600287FF4F7
:1020600009AA9DF84330DDE91921002B68D10C9BAA
:102070001BAF002B7FF457AAFFF765BA8DF84530E8
:1020800030238DF8443000238DF84330069B002B1D
:10209000039BC9DB23F4906343F002030393022301
:1020A000059300F00F03D35CE1E45846F7F784FF93
:1020B000FFF7B1B8069A44AB5B1B9A42B8BF1A4609
:1020C0000A93002305920993FFF70BBA049918AA03
:1020D0005846FCF775FF00287FF4CCA9DDE91921EB
:1020E0001BAFFFF730BA099D06930B960993FFF7D4
:1020F000F8B90B9B079A1B681A600DE5069B144DF7
:102100000B96062B28BF062305930A930692FFF72A
:10211000E8B9002D00F0EE80302301228DF80F3158
:102120000A922B460DF20F15C5E4039C14F40071BE
:1021300000F0F4800146DBB20B922046FFF710BBA3
:102140001BAFFFF7E1B900BF3CC9040828C9040868
:1021500050C90408039B0B9298054ABF44F3C0166C
:10216000E61764B23346FFF735BA039810F40076E9
:1021700040F0CA8006998DF8436000291C46FFF69E
:1021800038AB039820F080000390002B7FF431AB34
:102190000B9200297FF4CAAB0A910591099144ADD5
:1021A000FFF79FB9039C14F4007414BFC0B221461A
:1021B00081E60E9A0F99AD1A2846F8F7ABF898F811
:1021C00001300BB108F10108A44AA31943F100033F
:1021D000A2FB030C2CF0030000EB9C001B1AE31A7B
:1021E0004FF0CC3166F1000603FB01F102FB061152
:1021F000A3FB023001445B0843EAC1744E08A319F3
:1022000043F10003A2FB031020F0030101EB900156
:102210005B1AE31AA3FB023166F1000002FB001215
:102220005B0843EAC27303EB8303A4EB430330333D
:1022300005F8013C0120013DFFF734BB13788DF810
:102240000F3126F480630A9503930DF20F154DE5C7
:1022500016AB00930023194613AA5846FDF7AAF8B7
:1022600003460133069000F09780099B1393069B69
:1022700043B3632B6BDC002309932BAD08220021B1
:1022800016A8F7F7BDFF069C16AB009313AA2346CA
:1022900029465846FDF78EF8844240F0D0800699D2
:1022A00000236B5421EAE17205929DF84320002A35
:1022B00069D1CDE90A160692FFF713B9069B0A9376
:1022C00044AD13E59DF84330099D0B96003B18BFC4
:1022D00001230593069B0A9308E59DF843303BB123
:1022E000069BCDE90933012344AD0593FFF79DB962
:1022F000069BB6E5069B0A9344ADFFF7DCBB0B9B40
:10230000079A1B681A8007E4DCB2069B8DF843101D
:10231000002B0E46BFF666AAFFF76BBA03980B9226
:10232000FFF71EBA099D2846BEF78AFC9DF8433088
:102330000A9020EAE0720592002B3FF4D4AE1346D7
:102340000133069405930B960994FFF76EB9591C57
:102350005846F6F777FF0546F0B109908EE7886D8D
:10236000F8F760F8FFF744B8002280460692FEF7BF
:10237000A8BF049918AA5846FCF722FE00283FF48B
:1023800063A8FFF77DB8069A0A92059A0B96013268
:1023900005920693FFF749B90498B0F90C30426EE4
:1023A00043F04001D20781813FF5AFA999053FF580
:1023B000ACA9FFF7FAB8059F59E7099D06920B965D
:1023C0000992FFF78EB842B1069A0B96511C0591FF
:1023D0000A9206900990FFF728B9069B0992CDE969
:1023E00005320B960A93FFF77CB80B9A98F80130E8
:1023F00052F8041B0B9241EAE17180460691FEF708
:102400005EBF049A536EDF073FF57FA993899E054F
:102410003FF57BA9906DF8F705F8FFF776B90DF257
:102420000F15FFF73CBB059360E4069B0122012BCF
:10243000B8BF01230DF20F150A92FFF73CBB049AB7
:10244000938943F040039381FFF714B80398EDE4B8
:102450000996FFF74EB80993FFF772B8CDCCCCCCF4
:102460002DE9F04198468B89ADF58D6D23F002037F
:10247000ADF80C301AAB009304934FF480630293D1
:1024800005934B6E1993CB89ADF80E30CB6907934A
:102490004B6A099316460023074616A80D46069375
:1024A000F7F7BAFF3246434669463846FEF79CFEC8
:1024B000061E6C4607DB69463846F7F767FC0028BE
:1024C00018BF4FF0FF36A3895B0603D5AB8943F0F5
:1024D0004003AB81A06DF7F7A1FF30460DF58D6D80
:1024E000BDE8F08108B5062000F004F80120BFF730
:1024F000EBF800BF38B5144B1F281D681ED8D5F85F
:102500003821044662B152F820304BB1012B05D07E
:10251000591C0FD0002142F820109847002038BDE8
:10252000284600F029F8224601462846BDE83840F2
:1025300000F00CB816232B60012038BD16232B6049
:102540004FF0FF3038BD00BF8404002070B50C464A
:10255000084D03460026204611461C462E60BFF754
:10256000ABF8431C00D070BD2B68002BFBD0236060
:1025700070BD00BFC0330120BFF79CB8F8B504465A
:102580000D4600F0A9F8224606460F462B46204687
:102590002946BEF715FC98B900220023204629469B
:1025A000BEF75AFA60B90022002320462946BEF73A
:1025B0002BFA40B1F7F7F4FE084F22230360002600
:1025C00030463946F8BDF7F7EBFE034621221A6084
:1025D0000348BDE8F84000F079B800BF0000F0FF04
:1025E000403A04082DE9F84314461D4680468946C2
:1025F00000F03EFA224606460F462B462046294664
:10260000BEF7DEFB78B90022002340464946BEF7FC
:10261000FBF9D8B10022002320462946BEF7F4F981
:1026200028B1264F002630463946BDE8F8832046BB
:10263000294600F045F80028F5D02046294600221A
:102640000023BEF7EBF90028EDD02CE030463946E8
:1026500000F036F8A0B10022002330463946BEF71C
:10266000D3F90028DFD04046494600F029F8002879
:10267000D9D02046294600F023F80028D3D012E014
:102680004046494600F01CF80028E4D02046294680
:1026900000F016F80028DED032463B463046394678
:1026A000BEF78EFB20B9F7F77BFE22230360BAE763
:1026B000F7F776FE21230360B5E700BF0000F03F87
:1026C00041F0004000F58010C00F70470149002024
:1026D000704700BF0000F87F2DE9F04FB1F5801F73
:1026E00087B002460B460C4680F2838021F00045FD
:1026F000054300F020810029C0F26081D64B002202
:10270000BDF71AFF0C460B46D4498C4202466FF0C7
:10271000350073DC2515C4F3130404F51521A5F267
:10272000FF3501F66471054401F4801105EB115584
:1027300081F07F5181F4401141EA040310461946AB
:102740000022C74BBDF740FDA31CC3F31303022BAC
:1027500082468B464FF0000257DC0023BEF754F947
:10276000002840F0F180A8A3D3E900235046594641
:10277000BDF7E2FE02460B460020BA49BDF724FD34
:10278000524606460F465B4650465946BDF7D4FEB4
:1027900002460B4630463946BDF7CEFE06460F468A
:1027A000002D00F002812846BDF75CFE98A3D3E916
:1027B000002380468946BDF7BFFE97A3D3E90023D7
:1027C00004460D4640464946BDF7B6FE02460B4656
:1027D00030463946BDF7F8FC52465B46BDF7F4FC7F
:1027E00002460B4620462946BDF7EEFC07B0BDE881
:1027F000F08F9A498C424FF000008BDD104619464D
:10280000BDF7E4FC07B0BDE8F08F4FF08043BDF7A3
:10281000DDFC02460B4650465946BDF7B7FF06465B
:1028200028460F46BDF71EFE3246CDE904013B4661
:1028300030463946CDE90267BDF77EFE02460B46BB
:10284000CDE90023BDF778FE75A3D3E90023064642
:102850000F46BDF771FE74A3D3E90023BDF7B6FCA4
:1028600032463B46BDF768FE71A3D3E90023BDF7AE
:10287000ADFC32463B46BDF75FFE6FA3D3E90023B4
:10288000BDF7A4FCDDE90023BDF756FE6CA3D3E938
:102890000023CDE9000130463946BDF74DFE6AA35D
:1028A000D3E90023BDF792FC32463B46BDF744FE18
:1028B00067A3D3E90023BDF789FC32463B46BDF749
:1028C0003BFEA4F5C22802460B46C4F5D724DDE939
:1028D0000001BDF77BFCA8F27A48513444EA0804B1
:1028E000002C06460F464BDD5E4B002250465946F3
:1028F000BDF722FE52465B46BDF71EFE8046894666
:102900003046394642464B46BDF760FCDDE90223BE
:10291000BDF712FE06460F46002D56D102460B4665
:1029200040464946BDF750FC02460B4650465946C4
:10293000BDF74AFC66E7002200234B490020BDF7A3
:1029400025FF07B0BDE8F08F002D57D02846BDF712
:1029500089FD2FA3D3E9002306460F46BDF7ECFD02
:102960002DA3D3E9002304460D4630463946BDF772
:10297000E3FD02460B4620462946BDF727FC41E70A
:1029800002460B4650465946BDF71EFCDDE90223C0
:10299000BDF7D2FD06460F463DB1DDE904891CA313
:1029A000D3E900234046494605E732463B465046B8
:1029B0005946BDF709FC07B0BDE8F08FBDF704FC30
:1029C00000220023BDF7E2FE1CE711A3D3E9002398
:1029D000DDE90401BDF7B0FD0FA3D3E900230446F0
:1029E0000D46DDE90401BDF7A7FD32463B46BDF7C4
:1029F000EDFB02460B4640464946EBE6002000212F
:102A000000E700BFAFF30080555555555555D53FEC
:102A10000000E0FE422EE63F763C7935EF39EA3D94
:102A200044523EDF12F1C23FDE03CB966446C73FFD
:102A3000599322942449D23F935555555555E53F16
:102A40009FC678D0099AC33FAF788E1DC571CC3F21
:102A500004FA97999999D93F00005043FFFFEF7FFF
:102A60000000F03F0000E03F000050C30000000005
:102A70002DE9F04F23F0004B044652EA0B0093B0CF
:102A800091469A460D4610D12319684985F40022D3
:102A900052419842914122D24A4653462046294605
:102AA000BDF794FB13B0BDE8F08F9846604B0094DF
:102AB000174621F000429A420E46029214D9009B1A
:102AC00006F1404606F580161E43E5D14B46DB185D
:102AD00056498AF4002252419E429141DCD3554925
:102AE000002013B0BDE8F08F13D09B45E7D8029BC0
:102AF00052D0002E15DB002F40F087804D4A9345C1
:102B000040F0FC83B8F1000FC0F2D884204629467B
:102B1000C8E7002CC0D19345BED800F0FF83029BCC
:102B2000E7E7454A934500F28683444A934500F21D
:102B30008783002F40F0AF83B8F1804F00F0C98445
:102B400020462946049300F09FFD009A049B002A2A
:102B500038D0F20F013A52EA070C63D0013F174315
:102B600014BF344D364D0024BBF1844FCDE90845E8
:102B70006AD9344B029A9B45304B40F203849A4207
:102B800000F2B784B8F1000FC0F2B784002013B090
:102B9000BDE8F04F00F06CBD002F90D1029B009A71
:102BA00003F1404303F58013134398D0234B029A5B
:102BB0009A4240F25D84B8F1000FC0F2D5844846D5
:102BC00051466FE71B4A26F0404C944502D0029ACA
:102BD000002ABED1B8F1000FC0F24284002EBFF629
:102BE00061AF029B03F1404A0AF5801A5AEA070ACC
:102BF00040F0778402460B4610461946BDF7E4FACA
:102C000002460B46BDF7C2FD4CE700272046294689
:102C1000049300F039FD009A049B002AD2D0F20FF1
:102C2000013A9BE722462B46E6E700BF0000F0FF93
:102C30000000F07F0000F03FFFFF3F43FFFFEF3F4A
:102C40000000F0BF0000F043CD4A3240002A40F0BF
:102C50000084CC4B0022BDF76FFC6FF034040B46B0
:102C60001A15A2F2FF3202EB0408C74AC3F313039A
:102C700043F07F54934244F4401407DDC34A934227
:102C800040F3418408F10108A4F5801400220023D8
:102C9000CDE90C23CDE91023BD4B0022CDE906235D
:102CA0000025DDE906232146CDE90401BDF78CFAB4
:102CB000DDE9062306460F46DDE90401BDF786FA85
:102CC00002460B460020B249BDF760FD0A460146A8
:102CD000CDE90A121346394602463046BDF72CFCB0
:102CE00063100A460146CDE9021243F00053DDE9C4
:102CF00002BC03F500235919002004460D464FF08D
:102D0000000B6146584622462B46CDE90EBCCDE964
:102D10000001BDF711FC02460B4630463946BDF7AF
:102D200053FADDE9062306460F4620462946BDF73D
:102D30004BFA02460B46DDE90401BDF745FADDE931
:102D40000023BDF7F9FB02460B4630463946BDF776
:102D50003BFADDE90A23BDF7EFFBDDE90245CDE9EA
:102D6000040122462B4620462946BDF7E5FB72A307
:102D7000D3E9002304460D46BDF7DEFB70A3D3E97B
:102D80000023BDF723FA22462B46BDF7D5FB6EA3E1
:102D9000D3E90023BDF71AFA22462B46BDF7CCFB38
:102DA0006BA3D3E90023BDF711FA22462B46BDF7EA
:102DB000C3FB69A3D3E90023BDF708FA22462B46DB
:102DC000BDF7BAFB66A3D3E90023BDF7FFF922469E
:102DD00006460F462B4620462946BDF7ADFB024668
:102DE0000B4630463946BDF7A7FBDDE900670446D0
:102DF0000D463246DDE902013B46BDF7E7F9DDE964
:102E00000423BDF799FB22462B46BDF7DFF9324676
:102E100004460D463B4630463946BDF78DFB5D4BBB
:102E2000002206460F46BDF7D1F922462B46CDE9D2
:102E30000645BDF7CBF9DDE90EBC0D465A46DDE986
:102E400000012B46CDE90ABCBDF776FB5C46CDE917
:102E50000001504B002220462946BDF7B5F9324605
:102E60003B46BDF7B1F902460B46DDE90601BDF769
:102E7000ABF9DDE90223BDF75FFB224606460F46AC
:102E80002B46DDE90401BDF757FB02460B463046F1
:102E90003946BDF79BF906460F4602460B46DDE96B
:102EA0000001BDF793F9DDE90ABC2FA3D3E90023A4
:102EB0005846CDE902BC0D46BDF73EFB5C46DDE958
:102EC0000023CDE9040120462946BDF77DF90246DD
:102ED0000B4630463946BDF777F925A3D3E90023E1
:102EE000BDF72AFB24A3D3E9002306460F4620465C
:102EF0002946BDF721FB02460B4630463946BDF751
:102F000065F9DDE91023BDF761F9064640460F4635
:102F1000BDF7A8FA324604460D463B46DDE90401FA
:102F2000BDF754F9DDE90C23BDF750F922462B46D5
:102F3000BDF74CF930E000BFEF4E454A287ECA3F4E
:102F400065DBC9934A86CD3F01411DA96074D13F1D
:102F50004D268F515555D53FFFAB6FDBB66DDB3F2F
:102F6000033333333333E33F000000E009C7EE3F60
:102F7000FD033ADC09C7EE3FF5015B14E02F3EBECE
:102F80000000F07F000040438E98030079B60B00EC
:102F90000000F03F00000840DDE902BC2246584630
:102FA0002B46CDE90201BDF70FF9DDE90C23BDF792
:102FB0000BF9DDE90423BDF707F902460B4630465D
:102FC0003946BDF701F9CDE904010023CDE9009AA6
:102FD0000093DDE90067484632463B465146BDF75F
:102FE000F3F8DDE90223BDF7A7FA4A4604460D4689
:102FF0005346DDE90401BDF79FFA02460B46204621
:103000002946BDF7E3F8324604460D463B46DDE966
:103010000201CDE90445BDF78FFA0B460246804612
:10302000894620462946BDF7D1F8D14B994204463E
:103030000D468B4640F3438101F13F4303F5E00326
:10304000034340F07682B8A3D3E90023DDE904010D
:10305000BDF7BCF8424606460F464B462046294679
:10306000BDF7B2F802460B4630463946BDF7F4FCD0
:10307000002840F05E824FF400735B44C3F30A52B1
:10308000BC4CA2F2FF32C3F31301144141F480118E
:10309000C2F1140241FA02FA002004EA0301BBF172
:1030A000000F02460B4640464946B8BFCAF1000A27
:1030B000BDF78AF802460B4680468946DDE90401E1
:1030C000BDF784F84FEA0A5B0D46002498A3D3E9C4
:1030D000002320462946BDF72FFA424606460F46F2
:1030E0004B4620462946BDF76FF802460B46DDE900
:1030F0000401BDF769F890A3D3E90023BDF71CFADA
:103100008FA3D3E900238046894620462946BDF790
:1031100013FA02460B4640464946BDF757F880462B
:10312000894602460B4630463946BDF74FF83246CF
:103130003B4604460D46BDF747F802460B4640465F
:103140004946BDF741F82246804689462B4620462F
:103150002946BDF7F1F97CA3D3E9002306460F46C3
:10316000BDF7EAF97AA3D3E90023BDF72DF832467B
:103170003B46BDF7E1F978A3D3E90023BDF726F874
:1031800032463B46BDF7D8F975A3D3E90023BDF716
:103190001BF832463B46BDF7CFF973A3D3E90023B2
:1031A000BDF714F832463B46BDF7C6F902460B465A
:1031B00020462946BDF708F806460F4602460B464C
:1031C00020462946BDF7B8F90022CDE900014FF0AD
:1031D000804330463946BCF7F7FF02460B46DDE92F
:1031E0000001BDF7D3FA424606460F464B4620463D
:1031F0002946BDF7A1F942464B46BCF7E7FF024618
:103200000B4630463946BCF7DFFF22462B46BCF75B
:10321000DBFF02460B4600205749BCF7D5FF0C46A2
:103220005C44B4F5801FC0F280812146DDE90823AB
:10323000BDF782F936E4002F00F093810227E5E420
:103240004FEA2B52A2F2FF32142A40F31E81C2F140
:10325000340227FA02F101FA02F2BA4200F0958133
:10326000CFB9B8F1804F049300F03381204629464E
:1032700000F00AFA009B002B7FF4D4AC3E4A26F003
:103280004047974200F0A681029A049B002A00F072
:10329000E28000275DE420462946049300F0F4F91B
:1032A000009B002B7FF4BEAC334A26F04047974288
:1032B000EAD1B8F1000FC0F28481002791E42F4ECB
:1032C00021F00043B34240F2F1802D4B0B44034305
:1032D0000AD142464B46BCF777FFDDE90423BDF730
:1032E000B1FB00283FF4C7AEDDE90801002200234E
:1032F000BDF794FB003818BF012048E4B8F1804FB7
:1033000000F0E780A2F5801290457FF419AC2046CA
:10331000294613B0BDE8F04F00F02CBA002F7FF41F
:10332000BBAB43E4AFF30080FE822B654715973CAF
:1033300000000000432EE63FEF39FAFE422EE63F42
:10334000396CA80C615C20BED0A4BE726937663EA1
:10335000F16BD2C541BDBB3E2CDE25AF6A56113F95
:1033600093BDBE166CC1663F3E5555555555C53F7C
:10337000FFFF8F400000F0FF0000F03FFFCB9040C8
:1033800000346F3F9A42C0F0DE80029AA44B9A420A
:103390004FF0000200F2EC80A14BBCF715FF94A3A4
:1033A000D3E9002304460D46BDF7C6F892A3D3E93E
:1033B000002306460F4620462946BDF7BDF8994B27
:1033C000CDE90001002220462946BDF7B5F80246A6
:1033D0000B468BA1D1E90001BCF7F6FE22462B4635
:1033E000BDF7AAF802460B4600208F49BCF7ECFE59
:1033F0002246CDE902012B4620462946BDF79CF81E
:1034000002460B46DDE90201BDF796F87EA3D3E93B
:103410000023BDF791F802460B46DDE90001BCF739
:10342000D3FE02460B4604460D4630463946BCF7ED
:10343000CDFE002032463B46CDE90201BCF7C4FE7A
:1034400002460B4620462946BCF7BEFECDE90401E4
:10345000BBE5002404E4B8F1000FBFF62EAF00274F
:1034600002460B4600206E49BDF790F9FFF7B6BB48
:10347000B8F1000F4FF000004FF00001BFF612ABA3
:1034800048460AF10041FFF70DBB002F7FF403AF60
:10349000C2F114024BFA02F101FA02F25A45604AF3
:1034A0007BD093453FF42EABFFF746BB5E4A934279
:1034B0007FD8DDE900239346924606E622462B4656
:1034C00057490020BDF762F9FFF7ECBAB8F1804F19
:1034D00047D122462B4620462946BDF72DF8FFF757
:1034E000E1BA012F7FF4DEAA01F100431946FFF78C
:1034F000D9BAB8F1000F7FF749AB002013B0BDE88F
:10350000F04F00F0BBB842A3D3E90023CDE90C2370
:1035100041A3D3E90023CDE91023444B0022CDE998
:1035200006234FF48025FFF7BCBB524600F0B0F8ED
:103530007CE6DDE9080100220023BDF76FFA0038C0
:1035400018BF0120DAE7DDE9080100220023BDF7FA
:1035500065FA003818BF0120B8F1000FBFF617ABAD
:10356000CCE70227FFF7ECBA00200021FFF79ABA58
:10357000DDE908010023BDF751FA003818BF01202A
:10358000B8F1000FBADCFFF702BB002F9ED001F0AC
:103590000101C1F10207FFF739BB93453FF4B2AA1D
:1035A000B8F1804F95D001F00101C1F10207FFF79A
:1035B000C7BA1B15A3F2FE334FF4801242FA03F38D
:1035C0005BE502460B4600201549BDF7DFF8009F7A
:1035D000FFF707BBB8F1000FBFF66FAE02460B4610
:1035E00000200F49BDF7D2F80027FFF7FABA00BF55
:1035F000000000604715F73F44DF5DF80BAE543E16
:10360000555555555555D53FFE822B654715F73F06
:103610000000004003B8E23F06D0CF43EBFD4C3E34
:103620000000F03F0000D03F0000E03F0000F83F06
:10363000D0B506460F461446F6F7B2FE03463946A5
:1036400030461C60D0BD00BF10B5044682B01046A5
:1036500019460CB103F10043CDE90023DDE9002355
:10366000BCF76AFF222202B0BDE81040FFF7E0BFBE
:1036700000224FF08053FFF7E7BF00BF00224FF05A
:10368000E043FFF7E1BF00BF21F000431946704758
:103690002DE9F0411646C1F30A52074688460B460B
:1036A00052BB21F00043034324D02D4B0022BCF732
:1036B00043FF2C4B9E420746884642DBC1F30A5229
:1036C0000B46363A4CF250318E421EDC164440F224
:1036D000FE72964219DC002E23DC16F1350F27DB33
:1036E0006FF31E53363643EA065138461E4B00220E
:1036F000BCF722FFBDE8F08140F2FF7C6245E1D1DA
:103700000246BCF763FDBDE8F08111A3D3E90023B5
:10371000454663F31E0529461448BCF70DFFBDE876
:10372000F0816FF31E53384643EA0651BDE8F0813D
:1037300008F0004343F0D27141F4B7310C4841F036
:103740001F0105A3D3E90023BCF7F6FEBDE8F08115
:103750009C7500883CE4377E59F3F8C21F6EA501C2
:1037600000005043B03CFFFF0000903C9C75008877
:1037700059F3F8C2734A8A432DE9F84F06460F46BB
:1037800000F0AC8000290C46034655DD081562D0D8
:10379000C4F31302C107A0F2FF3742F4801203D42E
:1037A000520002EBD3725B005200002602EBD37290
:1037B0007F105B001624B4464FF400110CEB01009F
:1037C00090424FEAD3754FEA430303DC00EB010C50
:1037D000121A0E44013C05EB42024FEA5101EDD1B1
:1037E000A04620254FF000400AE043D0510001EBF5
:1037F000D371013D0A464FEA43034FEA500045D0DA
:10380000624500EB080EF0DDBEF1000F0EEB000884
:103810000CDBE146A2EB0C019E4588BF01F1FF31B4
:103820004900CC46A3EB0E030444E0E7B8F1000FD7
:10383000EFDB0CF10109EDE721F00042024344D037
:1038400000296ED1DA0A153C5B05002AFAD0D602AF
:10385000204673D4144600226400E502114602F1AA
:103860000102F9D5C2F1200523FA05F52C43934056
:10387000401A8DE79E4502D94FEA4C01B7E7BEF1E9
:10388000000F0EEB000822DB0021CBE7194312D01A
:10389000DFF8B4A0DFF8B4B0DAE90001DBE9002317
:1038A000BCF792FCDAE9008902460B4640464946DD
:1038B000BDF7BEF8E0B96508731003F17F5303F557
:1038C000001303EB075145EAC670BDE8F88FB8F165
:1038D000000FD9DB0CF1010C0021A3E702460B46D7
:1038E000BCF72AFE32463B46BCF770FCBDE8F88FB9
:1038F000B4F1FF3FDAE90001DBE900231AD0BCF79D
:1039000065FCDAE9008902460B4640464946BDF7A8
:1039100085F888B1A31C04F1020508BF01366D08C3
:10392000CAE702460B46BCF74FFC02460B46BCF703
:103930002DFFCAE70136BFE70134BCE74FF0FF3186
:10394000144695E70000F07F60FE040858FE040866
:10395000F8B500BFF8BC08BC9E467047F8B500BF7C
:08396000F8BC08BC9E4670474C
:1039680054435020636F6E6E656374696F6E206692
:1039780061696C65643A2025640A00004661696CD7
:10398800656420746F2063726561746520776F6C5D
:103998006653534C20636F6E7465787400000000A2
:1039A8004661696C656420746F2063726561746533
:1039B80020776F6C6653534C2073657373696F6E11
:1039C800000000006578616D706C652E636F6D0096
:1039D8004661696C656420746F2073657420534E6A
:1039E80049000000544C532068616E647368616B31
:1039F80065206661696C65643A2025640A000000E8
:103A0800474554202F20485454502F312E310D0A49
:103A1800486F73743A206578616D706C652E636FBA
:103A28006D0D0A436F6E6E656374696F6E3A20633D
:103A38006C6F73650D0A0D0A000000004661696C21
:103A4800656420746F2073656E6420485454505325
:103A580020726571756573743A2025640A00000048
:103A680053656E742048545450532047455420726F
:103A7800657175657374202825642062797465738F
:103A8800290A000054435020636F6E6E65637469A1
:103A98006F6E20636C6F73656400000054435020A0
:103AA80072656365697665206572726F723A202562
:103AB800640A00005265636569766520627566660A
:103AC8006572206F766572666C6F77005265636504
:103AD800697665642025642062797465733A0A25DD
:103AE800730A0000776F6C6653534C2072656164EB
:103AF800206661696C65643A2025640A000000004C
:103B08005265736F6C76656420257320746F202569
:103B1800730A00004661696C656420746F207265E1
:103B2800736F6C76652025730A000000444E53209D
:103B38007465737420726573756C743A20256420FB
:103B48000A000000444E53207265736F6C757469E7
:103B58006F6E20696E2070726F67726573732E2E98
:103B68002E200A00444E53207265736F6C75746979
:103B78006F6E206572726F723A202564200A000009
:103B88005761697420666F7220444E5320726573C2
:103B98006F6C7574696F6E20776974682074696DCD
:103BA800656F757420000000444E53207265736F72
:103BB8006C7574696F6E2074696D6564206F7574B7
:103BC8000000000043726561746520544350205022
:103BD800434220004661696C656420746F206372FB
:103BE8006561746520544350205043420000000032
:103BF800536574205443502063616C6C6261636B3D
:103C080073200000436F6E6E65637420746F2073B9
:103C1800657276657220000054435020636F6E6EA3
:103C2800656374206661696C65643A2025640A00DE
:103C38002F55736572732F6E616E646F69672F44B9
:103C480065736B746F702F73616C742F7265706F0E
:103C58007369746F726965732F53414C542D4649CB
:103C68005542412F6669726D776172652F4C5749CD
:103C7800502F5461726765742F65746865726E653C
:103C88007469662E630000006E6574696620213DC4
:103C9800204E554C4C000000417373657274696F77
:103CA8006E2022257322206661696C656420617428
:103CB800206C696E6520256420696E2025730A00D2
:103CC8002F55736572732F6E616E646F69672F4429
:103CD80065736B746F702F73616C742F7265706F7E
:103CE8007369746F726965732F53414C542D46493B
:103CF8005542412F6669726D776172652F4D69640F
:103D0800646C6577617265732F54686972645F507B
:103D1800617274792F4C7749502F7372632F636FD8
:103D280072652F646E732E6300000000646E73204A
:103D3800736572766572206F7574206F6620617284
:103D480072617900617272617920696E64657820A8
:103D58006F7574206F6620626F756E647300000063
:103D6800756E6B6E6F776E20646E735F7461626CD4
:103D78006520656E7472792073746174653A000009
:103D88002F55736572732F6E616E646F69672F4468
:103D980065736B746F702F73616C742F7265706FBD
:103DA8007369746F726965732F53414C542D46497A
:103DB8005542412F6669726D776172652F4D69644E
:103DC800646C6577617265732F54686972645F50BB
:103DD800617274792F4C7749502F7372632F636F18
:103DE80072652F697076342F6574686172702E63FE
:103DF800000000006172705F7461626C655B695DF0
:103E08002E71203D3D204E554C4C000069203C2031
:103E18004152505F5441424C455F53495A45000056
:103E28006172705F7461626C655B695D2E73746149
:103E38007465203D3D204554484152505F535441DC
:103E480054455F454D505459000000006E65746933
:103E5800662D3E6877616464725F6C656E203D3DD7
:103E6800204554485F4857414444525F4C454E00F2
:103E7800636865636B207468617420666972737423
:103E880020706275662063616E20686F6C642073B1
:103E98007472756374206574686172705F686472A7
:103EA800000000006E657469662D3E687761646481
:103EB800725F6C656E206D7573742062652074681E
:103EC800652073616D65206173204554485F4857CC
:103ED800414444525F4C454E20666F7220657468B9
:103EE80061727021000000006970616464722021B1
:103EF8003D204E554C4C00006574685F7265742017
:103F0800213D204E554C4C006172705F7461626CAB
:103F1800655B6172705F6964785D2E737461746546
:103F2800203E3D204554484152505F53544154452A
:103F38005F535441424C450074797065206F766533
:103F480072666C6F770000006172705F7461626CFA
:103F5800655B695D2E7374617465203D3D20504535
:103F68004E44494E47206F7220535441424C4500FD
:103F78006E6F207061636B6574207175657565730C
:103F880020616C6C6F776564210000007120213D11
:103F9800204E554C4C0000002F55736572732F6EE0
:103FA800616E646F69672F4465736B746F702F73EC
:103FB800616C742F7265706F7369746F7269657361
:103FC8002F53414C542D46495542412F6669726D15
:103FD800776172652F4D6964646C6577617265738A
:103FE8002F54686972645F50617274792F4C7749F5
:103FF800502F7372632F636F72652F697076342F39
:1040080069636D702E630000636865636B20746874
:1040180061742066697273742070627566206361CA
:104028006E20686F6C642069636D70206D657373B2
:104038006167650069636D705F696E7075743A20B9
:104048006D6F76696E6720722D3E7061796C6F6155
:104058006420746F2069636D70206865616465729F
:10406800206661696C65640A0000000069636D7010
:104078005F696E7075743A20726573746F72696ED9
:1040880067206F726967696E616C20702D3E706180
:10409800796C6F6164206661696C65640A00000070
:1040A8002F55736572732F6E616E646F69672F4445
:1040B80065736B746F702F73616C742F7265706F9A
:1040C8007369746F726965732F53414C542D464957
:1040D8005542412F6669726D776172652F4D69642B
:1040E800646C6577617265732F54686972645F5098
:1040F800617274792F4C7749502F7372632F636FF5
:1041080072652F697076342F6970342E6300000051
:10411800702D3E726566203D3D2031006368656301
:104128006B2074686174206669727374207062759C
:10413800662063616E20686F6C64207374727563A7
:10414800742069705F686472000000002F55736501
:1041580072732F6E616E646F69672F4465736B7439
:104168006F702F73616C742F7265706F7369746FE1
:10417800726965732F53414C542D46495542412F5E
:104188006669726D776172652F4D6964646C6577D5
:10419800617265732F54686972645F5061727479D3
:1041A8002F4C7749502F7372632F636F72652F6995
:1041B8007076342F6970345F616464722E63000016
:1041C800756E68616E646C65640000002F557365D8
:1041D80072732F6E616E646F69672F4465736B74B9
:1041E8006F702F73616C742F7265706F7369746F61
:1041F800726965732F53414C542D46495542412FDE
:104208006669726D776172652F4D6964646C657754
:10421800617265732F54686972645F506172747952
:104228002F4C7749502F7372632F636F72652F6914
:104238007076342F6970345F667261672E63000090
:1042480073616E69747920636865636B206C696E4D
:104258006B6564206C697374000000007072657689
:1042680020213D2069707200707265762D3E6E6562
:104278007874203D3D206970720000007062756698
:10428800735F6672656564202B20636C656E203CE5
:104298003D203078666666660000000069705F72CF
:1042A800656173735F70627566636F756E74203EC7
:1042B8003D2070627566735F667265656400000014
:1042C8007020213D204E554C4C0000007063722038
:1042D800213D204E554C4C00636865636B20667227
:1042E80061676D656E747320646F6E2774206F76D6
:1042F80065726C61700000006E6F2070726576697F
:104308006F757320667261676D656E742C207468B2
:104318006973206D75737420626520746865206602
:104328006972737420667261676D656E742100002E
:1043380073616E69747920636865636B00000000BF
:1043480076616C69646174655F64617461677261E8
:104358006D3A6E6578745F70627566213D4E554C96
:104368004C00000069705F72656173735F706275FD
:1043780066636F756E74203E3D20636C656E000049
:1043880069707220213D204E554C4C006E6F742090
:104398006669727374616C74686F756768206A7592
:1043A800737420656E717565756564006970345F36
:1043B8006672616728293A207062756620746F6F8B
:1043C8002073686F7274000074686973206E656585
:1043D80064732061207062756620696E206F6E6557
:1043E8002070696563652100702D3E6C656E203E06
:1043F8003D20706F666600002F55736572732F6ECF
:10440800616E646F69672F4465736B746F702F7387
:10441800616C742F7265706F7369746F72696573FC
:104428002F53414C542D46495542412F6669726DB0
:10443800776172652F4D6964646C65776172657325
:104448002F54686972645F50617274792F4C774990
:10445800502F7372632F636F72652F6D656D2E63B6
:1044680000000000706C75675F686F6C65733A20B8
:104478006D656D203E3D2072616D0000706C756742
:104488005F686F6C65733A206D656D203C207261C2
:104498006D5F656E64000000706C75675F686F6CB7
:1044A80065733A206D656D2D3E75736564203D3DDD
:1044B80020300000706C75675F686F6C65733A2018
:1044C8006D656D2D3E6E657874203C3D204D454DE3
:1044D8005F53495A455F414C49474E4544000000E7
:1044E8006D656D5F667265653A2073616E69747992
:1044F80020636865636B20616C69676E6D656E74B7
:10450800000000006D656D5F667265653A20696C34
:104518006C6567616C206D656D6F727900000000D5
:104528006D656D5F667265653A20696C6C6567617B
:104538006C206D656D6F72793A20646F75626C6579
:1045480020667265650000006D656D5F6672656561
:104558003A20696C6C6567616C206D656D6F727966
:104568003A206E6F6E2D6C696E6B65643A20646FCD
:1045780075626C6520667265650000006D656D5F2B
:104588007472696D3A206C6567616C206D656D6F3A
:10459800727900006D656D5F7472696D2063616E7C
:1045A800206F6E6C7920736872696E6B206D656D13
:1045B8006F727900696E76616C6964206E657874D3
:1045C80020707472000000006D656D5F6D616C6C29
:1045D8006F633A20216C667265652D3E757365645C
:1045E800000000006D656D5F6D616C6C6F633A2053
:1045F800616C6C6F6361746564206D656D6F727951
:10460800206E6F742061626F76652072616D5F65E0
:104618006E642E006D656D5F6D616C6C6F633A2022
:10462800616C6C6F6361746564206D656D6F727920
:104638002070726F7065726C7920616C69676E6545
:10464800642E00006D656D5F6D616C6C6F633A2060
:1046580073616E69747920636865636B20616C6946
:10466800676E6D656E7400002F55736572732F6EDB
:10467800616E646F69672F4465736B746F702F7315
:10468800616C742F7265706F7369746F726965738A
:104698002F53414C542D46495542412F6669726D3E
:1046A800776172652F4D6964646C657761726573B3
:1046B8002F54686972645F50617274792F4C77491E
:1046C800502F7372632F636F72652F6D656D702E37
:1046D800630000006D656D705F6D616C6C6F633AAF
:1046E800206D656D702070726F7065726C792061D5
:1046F8006C69676E656400006D656D705F667265F4
:10470800653A206D656D2070726F7065726C7920E6
:10471800616C69676E656400696E76616C696420B6
:10472800706F6F6C20646573630000006D656D7059
:104738005F6D616C6C6F633A2074797065203C2002
:104748004D454D505F4D4158000000006D656D703E
:104758005F667265653A2074797065203C204D4526
:104768004D505F4D415800002F55736572732F6E81
:10477800616E646F69672F4465736B746F702F7314
:10478800616C742F7265706F7369746F7269657389
:104798002F53414C542D46495542412F6669726D3D
:1047A800776172652F4D6964646C657761726573B2
:1047B8002F54686972645F50617274792F4C77491D
:1047C800502F7372632F636F72652F6E65746966FD
:1047D8002E6300006E657469665F69737375655F43
:1047E8007265706F7274733A20696E76616C696471
:1047F800206E657469660000696E76616C69642074
:10480800706F696E746572006E657469665F616465
:10481800643A20696E76616C6964206E65746966B5
:10482800000000006E657469665F6164643A204E3A
:104838006F20696E69742066756E6374696F6E2087
:10484800676976656E0000006E6574696620616C44
:10485800726561647920616464656400746F6F20B7
:104868006D616E79206E65746966732C206D617850
:104878002E20737570706F72746564206E756D622A
:104888006572206973203235350000006E657469E1
:10489800665F7365745F75703A20696E76616C69DE
:1048A80064206E65746966006E657469665F736519
:1048B800745F646F776E3A20696E76616C69642004
:1048C8006E657469660000006E657469665F73657D
:1048D800745F6C696E6B5F75703A20696E76616C97
:1048E8006964206E65746966000000006E6574690D
:1048F800665F7365745F6C696E6B5F646F776E3A41
:1049080020696E76616C6964206E65746966000062
:104918002F55736572732F6E616E646F69672F44CC
:1049280065736B746F702F73616C742F7265706F21
:104938007369746F726965732F53414C542D4649DE
:104948005542412F6669726D776172652F4D6964B2
:10495800646C6577617265732F54686972645F501F
:10496800617274792F4C7749502F7372632F636F7C
:1049780072652F706275662E63000000696E76613D
:104988006C696420706275665F74797065000000F8
:10499800696E6372656D656E745F6D61676E69746B
:1049A800756465203C3D20702D3E6C656E000000EE
:1049B800706275665F667265653A20702D3E726535
:1049C80066203E203000000070632D3E63757374CE
:1049D8006F6D5F667265655F66756E6374696F6E2D
:1049E80020213D204E554C4C00000000696E766138
:1049F8006C696420706275662074797065000000C7
:104A0800706275665F616C6C6F633A207062756680
:104A180020712D3E7061796C6F61642070726F70C7
:104A280065726C7920616C69676E656400000000CE
:104A3800504255465F504F4F4C5F42554653495A76
:104A480045206D75737420626520626967676572B9
:104A5800207468616E204D454D5F414C49474E4D6D
:104A6800454E5400706275665F616C6C6F633A20E6
:104A7800706275662D3E7061796C6F61642070722A
:104A88006F7065726C7920616C69676E656400008F
:104A9800706275665F616C6C6F633A206572726FE5
:104AA8006E656F7573207479706500007062756645
:104AB8005F7265616C6C6F633A207020213D204EF7
:104AC800554C4C00706275665F7265616C6C6F6303
:104AD8003A207120213D204E554C4C006D656D5F8C
:104AE8007472696D2072657475726E6564207120C8
:104AF8003D3D204E554C4C007062756620726566CF
:104B0800206F766572666C6F770000002868202138
:104B18003D204E554C4C2920262620287420213D26
:104B2800204E554C4C29202870726F6772616D6D4C
:104B380065722076696F6C617465732041504929EC
:104B480000000000702D3E746F745F6C656E203D30
:104B58003D20702D3E6C656E20286F66206C617359
:104B680074207062756620696E20636861696E29B9
:104B780000000000702D3E6E657874203D3D204E8B
:104B8800554C4C00706275665F636F70793A20749B
:104B98006172676574206E6F742062696720656E44
:104BA8006F75676820746F20686F6C6420736F7509
:104BB800726365006F66667365745F746F203C3D51
:104BC80020705F746F2D3E6C656E00006F666673B3
:104BD80065745F66726F6D203C3D20705F66726F12
:104BE8006D2D3E6C656E0000705F746F20213D2056
:104BF8004E554C4C00000000706275665F636F7024
:104C080079282920646F6573206E6F7420616C6C3D
:104C18006F77207061636B65742071756575657356
:104C280021000000706275665F636F70795F706164
:104C3800727469616C3A20696E76616C696420628D
:104C480075660000706275665F636F70795F70618A
:104C5800727469616C3A20696E76616C696420646B
:104C68006174617074720000706275665F74616B64
:104C7800653A20696E76616C696420627566000029
:104C8800706275665F74616B653A20696E76616CF7
:104C98006964206461746170747200007062756682
:104CA8005F74616B653A20627566206E6F74206C64
:104CB8006172676520656E6F7567680070627566FA
:104CC8005F74616B653A20696E76616C6964207007
:104CD80062756600646964206E6F7420636F707912
:104CE80020616C6C20646174610000006368656316
:104CF8006B20706275665F736B697020726573757F
:104D08006C740000706275665F636F70792066610D
:104D1800696C6564000000002F55736572732F6E0F
:104D2800616E646F69672F4465736B746F702F735E
:104D3800616C742F7265706F7369746F72696573D3
:104D48002F53414C542D46495542412F6669726D87
:104D5800776172652F4D6964646C657761726573FC
:104D68002F54686972645F50617274792F4C774967
:104D7800502F7372632F636F72652F7463702E6385
:104D8800000000007463705F72656D6F76655F6C1C
:104D9800697374656E65723A20696E76616C6964D0
:104DA800206C697374656E65720000007063622020
:104DB800213D204E554C4C007063622D3E7374614A
:104DC8007465203D3D204C495354454E0000000079
:104DD8007463705F667265655F6C697374656E3A5B
:104DE80020214C495354454E000000007463705F05
:104DF800667265653A204C495354454E00000000E0
:104E08007463705F7570646174655F7263765F6107
:104E18006E6E5F776E643A20696E76616C696420A5
:104E2800706362006E65775F7263765F616E6E5F56
:104E3800776E64203C3D2030786666666600000028
:104E48007463705F7265637665643A20696E766133
:104E58006C69642070636200646F6E2774206361FC
:104E68006C6C207463705F72656376656420666F2E
:104E780072206C697374656E2D7063627300000034
:104E88007463705F7365675F636F70793A20696EEA
:104E980076616C696420736567000000696E7661ED
:104EA8006C696420736F636B6574207374617465D7
:104EB80020666F7220726563762063616C6C626134
:104EC800636B0000696E76616C696420736F636B55
:104ED800657420737461746520666F722073656EE3
:104EE800742063616C6C6261636B00007463705F53
:104EF8006E6578745F6973733A20696E76616C6960
:104F080064207063620000007463705F6566665FAA
:104F180073656E645F6D73735F6E657469663A205E
:104F2800696E76616C6964206473745F69700000EF
:104F38007463705F636F6E6E6563743A20696E7632
:104F4800616C696420706362000000007463705FC4
:104F5800636F6E6E6563743A20696E76616C69641E
:104F680020697061646472007463705F636F6E6E51
:104F78006563743A2063616E206F6E6C7920636F8D
:104F88006E6E6563742066726F6D207374617465EC
:104F980020434C4F534544007463705F7063625FF5
:104FA80070757267653A20696E76616C6964207005
:104FB800636200007463705F7063625F72656D6F37
:104FC80076653A20696E76616C6964207063620068
:104FD8007463705F7063625F72656D6F76653A20A7
:104FE800696E76616C6964207063626C69737400C1
:104FF800756E73656E74207365676D656E74732066
:105008006C65616B696E6700756E61636B656420C2
:105018007365676D656E7473206C65616B696E6727
:10502800000000006F6F736571207365676D656EB2
:105038007473206C65616B696E6700007463705FE0
:105048006162616E646F6E3A20696E76616C696444
:105058002070636200000000646F6E277420636133
:105068006C6C207463705F61626F72742F7463700C
:105078005F6162616E646F6E20666F72206C697327
:1050880074656E2D70636273000000007463705F56
:105098006E657469665F69705F616464725F636896
:1050A800616E6765645F7063626C6973743A2069E6
:1050B8006E76616C6964206F6C645F616464720011
:1050C800696E76616C6964207374617465000000B0
:1050D8007463705F636C6F73655F73687574646F16
:1050E800776E3A20696E76616C696420706362003D
:1050F8007063622D3E666C61677320262054465F9C
:105108005258434C4F534544000000007463705F8D
:10511800636C6F73653A20696E76616C69642070A0
:10512800636200007463705F726563765F6E756CAE
:105138006C3A20696E76616C696420706362000065
:105148007463705F70726F636573735F72656675A1
:105158007365645F646174613A20696E76616C6935
:1051680064207063620000007463705F736C6F7713
:10517800746D723A20616374697665207063622D7C
:105188003E737461746520213D20434C4F53454460
:105198000A0000007463705F736C6F77746D723A05
:1051A80020616374697665207063622D3E73746153
:1051B800746520213D204C495354454E0A00000097
:1051C8007463705F736C6F77746D723A2061637487
:1051D800697665207063622D3E7374617465202161
:1051E8003D2054494D452D574149540A00000000BF
:1051F8007463705F736C6F7774696D723A20706551
:105208007273697374207469636B696E6720776958
:10521800746820696E2D666C6967687420646174AF
:10522800610000007463705F736C6F7774696D72EE
:105238003A2070657273697374207469636B696E60
:1052480067207769746820656D7074792073656E5E
:105258006420627566666572000000007463705FA2
:10526800736C6F77746D723A206D6964646C652035
:1052780074637020213D207463705F616374697684
:10528800655F7063627300007463705F736C6F773F
:10529800746D723A20666972737420706362203D7F
:1052A8003D207463705F6163746976655F706362E3
:1052B800730000007463705F736C6F77746D723A7B
:1052C8002054494D452D57414954207063622D3E65
:1052D8007374617465203D3D2054494D452D5741F7
:1052E800495400007463705F736C6F77746D723A21
:1052F800206D6964646C652074637020213D20749E
:1053080063705F74775F7063627300007463705FCB
:10531800736C6F77746D723A20666972737420705B
:105328006362203D3D207463705F74775F706362D1
:10533800730000002F55736572732F6E616E646F72
:1053480069672F4465736B746F702F73616C742F6A
:105358007265706F7369746F726965732F53414C0E
:10536800542D46495542412F6669726D77617265C1
:105378002F4D6964646C6577617265732F54686931
:1053880072645F50617274792F4C7749502F737231
:10539800632F636F72652F7463705F696E2E63008D
:1053A8007463705F70617273656F70743A20696EB0
:1053B80076616C6964207063620000007463705FDA
:1053C800696E7075745F64656C617965645F636C40
:1053D8006F73653A20696E76616C696420706362E8
:1053E800000000007463705F74696D6577616974AB
:1053F8005F696E7075743A20696E76616C696420B5
:10540800706362007463705F6C697374656E5F6962
:105418006E7075743A20696E76616C696420706389
:10542800620000007063622D3E736E645F71756583
:1054380075656C656E203E3D20706275665F636CB5
:10544800656E286E6578742D3E7029007463705FF0
:10545800726563656976653A2076616C6964207166
:1054680075657565206C656E677468007463705F38
:105478006F6F735F696E736572745F7365676D656F
:105488006E743A20696E76616C696420637365672F
:10549800000000007463705F726563656976653A41
:1054A80020696E76616C6964207063620000000098
:1054B8007463705F726563656976653A2077726FA9
:1054C8006E6720737461746500000000756E616317
:1054D8006B656400756E73656E740000696E736544
:1054E800672E7020213D204E554C4C00696E73612B
:1054F8006E65206F6666736574210000706275665C
:1055080020746F6F2073686F727421007463705F0A
:10551800726563656976653A207365676D656E7453
:10552800206E6F74207472696D6D656420636F728C
:10553800726563746C7920746F207263765F776E1E
:10554800640A00007463705F726563656976653A22
:10555800207365676D656E74206E6F742074726950
:105568006D6D656420636F72726563746C79207405
:105578006F206F6F7365712071756575650A00001E
:105588007463705F726563656976653A20746370E9
:105598006C656E203E207263765F776E640A000049
:1055A8007463705F726563656976653A206F6F73BF
:1055B8006571207463706C656E203E207263765F3F
:1055C800776E640A000000007463705F70726F6326
:1055D8006573733A20696E76616C696420706362E2
:1055E800000000007463705F696E7075743A207013
:1055F80063622D3E737461746520213D20434C4FD6
:10560800534544007063622D3E736E645F71756527
:1056180075656C656E203E20300000006E6F20734B
:1056280065676D656E7420746F206672656500002D
:105638007063622D3E6C697374656E65722D3E6190
:10564800636365707420213D204E554C4C0000006A
:105658007463705F696E7075743A20696E76616CF8
:105668006964207062756600702D3E6E65787420DE
:10567800213D204E554C4C00702D3E6C656E203DF2
:105688003D203000702D3E746F745F6C656E203D58
:105698003D20702D3E6E6578742D3E746F745F6C7E
:1056A800656E00007463705F696E7075743A20618E
:1056B8006374697665207063622D3E7374617465E6
:1056C80020213D20434C4F53454400007463705FD4
:1056D800696E7075743A20616374697665207063C9
:1056E800622D3E737461746520213D2054494D45F7
:1056F8002D574149540000007463705F696E7075DE
:10570800743A20616374697665207063622D3E7314
:105718007461746520213D204C495354454E000066
:105728007463705F696E7075743A207063622D3EA1
:105738006E65787420213D2070636220286265665A
:105748006F72652063616368652900007463705F28
:10575800696E7075743A207063622D3E6E65787458
:1057680020213D2070636220286166746572206381
:1057780061636865290000007463705F696E707505
:10578800743A2054494D452D57414954207063625D
:105798002D3E7374617465203D3D2054494D452D5F
:1057A80057414954000000007063622D3E726566DF
:1057B800757365645F64617461203D3D204E554C8E
:1057C8004C0000002F55736572732F6E616E646F05
:1057D80069672F4465736B746F702F73616C742FD6
:1057E8007265706F7369746F726965732F53414C7A
:1057F800542D46495542412F6669726D776172652D
:105808002F4D6964646C6577617265732F5468699C
:1058180072645F50617274792F4C7749502F73729C
:10582800632F636F72652F7463705F6F75742E6377
:10583800000000007463705F77726974655F636865
:1058480065636B733A20696E76616C696420706376
:10585800620000007463705F77726974653A207043
:1058680062756673206F6E207175657565203D3EA3
:10587800206174206C65617374206F6E652071758A
:10588800657565206E6F6E2D656D7074790000000A
:105898007463705F77726974653A206E6F20706206
:1058A800756673206F6E207175657565203D3E20A5
:1058B800626F74682071756575657320656D7074A5
:1058C800790000007463705F6F75747075745F732E
:1058D80065676D656E745F627573793A20696E7677
:1058E800616C696420736567000000007463705F11
:1058F8006F75747075745F66696C6C5F6F707469CE
:105908006F6E733A20696E76616C69642070627597
:10591800660000006F7074696F6E73206E6F74207C
:1059280066696C6C656400007463705F70627566AC
:105938005F707265616C6C6F633A20696E76616C3A
:105948006964206F76657273697A65007463705F45
:10595800706275665F707265616C6C6F633A20691E
:105968006E76616C69642070636200006E656564C0
:1059780020756E636861696E656420706275660083
:105988007463705F6372656174655F7365676D6585
:105998006E743A20696E76616C6964207063620087
:1059A8007463705F6372656174655F7365676D6565
:1059B8006E743A20696E76616C69642070627566EF
:1059C80000000000702D3E746F745F6C656E203EA1
:1059D8003D206F70746C656E00000000636865633D
:1059E8006B207468617420666972737420706275C4
:1059F800662063616E20686F6C64207374727563CF
:105A080074207463705F6864720000007463705F70
:105A18006F75747075745F616C6C6F635F686561D6
:105A28006465723A20696E76616C6964207063629D
:105A3800000000007463705F6F75747075745F7335
:105A480065676D656E743A20696E76616C6964206D
:105A5800736567007463705F6F75747075745F73D6
:105A680065676D656E743A20696E76616C6964204D
:105A7800706362007463705F6F75747075745F73C0
:105A880065676D656E743A20696E76616C6964202D
:105A98006E657469660000007463705F6F7574707A
:105AA80075745F636F6E74726F6C5F7365676D6535
:105AB8006E743A20696E76616C69642070627566EE
:105AC800000000007463705F77726974653A20693A
:105AD8006E76616C69642070636200007463705F45
:105AE80077726974653A20617267203D3D204E5592
:105AF8004C4C202870726F6772616D6D65722076EC
:105B0800696F6C6174657320415049290000000079
:105B18006D73735F6C6F63616C20697320746F6F52
:105B280020736D616C6C0000696E636F6E736973CE
:105B380074656E74206F76657273697A6520767302
:105B48002E20737061636500696E636F6E7369738D
:105B580074656E74206F76657273697A65207673E2
:105B68002E206C656E0000007463705F7772697434
:105B7800653A20524F4D2070627566732063616EDE
:105B88006E6F74206265206F76657273697A6564DA
:105B980000000000756E73656E745F6F76657273D2
:105BA800697A65206D69736D617463682028706314
:105BB800622D3E756E73656E74206973204E554C68
:105BC8004C2900007463705F77726974653A2063CA
:105BD8006865636B207468617420666972737420E9
:105BE800706275662063616E20686F6C64207468EB
:105BF8006520636F6D706C657465207365676C658F
:105C08006E0000006F76657273697A65203D3D20ED
:105C180030000000707265765F73656720213D2053
:105C28004E554C4C000000007463705F77726974C5
:105C3800653A2063616E6E6F7420636F6E63617482
:105C4800656E617465207768656E207063622D3EAD
:105C5800756E73656E7420697320656D7074790054
:105C68007463705F77726974653A20657874656EDD
:105C780073696F6E206F66207265666572656E6304
:105C880065207265717569726573207265666572E3
:105C9800656E6365000000007463705F77726974F5
:105CA800653A2076616C6964207175657565206C4C
:105CB800656E6774680000007463705F73706C6968
:105CC800745F756E73656E745F7365673A20696E8D
:105CD80076616C69642070636200000043616E271E
:105CE800742073706C6974207365676D656E7420B9
:105CF800696E746F206C656E6774682030000000F0
:105D080073706C6974203C3D206D73730000000053
:105D1800757365672D3E6C656E203E20300000006F
:105D28007463705F656E71756575655F666C6167D4
:105D3800733A206E656564206569746865722054DD
:105D480043505F53594E206F72205443505F464969
:105D58004E20696E20666C616773202870726F67C9
:105D680072616D6D65722076696F6C617465732000
:105D780041504929000000007463705F656E7175B9
:105D88006575655F666C6167733A20696E76616CEC
:105D980069642070636200007463705F656E71757A
:105DA8006575655F666C6167733A20636865636BE8
:105DB80020746861742066697273742070627566F5
:105DC8002063616E20686F6C64206F70746C656E00
:105DD800000000007365672D3E746370686472206C
:105DE8006E6F7420616C69676E6564007463705FC0
:105DF800656E71756575655F666C6167733A206974
:105E08006E76616C6964207365676D656E74206C6D
:105E1800656E6774680000007463705F656E717505
:105E28006575655F666C6167733A20696E76616C4B
:105E38006964207175657565206C656E67746800A6
:105E48007463705F73656E645F66696E3A20696E2D
:105E580076616C6964207063620000007463705F2F
:105E68007265786D69745F72746F5F707265706166
:105E780072653A20696E76616C69642070636200AD
:105E88007463705F7265786D69743A20696E7661C3
:105E98006C696420706362007463705F7265786D0A
:105EA80069745F666173743A20696E76616C6964BF
:105EB80020706362000000007463705F7273743A4C
:105EC80020696E76616C6964206C6F63616C5F69D0
:105ED800700000007463705F7273743A20696E76A4
:105EE800616C69642072656D6F74655F697000002C
:105EF8007463705F73656E645F656D7074795F61FC
:105F0800636B3A20696E76616C6964207063620025
:105F18007463705F6F75747075743A20696E76611A
:105F28006C69642070636200646F6E27742063611B
:105F38006C6C207463705F6F757470757420666F15
:105F480072206C697374656E2D7063627300000053
:105F5800525354206E6F742065787065637465645D
:105F680020686572652100007463705F7265786DE2
:105F780069745F72746F5F636F6D6D69743A2069DD
:105F88006E76616C69642070636200007463705F90
:105F98007265786D69745F72746F3A20696E7661A4
:105FA8006C696420706362007463705F6B65657010
:105FB800616C6976653A20696E76616C69642070F7
:105FC800636200007463705F7A65726F5F77696EF1
:105FD800646F775F70726F62653A20696E76616C84
:105FE80069642070636200002F55736572732F6EA9
:105FF800616E646F69672F4465736B746F702F737C
:10600800616C742F7265706F7369746F72696573F0
:106018002F53414C542D46495542412F6669726DA4
:10602800776172652F4D6964646C65776172657319
:106038002F54686972645F50617274792F4C774984
:10604800502F7372632F636F72652F74696D656F5C
:106058007574732E630000007379735F74696D65DE
:106068006F75743A2074696D656F757420213D20D1
:106078004E554C4C2C20706F6F6C204D454D505F29
:106088005359535F54494D454F5554206973206502
:106098006D7074790000000054696D656F75742027
:1060A80074696D6520746F6F206C6F6E672C206D3E
:1060B8006178206973204C5749505F55494E5433D5
:1060C800325F4D41582F34206D73656373000000B3
:1060D8002F55736572732F6E616E646F69672F44F5
:1060E80065736B746F702F73616C742F7265706F4A
:1060F8007369746F726965732F53414C542D464907
:106108005542412F6669726D776172652F4D6964DA
:10611800646C6577617265732F54686972645F5047
:10612800617274792F4C7749502F7372632F636FA4
:1061380072652F7564702E63000000007564705FCF
:10614800696E7075745F6C6F63616C5F6D617463A9
:10615800683A20696E76616C696420706362000039
:106168007564705F696E7075745F6C6F63616C5F86
:106178006D617463683A20696E76616C6964206E3B
:1061880065746966000000007564705F696E7075FB
:10619800743A20696E76616C696420706275660075
:1061A8007564705F696E7075743A20696E76616C9B
:1061B8006964206E65746966000000007062756627
:1061C8005F72656D6F76655F68656164657220668C
:1061D80061696C65640A00007564705F62696E6469
:1061E8003A20696E76616C69642070636200000011
:1061F8007564705F73656E64746F5F69665F7372F0
:10620800633A20696E76616C69642070636200008D
:106218007564705F73656E64746F5F69665F7372CF
:10622800633A20696E76616C6964207062756600F5
:106238007564705F73656E64746F5F69665F7372AF
:10624800633A20696E76616C6964206473745F696F
:10625800700000007564705F73656E64746F5F69C9
:10626800665F7372633A20696E76616C6964207345
:1062780072635F69700000007564705F73656E64B7
:10628800746F5F69665F7372633A20696E76616CDA
:106298006964206E65746966000000006368656360
:1062A8006B207468617420666972737420706275FB
:1062B800662063616E20686F6C6420737472756306
:1062C80074207564705F6864720000007564705FA4
:1062D80073656E64746F5F69663A20696E76616C87
:1062E80069642070636200007564705F73656E6432
:1062F800746F5F69663A20696E76616C69642070B4
:10630800627566007564705F73656E64746F5F694B
:10631800663A20696E76616C6964206473745F699B
:10632800700000007564705F73656E64746F5F69F8
:10633800663A20696E76616C6964206E6574696678
:10634800000000007564705F73656E64746F3A20B6
:10635800696E76616C696420706362007564705F51
:1063680073656E64746F3A20696E76616C69642037
:1063780070627566000000007564705F73656E6416
:10638800746F3A20696E76616C6964206473745F17
:10639800697000007564705F726563763A20696E93
:1063A80076616C6964207063620000007564705FD8
:1063B80072656D6F76653A20696E76616C696420E6
:1063C800706362002F55736572732F6E616E646F10
:1063D80069672F4465736B746F702F73616C742FCA
:1063E8007265706F7369746F726965732F53414C6E
:1063F800542D46495542412F6669726D7761726521
:106408002F4D6964646C6577617265732F54686990
:1064180072645F50617274792F4C7749502F737290
:10642800632F6E657469662F65746865726E65742E
:106438002E6300006E657469662D3E68776164643A
:10644800725F6C656E206D757374206265203620EE
:10645800666F722065746865726E65745F6F7574B7
:106468007075742100000000525341206B6579203B
:1064780073697A6520696E20636572742063686148
:10648800696E206572726F720000000045434320F8
:106498006B65792073697A6520696E20636572740B
:1064A80020636861696E206572726F720000000077
:1064B8004B65792073697A65206E6F74206368650F
:1064C800636B65640000000048656C6C6F52657111
:1064D8007565737420726563656976656420627991
:1064E80020736572766572004475706C69636174B7
:1064F800652048656C6C6F526571756573742072A0
:106508006563656976656400436C69656E744865A2
:106518006C6C6F20726563656976656420627920AA
:10652800636C69656E7400004475706C69636174AE
:106538006520436C69656E7448656C6C6F20726584
:1065480063656976656400005365727665724865AF
:106558006C6C6F207265636569766564206279206A
:1065680073657276657200004475706C6963617456
:10657800652053657276657248656C6C6F2072652C
:10658800636569766564000048656C6C6F56657272
:10659800696679526571756573742072656365699A
:1065A80076656420627920736572766572000000F2
:1065B8004475706C69636174652048656C6C6F56CE
:1065C8006572696679526571756573742072656361
:1065D800656976656400000052656365697665647F
:1065E8002048656C6C6F566572696679526571757D
:1065F80065737420616674657220612048656C6CEF
:106608006F52657472795265717565737400000014
:1066180053657373696F6E5469636B657420726533
:106628006365697665642062792073657276657240
:10663800000000004475706C6963617465205365DF
:106648007373696F6E5469636B65742072656365F3
:1066580069766564000000004475706C6963617454
:106668006520436572746966696361746520726543
:1066780063656976656400004E6F205365727665C0
:106688007248656C6C6F206265666F726520436541
:10669800727400004E6F20436C69656E7448656CB7
:1066A8006C6F206265666F726520436572740000C6
:1066B800436572746966696361746553746174755E
:1066C80073207265636569766564206279207365F5
:1066D80072766572000000004475706C69636174BD
:1066E8006520436572746966696361746553746192
:1066F80074757320726563656976656400000000CF
:106708004E6F2043657274696669636174652062BF
:1067180065666F7265204365727469666963617442
:10672800655374617475730043657274696669634F
:106738006174655374617475732061667465722041
:106748005365727665724B657945786368616E67E3
:10675800650000005365727665724B65794578630C
:1067680068616E6765207265636569766564206235
:106778007920736572766572000000004475706C4C
:106788006963617465205365727665724B657945F6
:10679800786368616E6765207265636569766564AC
:1067A800000000004E6F2053657276657248656C74
:1067B8006C6F206265666F726520536572766572CC
:1067C8004B657945786368616E67650043657274E7
:1067D8006966696361746552657175657374207261
:1067E800656365697665642062792073657276658C
:1067F800720000004475706C6963617465204365BC
:1068080072746966696361746552657175657374DC
:106818002072656365697665640000005365727669
:10682800657248656C6C6F446F6E65207265636550
:1068380069766564206279207365727665720000F6
:106848004475706C6963617465205365727665720E
:1068580048656C6C6F446F6E652072656365697618
:10686800656400004E6F204365727420726571750F
:1068780069726564000000004E6F20436572746998
:10688800666963617465206265666F726520536529
:106898007276657248656C6C6F446F6E65000000B7
:1068A8004E6F204B657945786368616E6765207225
:1068B80065717569726564004E6F205365727665FF
:1068C800724B657945786368616E676520626566B5
:1068D8006F726520536572766572446F6E6500004D
:1068E8004365727469666963617465566572696641
:1068F8007920726563656976656420627920636CC6
:1069080069656E74000000004475706C6963617499
:10691800652043657274696669636174655665725A
:1069280069667920726563656976656400000000B0
:106938004E6F2043657274206265666F72652043EE
:10694800657274566572696679000000436C696502
:106958006E744B657945786368616E67652072650A
:1069680063656976656420627920636C69656E7415
:10697800000000004475706C696361746520436CA5
:1069880069656E744B657945786368616E676520E3
:106998007265636569766564000000004E6F204388
:1069A8006C69656E7448656C6C6F206265666F72A1
:1069B8006520436C69656E744B65794578636861D9
:1069C8006E6765004475706C69636174652046691B
:1069D8006E697368656420726563656976656400CD
:1069E80046696E6973686564207265636569766572
:1069F80064206265666F7265204368616E676543EF
:106A080069706865720000004475706C6963617430
:106A180065204368616E67654369706865722072B6
:106A280065636569766564004E6F205365727665A7
:106A38007248656C6C6F446F6E65206265666F7234
:106A480065204368616E6765436970686572000018
:106A58004E6F2053657276657248656C6C6F206264
:106A680065666F7265204368616E67654369706823
:106A78006572206F6E20526573756D6500000000A9
:106A88004E6F20436C69656E744B65794578636811
:106A9800616E6765206265666F7265204368616E26
:106AA800676543697068657200000000636C69651A
:106AB8006E74206469646E27742073656E64206345
:106AC800657274207665726966790000556E6B6E22
:106AD8006F776E206D657373616765207479706573
:106AE80000000000596F757220494F205265637687
:106AF8002063616C6C6261636B206973206E756CD6
:106B08006C2C20706C6561736520736574000000DF
:106B1800556E657870656374656420726563762068
:106B280072657475726E20636F64650067726F7743
:106B3800696E67206F757470757420627566666516
:106B480072000000556E7265636F676E697A6564DE
:106B580020636970686572737569746520666F7201
:106B68002041454144206C696D6974206368656300
:106B78006B000000436C69656E7420617474656D08
:106B88007074696E6720746F20636F6E6E656374CE
:106B9800207769746820646966666572656E74201A
:106BA80076657273696F6E005365727665722061DF
:106BB8007474656D7074696E6720746F20616363A7
:106BC80065707420776974682064696666657265A3
:106BD8006E742076657273696F6E000044544C536E
:106BE8002068616E647368616B652C20736B6970D3
:106BF8002052482076657273696F6E206E756D62DB
:106C0800657220636865636B0000000053534C2075
:106C180076657273696F6E206572726F720000001C
:106C280030206C656E6774682C206E6F6E2D6170F5
:106C3800702064617461207265636F72642E000055
:106C4800556E6B6E6F776E205265636F7264205459
:106C5800797065004D657373616765207479706537
:106C6800206973206E6F74206C61737420696E20C4
:106C78007265636F726400004261642043657274D8
:106C8800204D616E61676572204E657700000000D7
:106C98004354582072656620636F756E7420646F64
:106CA800776E20746F20302C20646F696E672066C1
:106CB800756C6C20667265650000000043545820AE
:106CC80072656620636F756E74206E6F7420302055
:106CD8007965742C206E6F2066726565000000006F
:106CE8004D656D6F727920616C6C6F6320666F7291
:106CF80020537569746573206661696C656400006A
:106D0800537569746573204D656D6F72792065726E
:106D1800726F7200496E6974537569746573207077
:106D28006F696E746572206572726F720000000080
:106D380042616420686173682073696720616C67C9
:106D48006F00000043697068657274657874206E1E
:106D58006F74206D696E696D756D2073697A650051
:106D68005273615369676E00527361566572696642
:106D780079000000566572696679527361536967D4
:106D88006E0000005369676E6174757265206275E4
:106D98006666657220746F6F206269670000000084
:106DA800525341205369676E617475726520766528
:106DB80072696669636174696F6E206661696C6582
:106DC80064000000527361446563000052736145BA
:106DD8006E6300004563635369676E0045636356DD
:106DE800657269667900000045636353686172657E
:106DF80064536563726574004563634D616B654BED
:106E080065790000446847656E4B65795061697221
:106E1800000000004468416772656500536572763A
:106E28006572206D697373696E6720636572746932
:106E38006669636174650000536572766572206DDA
:106E4800697373696E672070726976617465206B07
:106E58006579000053657453534C5F4354580000E0
:106E680066726565696E67206F6C6420637478204C
:106E7800746F2064656372656D656E7420726566F3
:106E88006572656E636520636F756E742E20537727
:106E980069746368696E67206374782E0000000067
:106EA800776F6C6653534C5F7365745F6F7074696A
:106EB8006F6E73206572726F7200000048535F48EE
:106EC8006173686573204D656D6F727920657272A4
:106ED8006F720000496E697448616E647368616B13
:106EE80065486173686573206661696C65642E2006
:106EF800657272203D202564000000005265696EAD
:106F0800697453534C000000417272617973204DCB
:106F1800656D6F7279206572726F7200524E4720EC
:106F28004D656D6F7279206572726F720000000096
:106F3800524E4720496E6974206572726F72000064
:106F48005265696E697453534C206661696C656457
:106F58002E20657272203D2025640000536574530D
:106F6800534C5F435458206661696C65642E2065F4
:106F78007272203D2025640053534C20536573736F
:106F8800696F6E204D656D6F7279206572726F72D0
:106F98002E20776F6C6653534C5F4E65775365733D
:106FA80073696F6E20657272203D202564000000B1
:106FB800496E697453534C20646F6E652E20726558
:106FC8007475726E20302028737563636573732936
:106FD800000000004B657920616C7265616479205E
:106FE80070726573656E74210000000053687269E1
:106FF8006E6B696E67206F75747075742062756644
:1070080066657200536872696E6B696E6720696E97
:1070180070757420627566666572000046726565F3
:1070280027696E67207365727665722073736C00CA
:107038004672656527696E6720636C69656E7420A2
:1070480073736C004672656548616E647368616B42
:10705800655265736F75726365730000596F757259
:1070680020494F2053656E642063616C6C626163D4
:107078006B206973206E756C6C2C20706C65617365
:10708800652073657400000053656E64427566661A
:10709800657265642829206F7574206F6620626F99
:1070A800756E6473207265616400000047726F77C3
:1070B800496E707574427566666572282920636129
:1070C8006C6C65642077697468206E6567617469A3
:1070D8007665206E756D62657200000067726F7765
:1070E800696E6720696E7075742062756666657270
:1070F80000000000436865636B417661696C6162FA
:107108006C6553697A6528292063616C6C65642015
:1071180077697468206E65676174697665206E7535
:107128006D62657200000000556E737570706F7245
:107138007465642063697068657220737569746525
:107148002C20436970686572526571756972657340
:107158002043484143484100556E737570706F7203
:1071680074656420636970686572207375697465F5
:107178002C20436970686572526571756972657310
:107188002045434300000000556E737570706F72A0
:1071980074656420636970686572207375697465C5
:1071A8002C204369706865725265717569726573E0
:1071B800204543432050534B00000000556E737523
:1071C80070706F727465642063697068657220738B
:1071D800756974652C2043697068657252657175AC
:1071E8006972657320544C532076312E33000000A9
:1071F800556E737570706F7274656420636970681A
:1072080065722073756974652C20436970686572AE
:107218005265717569726573000000005665726980
:1072280066795365727665725375697465000000F6
:1072380052657175697265732052534100000000F0
:10724800446F6E27742068617665205253410000B0
:1072580052657175697265732044484500000000E5
:10726800446F6E27742068617665204448450000A5
:10727800446F6E277420686176652045434300009B
:1072880052657175697265732073746174696320DE
:1072980045434300446F6E27742068617665207308
:1072A8007461746963204543430000005265717539
:1072B800697265732050534B00000000446F6E27BD
:1072C8007420686176652050534B000052657175D3
:1072D8006972657320525341205369676E617475F2
:1072E80072650000446F6E277420686176652052CD
:1072F8005341205369676E61747572650000000020
:1073080052657175697265732041454144000000FA
:1073180056657273696F6E206F662053534C2064F4
:107328006F6573206E6F7420737570706F72742040
:10733800414541442063697068657273000000002C
:10734800446F6E27742068617665206D6174636888
:10735800696E67206375727665730000544C5358E4
:107368005F4B657953686172655F43686F6F7365DA
:107378002829206661696C656420696E20566572EB
:1073880069667953657276657253756974652829DB
:107398002077697468204D454D4F52595F4500006C
:1073A80056657269666965642073756974652076C7
:1073B800616C696469747900436F756C64206E6FE1
:1073C80074207665726966792073756974652076AC
:1073D800616C69646974792C20636F6E74696E7569
:1073E80065000000436865636B696E6720416C74D3
:1073F8004E616D657300000009696E6469766964A1
:1074080075616C20416C744E616D652063686563BD
:107418006B000000096D6174636820666F756E64A7
:10742800000000000977696C6463617264206D6113
:10743800746368206661696C65640000446F6D61FF
:10744800696E4E616D65206D61746368206F6E2092
:10745800616C74206E616D6573206661696C65642A
:1074680000000000446F6D61696E4E616D65206DAE
:1074780061746368206F6E20636F6D6D6F6E206E30
:10748800616D65206661696C6564000056657269A6
:10749800667920434D2063616C6C6261636B206F79
:1074A800766572726964696E67206572726F72219F
:1074B800000000005665726966792063616C6C6231
:1074C80061636B206F766572726964696E672065A7
:1074D80072726F7221000000446F46696E697368AA
:1074E800656400005665726966792066696E69731D
:1074F800686564206572726F72206F6E20686173B0
:1075080068657300776F6C6653534C20456E6372E1
:107518007970742070726F6772616D6D696E672023
:107528006572726F72000000456E63727970742024
:1075380063697068657273206E6F74207365747503
:1075480070000000556E6B6E6F776E20416C65722F
:1075580074000000416C65727420747970653A207B
:1075680025730000416C65727420636F756E74201A
:107578006578636565646564000000004275696C40
:10758800644D657373616765000000004F6F707329
:107598002C2077616E7420746F207772697465206F
:1075A80070617374206F7574707574206275666687
:1075B80065722073697A650053656E64416C657203
:1075C8007400000053656E64416C6572743A20253E
:1075D800642025730000000053656E64416C657279
:1075E800743A20256400000053656E6446696E692C
:1075F800736865640000000053656E6443657274C7
:1076080069666963617465526571756573740000B4
:1076180053656E64204365727420526571206261FF
:107628006420696E707574537A00000053656E6447
:1076380043657274696669636174655374617475CE
:107648007300000053656E6443657274696669630C
:10765800617465537461747573206261642061722A
:10766800677300004D6573736167652063616E2001
:107678006E6F7420626520656E63727970746564DC
:10768800000000004D65737361676520616C776168
:1076980079732068617320746F20626520656E635A
:1076A80072797074656400004D6573736167652055
:1076B80068617320746F20626520656E63727970EB
:1076C80074656420666F7220534352004D6573736E
:1076D8006167652068617320746F20626520656E3C
:1076E8006372797074656420647572696E6720537B
:1076F800435200004D6573736167652063616E20B6
:107708006E6F7420626520656E637279707465644B
:1077180020696E20726567756C61722068616E649D
:107728007368616B65000000526574727953656E09
:1077380064416C65727400004561726C7953616EC6
:10774800697479436865636B4D73675265636569EE
:107758007665640050726F63657373506565724334
:1077680065727473000000004C6F6164696E672075
:107778007065657227732063657274206368616938
:107788006E0000000950617273696E6720256420DD
:107798006279746573206F662063657274206578FA
:1077A80074656E73696F6E7300000000095075741C
:1077B80020616E6F74686572206365727420696EEB
:1077C800746F20636861696E000000004E6F20705E
:1077D80065657220636572742066726F6D20436CF4
:1077E80069656E74000000004E6F20706565722038
:1077F800636572742066726F6D2053657276657268
:1078080000000000476F7420506565722063657240
:10781800742041534E2050415253455F452C20421D
:10782800554646455220452C204D454D4F52595FEF
:1078380045000000436861696E20636572742069C1
:1078480073206E6F7420612043412C206E6F74206A
:10785800616464696E67206173206F6E6500000063
:10786800436861696E2063657274206E6F74207658
:1078780065726966696564206279206F7074696FE2
:107888006E2C206E6F7420616464696E672061736A
:10789800204341005665726966696564204341204A
:1078A80066726F6D20636861696E20616E64206125
:1078B8006C726561647920686164206974000000F5
:1078C8004661696C656420746F20766572696679B3
:1078D8002043412066726F6D20636861696E000005
:1078E80049676E6F72696E672043524C2070726FE1
:1078F800626C656D206261736564206F6E207665C9
:10790800726966792073657474696E670000000097
:10791800416464696E672043412066726F6D20631D
:107928006861696E000000004D6F64696679696E70
:10793800672053534C5F43545820434D206E6F7457
:107948002053534C20737065636966696320434D07
:1079580000000000566572696679696E6720506597
:10796800657227732063657274000000566572693A
:107978006669656420506565722773206365727453
:107988000000000050656572732063657274696653
:10799800696361746520776173206E6F7420766502
:1079A8007273696F6E20332100000000476F7420E6
:1079B8005065657220636572742041534E5F504173
:1079C8005253455F452C204255464645525F452C4B
:1079D800204D454D4F52595F452C204241445F464A
:1079E800554E435F415247004661696C6564207497
:1079F8006F207665726966792050656572277320F5
:107A080063657274000000000943616C6C62616315
:107A18006B206F7665727269646520617661696C46
:107A280061626C652C2077696C6C20636F6E746979
:107A38006E756500094E6F2063616C6C6261636BE3
:107A4800206F7665727269646520617661696C6120
:107A5800626C652C20666174616C00004B65795519
:107A68007365204469676974616C20536967206E87
:107A78006F742073657400004578744B657955738D
:107A880065205365727665722041757468206E6F43
:107A980074207365740000004578744B65795573DC
:107AA8006520436C69656E742041757468206E6F3B
:107AB800742073657400000050656572205253414C
:107AC800206B657920697320746F6F20736D616C0A
:107AD8006C0000005065657220454343206B657952
:107AE80020697320746F6F20736D616C6C000000E7
:107AF800446F436572746966696361746500000068
:107B0800446F48656C6C6F526571756573740000DD
:107B1800536572766572207573696E6720612044BB
:107B280048206B6579207468617420697320746FCC
:107B38006F20736D616C6C00536572766572207589
:107B480073696E672061204448206B6579207468EA
:107B5800617420697320746F6F2062696700000088
:107B6800536572766572207573696E67206120446B
:107B780048206B65792067656E657261746F722045
:107B88007468617420697320746F6F20626967007C
:107B9800536572766572207573696E67206120700F
:107BA80075626C6963204448206B6579207468614C
:107BB8007420697320746F6F206269670000000089
:107BC800536572766572206E6F74207573696E677F
:107BD80020464644484520706172616D657465723F
:107BE80073000000446F5365727665724B65794582
:107BF800786368616E676500446F4365727469668F
:107C08006963617465537461747573004D414320F1
:107C1800646964206E6F74206D617463680000008D
:107C2800776F6C6653534C20446563727970742087
:107C380070726F6772616D6D696E67206572726FC1
:107C4800720000004465637279707420636970681B
:107C5800657273206E6F7420736574757000000010
:107C6800526563656976656420417070206461744B
:107C780061206265666F726520612068616E647359
:107C880068616B6520636F6D706C65746564000076
:107C98004170702064617461206275666665722047
:107CA8006572726F722C206D616C6963696F757390
:107CB80020696E7075743F00446F4365727469661D
:107CC80069636174655265717565737400000000BD
:107CD80050726976617465206B6579206D6973737C
:107CE800696E672100000000547279696E6720523E
:107CF80053412070726976617465206B6579000064
:107D08005573696E672052534120707269766174A9
:107D180065206B6579000000525341206B6579201E
:107D280073697A6520746F6F20736D616C6C0000E5
:107D3800547279696E672045434320707269766191
:107D48007465206B65792C20525341206469646EF8
:107D5800277420776F726B005573696E67204543EF
:107D6800432070726976617465206B657900000044
:107D7800454343206B65792073697A6520746F6F7A
:107D880020736D616C6C0000446F436C69656E74A0
:107D98004B657945786368616E676500436C696512
:107DA8006E742073656E64696E67206B657965789B
:107DB8006368616E67652061742077726F6E6720F3
:107DC80074696D6500000000426164206B65612084
:107DD8007479706500000000525341206578706C1A
:107DE800696369742073697A6520646F65736E27A7
:107DF80074206D6174636800525341206D6573731C
:107E080061676520746F6F2062696700456363204E
:107E1800657068656D6572616C206B6579206E6F41
:107E280074206D61646520636F72726563746C7928
:107E3800000000007072654D61737465725365636C
:107E48007265742076657273696F6E206D69736DE3
:107E5800617463680000000053657373696F6E2076
:107E68006475706C6963617465206661696C6564CA
:107E78000000000053656E64436C69656E74486564
:107E88006C6C6F004261642073756974657320704F
:107E98006F696E74657220696E2053656E64436CF9
:107EA80069656E7448656C6C6F0000005365727686
:107EB8006572207573696E672068696768657220E6
:107EC80076657273696F6E2C20666174616C2065CB
:107ED80072726F72000000007365727665722075A9
:107EE80073696E67206C6F77657220766572736947
:107EF8006F6E0000096E6F20646F776E6772616441
:107F08006520616C6C6F7765642C20666174616CA8
:107F1800206572726F7200000976657273696F6E00
:107F28002062656C6F77206D696E696D756D206173
:107F38006C6C6F7765642C20666174616C20657267
:107F4800726F720009646F776E67726164696E6739
:107F580020746F2053534C763300000009646F7708
:107F68006E67726164696E6720746F20544C537633
:107F78003100000009646F776E67726164696E672B
:107F880020746F20544C5376312E310009646F777A
:107F98006E67726164696E6720746F2044544C5335
:107FA80076312E310000000009646F776E677261C8
:107FB80064696E6720746F20544C5376312E3200FA
:107FC80009646F776E67726164696E6720746F20E9
:107FD80044544C5376312E3200000000096261642B
:107FE800206D696E6F722076657273696F6E00001E
:107FF800094F7074696F6E2073657420746F206EFA
:108008006F7420616C6C6F7720544C5376312E322C
:108018002C20446F776E67726164696E6700000098
:10802800094F7074696F6E2073657420746F206EC9
:108038006F7420616C6C6F7720544C5376312E31FD
:108048002C20446F776E67726164696E6700000068
:10805800094F7074696F6E2073657420746F206E99
:108068006F7420616C6C6F7720544C5376312C20E0
:10807800446F776E67726164696E67000945727252
:108088006F722C206F7074696F6E20736574207422
:108098006F206E6F7420616C6C6F772053534C7631
:1080A80033000000556E61626C6520746F20686152
:1080B800766520756E697175652073657373696F70
:1080C8006E206F626A65637400000000556E7375F8
:1080D80070706F727465642063697068657220736C
:1080E800756974652C20446F5365727665724865AE
:1080F8006C6C6F005365727665722064656E696595
:108108006420726573756D7074696F6E2061747424
:10811800656D707400000000446F53657276657277
:1081280048656C6C6F000000496E76616C6964206C
:1081380073657373696F6E2049442073697A6500AB
:1081480053657276657248656C6C6F20646964204B
:108158006E6F74207573652063697068657220732B
:10816800756974652066726F6D20436C69656E74FD
:1081780048656C6C6F000000536572766572206606
:108188006F7263696E6720636F6D70726573736970
:108198006F6E20772F6F20737570706F7274000088
:1081A80053657276657220726566757365642063BF
:1081B8006F6D7072657373696F6E2C207475726E53
:1081C800696E67206F666600566572696679436CEA
:1081D80069656E74537569746500000053656E6453
:1081E800436C69656E744B657945786368616E6741
:1081F800650000004375727665204F4944206E6F14
:108208007420636F6D70696C656420696E206F728D
:1082180020696D706C656D656E74656400000000A2
:10822800536574437572766549643A20496E766180
:108238006C6964206B6579210000000053756974CE
:10824800657320706F696E746572206572726F72E3
:10825800206F72207375697465537A2030000000AE
:1082680053656E6453657276657248656C6C6F0011
:10827800444F574E475244004D61746368537569C3
:108288007465000053657373696F6E206C6F6F6B54
:10829800757020666F7220726573756D65206661F2
:1082A800696C656400000000417474656D707469E0
:1082B8006E6720746F20726573756D652061207319
:1082C800657373696F6E2074686174206469646E85
:1082D80027742075736520454D532077697468208D
:1082E80061206E65772073657373696F6E20776997
:1082F800746820454D532E20446F2066756C6C20A1
:1083080068616E647368616B652E000054727969E8
:108318006E6720746F20726573756D6520612073B8
:10832800657373696F6E207769746820454D5320B3
:10833800776974686F7574207573696E6720454D29
:1083480053000000507265762073657373696F6E11
:108358002773206369706865722073756974652076
:108368006E6F7420696E20436C69656E7448656C25
:108378006C6F0000556E737570706F727465642051
:108388006369706865722073756974652C20436C25
:1083980069656E7448656C6C6F00000053656E64A7
:1083A80053657276657248656C6C6F446F6E6500D4
:1083B80043616C6C696E6720637573746F6D2073AD
:1083C8006E692063616C6C6261636B004572726FE9
:1083D8007220696E20637573746F6D20736E6920E7
:1083E80063616C6C6261636B2E205761726E696E9B
:1083F8006720616C657274004572726F7220696ED5
:1084080020637573746F6D20736E692063616C6C83
:108418006261636B2E20466174616C20616C6572C9
:108428007400000053657276657220717569657411
:108438006C79206E6F742061636B696E6720736559
:10844800727665726E616D652E000000446F436C34
:1084580069656E7448656C6C6F000000436C6965F3
:108468006E7420747279696E6720746F20636F6E02
:108478006E6563742077697468206C6573736572C0
:108488002076657273696F6E00000000202020203E
:10849800646F776E67726164696E6720746F2054C9
:1084A8004C5376312E32000009446F776E67726143
:1084B80064696E6720746F2044544C5376312E32B1
:1084C8000000000009446F776E67726164696E6727
:1084D80020746F2044544C5376312E300000000035
:1084E800436C69656E742077616E747320746F20B5
:1084F800726573756D652073657373696F6E0000BF
:108508004E6F20636F6D7072657373696F6E207440
:108518007970657320696E206C69737400000000BF
:108528004D617463686564204E6F20436F6D70728F
:10853800657373696F6E00004D61746368656420CC
:108548007A6C696220436F6D7072657373696F6EC0
:1085580000000000436F756C64206F6E6C79206DAD
:1085680061746368206E6F20636F6D7072657373DA
:10857800696F6E2C207475726E696E67206F6666FF
:1085880000000000436F756C64206E6F74206D618D
:1085980074636820636F6D7072657373696F6E00C2
:1085A800436C69656E7420617474656D7074696E6E
:1085B8006720746F20636F6E6E65637420776974CB
:1085C80068206869676865722076657273696F6E7E
:1085D8000000000073736C2D3E6F7074696F6E73CA
:1085E8002E726573756D696E672025640000000042
:1085F800446F48616E645368616B654D7367547965
:1086080070650000496E636F6D706C657465204419
:108618006174610053616E69747920436865636BA6
:10862800206F6E2068616E647368616B65206D658C
:108638007373616765207479706520726563656915
:10864800766564206661696C6564000048616E64E3
:108658005368616B65206D6573736167652061663A
:108668007465722068616E647368616B6520636FFE
:108678006D706C657465000046697273742073656B
:1086880072766572206D657373616765206E6F74AD
:10869800207365727665722068656C6C6F206F72E6
:1086A8002068656C6C6F2072657175657374000065
:1086B8005365727665722068656C6C6F20646F6EA6
:1086C80065207265636569766564206265666F72A8
:1086D80065207365727665722068656C6C6F2069B9
:1086E8006E2044544C530000466972737420636CC6
:1086F80069656E74206D657373616765206E6F744C
:1087080020636C69656E742068656C6C6F0000008E
:10871800496E636F6D706C6574652068616E647313
:1087280068616B6520686173686573004E6F7420BB
:10873800726573756D696E672061732074686F75F3
:108748006768740070726F63657373696E67206819
:10875800656C6C6F2072657175657374000000003C
:1087680070726F63657373696E672068656C6C6F90
:108778002076657269667920726571756573740013
:1087880070726F63657373696E672073657276655F
:10879800722068656C6C6F0070726F6365737369C3
:1087A8006E672063657274696669636174652072B7
:1087B800657175657374000070726F6365737369B2
:1087C8006E6720736572766572206B6579206578AF
:1087D8006368616E6765000070726F6365737369C3
:1087E8006E67206365727469666963617465000009
:1087F80070726F63657373696E67206365727469FD
:108808006669636174652073746174757300000030
:1088180070726F63657373696E67207365727665CE
:10882800722068656C6C6F20646F6E6500000000D4
:1088380070726F63657373696E672066696E6973BA
:108848006865640070726F63657373696E6720632F
:108858006C69656E742068656C6C6F0070726F630C
:10886800657373696E6720636C69656E74206B65E8
:10887800792065786368616E67650000556E6B6E78
:108888006F776E2068616E647368616B65206D65D3
:108898007373616765207479706500004578747238
:1088A80061206461746120696E2068616E64736818
:1088B800616B65206D65737361676500446F48611E
:1088C8006E645368616B654D7367547970652829C8
:1088D80000000000446F48616E645368616B654D29
:1088E8007367000048616E647368616B65206D652D
:1088F800737361676520746F6F206C6172676500C0
:10890800446F48616E645368616B654D73672829CD
:108918000000000050726F636573735265706C7964
:1089280020726574727920696E206572726F722088
:1089380073746174652C206E6F7420616C6C6F7732
:1089480065640000526574727953656E64416C65A4
:108958007274206661696C65642C20676976696E3B
:10896800672075702E20657272203D2025640000F6
:10897800456E6372797074656420646174612074F3
:108988006F6F206C6F6E6700446563727970742036
:108998006661696C65640000506C61696E74657825
:1089A8007420746F6F206C6F6E670000726563656A
:1089B80069766564207265636F7264206C6179659D
:1089C80072206D7367000000676F742048414E4441
:1089D8005348414B45000000676F74204348414E9F
:1089E80047452043495048455220535045430000CD
:1089F8004368616E6765436970686572206D736767
:108A080020746F6F2073686F727400004368616E22
:108A18006765436970686572206D73672077726F48
:108A28006E672076616C7565000000004D616C69A9
:108A380063696F7573206F7220636F7272757074DB
:108A48006564204368616E67654369706865722074
:108A58006D736700676F74206170702044415441E2
:108A6800000000004E6F204B657955706461746595
:108A78002066726F6D2070656572207365656E0083
:108A8800676F7420414C4552542100004D6F726548
:108A9800206D6573736167657320696E2072656305
:108AA8006F7264000942756666657220616476615A
:108AB8006E636564206E6F7420656E6F75676820DD
:108AC8006572726F720000004D6F72652072656387
:108AD8006F72647320696E20696E7075740000008F
:108AE8004261642070726F6365737320696E70757C
:108AF800742073746174652C2070726F6772616D75
:108B08006D696E67206572726F72000052656365E9
:108B18006976654461746100526563656976654488
:108B280061746120737A206F766572666C6F770066
:108B3800557365722063616C6C696E6720776F6C22
:108B48006653534C5F7265616420696E206572726A
:108B58006F722073746174652C206E6F7420616C61
:108B68006C6F77656400000048616E647368616BC0
:108B780065206E6F7420636F6D706C6574652C2052
:108B8800747279696E6720746F2066696E6973689C
:108B9800000000005A65726F2072657475726E2C41
:108BA800206E6F206D6F7265206461746120636F41
:108BB8006D696E670000000050656572207265730C
:108BC8006574206F7220636C6F7365642C20636F0B
:108BD8006E6E656374696F6E20646F6E6500000069
:108BE800476F742048616E647368616B65204D65DA
:108BF800737361676520696E204150502064617409
:108C08006100000052656365697665446174612896
:108C18002900000053656E64436572746966696370
:108C2800617465004E6F742073656E64696E6720A9
:108C38006365727469666963617465206D73672E14
:108C4800205573696E672050534B206F7220414E38
:108C58004F4E206369706865722E000053656E641C
:108C68002043657274206D697373696E672063654C
:108C78007274696669636174652062756666657297
:108C88000000000053656E642043657274206261C1
:108C98006420696E707574537A00000053656E64C1
:108CA8004461746120737A206F766572666C6F77A1
:108CB800000000004E6F7420616C6C6F77696E67FE
:108CC80020777269746520616674657220646563D3
:108CD80072797074206F72206D6163206572726F93
:108CE800720000007365727665722073656E646940
:108CF8006E672064617461206265666F72652072B8
:108D08006563656976696E6720636C69656E742052
:108D180066696E69736865640000000068616E6466
:108D28007368616B65206E6F7420636F6D706C651E
:108D380074652C20747279696E6720746F20666977
:108D48006E697368000000006F7574707574206236
:108D58007566666572207761732066756C6C2C2069
:108D6800747279696E6720746F2073656E64206110
:108D78006761696E0000000073656E742077726920
:108D880074652062756666657265642064617461E5
:108D9800000000006572726F723A2077726974651C
:108DA80028292061667465722057414E545F5752D6
:108DB80049544520776974682073686F727420730A
:108DC800697A65005061727469616C2057726974C0
:108DD80065206F6E2C206F6E6C792073656E6469E8
:108DE8006E67206F6E65207265636F7264000000A5
:108DF80053656E6448616E647368616B654D736733
:108E08000000000043616E277420757365206F753C
:108E1800747075742062756666657220666F72205C
:108E2800696E70757420696E2053656E6448616E52
:108E3800647368616B654D736700000053656E6409
:108E48005365727665724B657945786368616E67BC
:108E5800650000005573696E672053746174696317
:108E680020454344482C206E6F742073656E6469F6
:108E78006E67205365727665724B657945786368CD
:108E8800616E6765000000005573696E6720657044
:108E980068656D6572616C204543444800000000B8
:108EA80053657443697068657253706563732829E4
:108EB80020636C69656E742068617320616E20752B
:108EC8006E757361626C6520737569746500000066
:108ED800556E737570706F7274656420636970681D
:108EE80065722073756974652C20536574436970C5
:108EF80068657253706563732043686143686100F5
:108F0800556E737570706F727465642063697068EC
:108F180065722073756974652C2053657443697094
:108F28006865725370656373204543430000000011
:108F3800556E737570706F727465642063697068BC
:108F480065722073756974652C2053657443697064
:108F5800686572537065637300000000416573496A
:108F68006E6974206661696C656420696E2053655A
:108F7800744B6579730000000953534C5F4F505F81
:108F8800414C4C000953534C5F4F505F434F4F4B7C
:108F980049455F45584348414E4745203A206F6E42
:108FA8002062792064656661756C740009574F4CBE
:108FB8004653534C5F4F505F4E4F5F53534C76327E
:108FC800203A20776F6C6653534C20646F6573208A
:108FD8006E6F7420737570706F72742053534C7673
:108FE800320000000953534C5F4F505F4E4F5F549F
:108FF8004C5376315F3200000953534C5F4F505F3A
:109008004E4F5F544C5376315F3100000953534C37
:109018005F4F505F4E4F5F544C5376310000000055
:109028000953534C5F4F505F4E4F5F53534C763349
:109038000000000009574F4C4653534C5F4F505F98
:109048004349504845525F5345525645525F505226
:1090580045464552454E43450000000053534C5F7A
:109068004F505F4E4F5F434F4D5052455353494FFA
:109078004E3A20636F6D7072657373696F6E206E00
:109088006F7420636F6D70696C656420696E000091
:10909800776F6C6653534C5F777269746500000094
:1090A800776F6C6653534C5F726561645F696E7469
:1090B80065726E616C000000776F6C6653534C5F8D
:1090C800436572744D616E616765724672656500CD
:1090D800776F6C6653534C5F436572744D616E6174
:1090E8006765724E6577000068656170207061720F
:1090F800616D206973206E756C6C00006865617025
:1091080020706172616D203D2025700044594E41E8
:109118004D49435F545950455F434552545F4D4153
:109128004E4147455220416C6C6F636174696E67AC
:10913800203D20256420627974657300584D414CA8
:109148004C4F43206661696C656420746F20616CC4
:109158006C6F6361746520574F4C4653534C5F43A3
:109168004552545F4D414E41474552202564206287
:10917800797465732E000000426164206D75746512
:109188007820696E69740000696E707574206F725A
:10919800206F757470757420617265206E756C6CC3
:1091A800206F722073616D6500000000536574754F
:1091B8007053657373696F6E00000000776F6C669B
:1091C80053534C5F4E657753657373696F6E000038
:1091D800776F6C6653534C5F46726565536573735E
:1091E800696F6E00776F6C6653534C5F46726565A6
:1091F80053657373696F6E2066756C6C2066726553
:1092080065000000776F6C6653534C5F53455353AA
:10921800494F4E5F64757000776F6C6653534C5FAF
:109228004354585F6672656500000000776F6C668E
:1092380053534C5F6E657700776F6C6653534C5F82
:109248006E657720637478206973206E756C6C0086
:1092580073736C20786D616C6C6F63206661696CE8
:10926800656420746F20616C6C6F63617465202580
:109278006420627974657300776F6C6653534C5F32
:109288006E6577206661696C656420647572696EC5
:109298006720496E697453534C2E20657272203DC5
:1092A80020256400776F6C6653534C5F6E6577209A
:1092B800496E697453534C20737563636573730007
:1092C8005741524E494E473A20776F6C6653534C7C
:1092D8005F6E657720756E65787065637465642068
:1092E800496E697453534C2072657475726E20769A
:1092F800616C7565203D202564000000776F6C6601
:1093080053534C5F6E657720496E697453534C20F4
:109318003D000000776F6C6653534C5F667265655D
:1093280000000000467265652053534C3A202570B2
:1093380000000000467265652053534C3A20776F51
:109348006C6653534C5F6672656520616C7265612B
:109358006479206E756C6C00776F6C6653534C5F44
:109368007265616400000000776F6C6653534C5F50
:109378006765745F6572726F7200000041646469AA
:109388006E67206120434100095061727365642053
:109398006E65772043410000094341205253412024
:1093A8006B65792073697A65206572726F72000047
:1093B80009434120454343206B65792073697A65E9
:1093C800206572726F720000094E6F206B657920FC
:1093D80073697A6520636865636B20646F6E6520C6
:1093E8006F6E2043410000000943616E27742061BD
:1093F8006464206173204341206966206E6F742085
:1094080061637475616C6C79206F6E650000000093
:1094180009446F65736E27742068617665206B65F3
:10942800792075736167652063657274696669631D
:10943800617465207369676E696E670009416C72B3
:109448006561647920686176652074686973204372
:10945800412C206E6F7420616464696E67206167B7
:1094680061696E00094341204D75746578204C6F21
:10947800636B206661696C6564000000094672656B
:1094880065696E672050617273656420434100000E
:109498000946726565696E672064657220434100FC
:1094A80009094F4B2046726565696E6720646572CD
:1094B800204341004164644341000000776F6C66BB
:1094C80053534C5F4354585F7365745F7665726994
:1094D80066790000544C5320312E32206F72206C74
:1094E8006F77657200000000776F6C6653534C5FAE
:1094F800636F6E6E65637400636F6E6E6563742070
:1095080073746174653A20416476616E63656420A2
:1095180066726F6D206C6173742062756666657221
:10952800656420667261676D656E742073656E642C
:1095380000000000636F6E6E65637420737461745D
:10954800653A204E6F7420616476616E6365642CA1
:10955800206D6F726520667261676D656E74732029
:10956800746F2073656E6400636F6E6E656374203C
:1095780073746174653A20434C49454E545F4845BD
:109588004C4C4F5F53454E540000000053657276B3
:10959800657220737461746520757020746F206E15
:1095A80065656465642073746174652E000000004D
:1095B80050726F6772657373696E67207365727630
:1095C80065722073746174652E2E2E0050726F635D
:1095D8006573735265706C792E2E2E0050726F630E
:1095E8006573735265706C7920646F6E652E000028
:1095F800636F6E6E6563742073746174653A204896
:10960800454C4C4F5F414741494E0000636F6E6EB9
:109618006563742073746174653A2048454C4C4FF7
:109628005F414741494E5F5245504C590000000088
:10963800636F6E6E6563742073746174653A204657
:10964800495253545F5245504C595F444F4E450060
:10965800636F6E6E6563742073746174653A204637
:10966800495253545F5245504C595F4649525354DE
:109678000000000073656E743A20636C69656E744F
:10968800206B65792065786368616E676500000006
:10969800636F6E6E6563742073746174653A2046F7
:1096A800495253545F5245504C595F5345434F4EAE
:1096B80044000000536572766572206175746865B0
:1096C8006E7469636174696F6E20646964206E6F7B
:1096D800742068617070656E00000000636F6E6EC4
:1096E8006563742073746174653A20464952535413
:1096F8005F5245504C595F5448495244000000009D
:1097080073656E743A206368616E6765206369707B
:10971800686572207370656300000000636F6E6E89
:109728006563742073746174653A204649525354D2
:109738005F5245504C595F464F55525448000000FF
:1097480073656E743A2066696E69736865640000B3
:10975800636F6E6E6563742073746174653A204636
:10976800494E49534845445F444F4E450000000068
:10977800636F6E6E6563742073746174653A205309
:1097880045434F4E445F5245504C595F444F4E45F8
:109798000000000048616E645368616B6520446F87
:1097A8006E6520436220646F6E277420636F6E7449
:1097B800696E7565206572726F720000556E6B6E0A
:1097C8006F776E20636F6E6E656374207374617457
:1097D80065204552524F5200776F6C6653534C5F69
:1097E800616363657074000061636365707420650C
:1097F80072726F723A207365727665722063657251
:1098080074207265717569726564000061636365CF
:109818007074206572726F723A2073657276657221
:10982800206B657920726571756972656400000046
:109838006163636570742073746174653A20416470
:1098480076616E6365642066726F6D206C617374F7
:1098580020627566666572656420667261676D650B
:109868006E742073656E6400616363657074207341
:10987800746174653A204E6F7420616476616E631A
:1098880065642C206D6F726520667261676D656E08
:10989800747320746F2073656E6400006163636580
:1098A8007074207374617465204143434550545F5C
:1098B800434C49454E545F48454C4C4F5F444F4ECE
:1098C800450000006163636570742073746174659A
:1098D800204143434550545F46495253545F5245D3
:1098E800504C595F444F4E4500000000616363656A
:1098F8007074207374617465205345525645525FE5
:1099080048454C4C4F5F53454E54000061636365B6
:10991800707420737461746520434552545F5345D5
:109928004E540000616363657074207374617465DC
:1099380020434552545F5354415455535F53454E49
:10994800540000006163636570742073746174650A
:10995800204B45595F45584348414E47455F53455D
:109968004E5400006163636570742073746174659C
:1099780020434552545F5245515F53454E540000B1
:109988006163636570742073746174652053455214
:109998005645525F48454C4C4F5F444F4E4500007A
:1099A800616363657074207374617465202041433A
:1099B800434550545F5345434F4E445F5245504CC6
:1099C800595F444F4E4500006163636570742073AE
:1099D8007461746520205449434B45545F53454E88
:1099E80054000000436C69656E7420617574686585
:1099F8006E7469636174696F6E20646964206E6F48
:109A0800742068617070656E0000000061636365B2
:109A1800707420737461746520204348414E474533
:109A28005F4349504845525F53454E54000000007B
:109A38006163636570742073746174652041434386
:109A48004550545F46494E49534845445F444F4E3C
:109A58004500000061636365707420737461746508
:109A6800204143434550545F54484952445F52454E
:109A7800504C595F444F4E4500000000556E6B6EC8
:109A88006F776E20616363657074207374617465A9
:109A9800204552524F520000776F6C6653534C5F0B
:109AA8006E65676F7469617465000000776F6C6636
:109AB80053534C5F436C65616E757000426164205E
:109AC8004C6F636B204D7574657820636F756E7489
:109AD800000000004572726F722077697468207701
:109AE8006F6C6643727970745F436C65616E7570F4
:109AF8002063616C6C000000776F6C6653534C5F99
:109B0800496E69740000000042616420496E6974FE
:109B1800204D7574657820636F756E7400000000C1
:109B280042616420776F6C66437279707420496E65
:109B38006974000042616420496E6974204D75742F
:109B4800657820726E670000776F6C6653534C5FC0
:109B58004354585F6E65775F65780000776F6C6671
:109B680053534C5F496E6974206661696C65640083
:109B7800496E697420435458206661696C656400B5
:109B8800416C6C6F6320435458206661696C65644E
:109B98002C206D6574686F642066726565640000CA
:109BA8004E756C6C2066756E6374696F6E20617299
:109BB80067000000556E6C6F6164696E67206365AD
:109BC80072740000556E6C6F6164696E672063651E
:109BD800727420636861696E00000000556E6C6FD6
:109BE8006164696E67206B6579000000776F6C6649
:109BF80053534C5F7365745F6F7074696F6E730055
:109C080044697361626C696E6720544C5320312E2D
:109C18003300000044697361626C696E6720544CBC
:109C28005320312E3200000044697361626C696E02
:109C38006720544C5320312E310000004469736171
:109C4800626C696E6720544C5320312E300000003E
:109C5800776F6C6653534C5F6765745F6F70746998
:109C68006F6E7300776F6C6653534C5F583530399D
:109C78005F53544F52455F4354585F6E65775F6535
:109C880078000000776F6C6653534C5F5835303955
:109C98005F53544F52455F4354585F667265650081
:109CA800544C535820536967416C676F206C697333
:109CB800742065786365656473206D61782C207401
:109CC80072756E636174696E670000002323232038
:109CD800544C53582073656D6170686F72652063CA
:109CE8006F6C6C6973696F6E206F72206F76657226
:109CF800666C6F7720646574656374656421000021
:109D0800534E4920657874656E73696F6E20746F61
:109D180020777269746500005472757374656420E5
:109D2800434120496E6469636174696F6E20657888
:109D380074656E73696F6E20746F207772697465CD
:109D4800000000004D617820467261676D656E7491
:109D5800204C656E67746820657874656E73696FEA
:109D68006E20746F20777269746500004578746599
:109D78006E646564204D6173746572205365637207
:109D8800657400005472756E636174656420484D93
:109D9800414320657874656E73696F6E20746F2017
:109DA8007772697465000000537570706F7274651E
:109DB800642047726F75707320657874656E736977
:109DC8006F6E20746F20777269746500506F696ECA
:109DD8007420466F726D61747320657874656E7354
:109DE800696F6E20746F20777269746500000000D7
:109DF800436572746966696361746520537461743C
:109E08007573205265717565737420657874656E15
:109E180073696F6E20746F20777269746500000033
:109E2800436572746966696361746520537461740B
:109E38007573205265717565737420763220657864
:109E480074656E73696F6E20746F207772697465BC
:109E5800000000005365637572652052656E656782
:109E68006F74696174696F6E20657874656E736963
:109E78006F6E20746F207772697465005365737311
:109E8800696F6E205469636B657420657874656EBC
:109E980073696F6E20746F207772697465000000B3
:109EA800414C504E20657874656E73696F6E2074EE
:109EB8006F207772697465005369676E6174757293
:109EC8006520416C676F726974686D73206578747A
:109ED800656E73696F6E20746F20777269746500A0
:109EE8004B657920536861726520657874656E7377
:109EF800696F6E20746F20777269746500000000C6
:109F0800537570706F727465642056657273696FEB
:109F18006E7320657874656E73696F6E20746F2038
:109F280077726974650000004661696C6564207425
:109F38006F20616C6C6F63617465202564206279A1
:109F48007465732C2073736C2D3E686561703A20BC
:109F58002570000045636354656D704B6579204D2D
:109F6800656D6F7279206572726F72210000000052
:109F78004B65792064617461204D656D6F7279203D
:109F88006572726F72000000506565724563634BBD
:109F98006579204D656D6F7279206572726F7200F8
:109FA800556E65787065637465642073656E646565
:109FB800722076616C756500534E4920657874652A
:109FC8006E73696F6E2066726565000054727573F2
:109FD80074656420434120496E6469636174696FE4
:109FE8006E20657874656E73696F6E20667265653C
:109FF800000000004D617820467261676D656E74DF
:10A00800204C656E67746820657874656E73696F37
:10A018006E20667265650000457874656E646564D7
:10A02800204D617374657220536563726574206690
:10A03800726565005472756E636174656420484D7D
:10A04800414320657874656E73696F6E206672652A
:10A0580065000000537570706F72746564204772F4
:10A068006F75707320657874656E73696F6E20669E
:10A0780072656500506F696E7420466F726D617409
:10A088007320657874656E73696F6E206672656596
:10A098000000000043657274696669636174652035
:10A0A8005374617475732052657175657374206596
:10A0B8007874656E73696F6E20667265650000005E
:10A0C8004365727469666963617465205374617469
:10A0D80075732052657175657374207632206578C2
:10A0E80074656E73696F6E206672656500000000A6
:10A0F8005365637572652052656E65676F74696133
:10A1080074696F6E20657874656E73696F6E20660A
:10A118007265650053657373696F6E205469636B6C
:10A12800657420657874656E73696F6E20667265F4
:10A1380065000000414C504E20657874656E736967
:10A148006F6E2066726565005369676E617475721B
:10A158006520416C676F726974686D7320657874E7
:10A16800656E73696F6E20746F2066726565000096
:10A178004B657920536861726520657874656E73E4
:10A18800696F6E2066726565000000005375707017
:10A198006F727465642056657273696F6E7320659B
:10A1A8007874656E73696F6E20667265650000006D
:10A1B8005369676E617475726520416C676F726967
:10A1C80074686D7320657874656E73696F6E206648
:10A1D80072656500466F7263696E672053534C2041
:10A1E8006F626A65637420746F2073746F72652080
:10A1F800534E4920706172616D657465720000008C
:10A20800466F7263696E672073746F726167652049
:10A218006F6620534E492C2046616B65206D617432
:10A2280063680000534E4920646964206D6174635B
:10A238006821000066616B6520534E49206D61748A
:10A2480063682066726F6D20414E535745525F4FC9
:10A258004E5F4D49534D415443480000436F756C60
:10A2680064206E6F742066696E6420737570706FF9
:10A27800727465642067726F757073206578746591
:10A288006E73696F6E000000416464696E672073C5
:10A2980069676E617475726520616C676F72697445
:10A2A800686D7320657874656E73696F6E00000061
:10A2B800416464696E6720737570706F7274656449
:10A2C8002076657273696F6E7320657874656E7336
:10A2D800696F6E00416464696E67207369676E61B7
:10A2E8007475726520616C676F726974686D73202C
:10A2F8006365727420657874656E73696F6E0000AB
:10A30800454D5320657874656E73696F6E20746F60
:10A318002077726974650000537570706F72746588
:10A32800642056657273696F6E7320657874656E04
:10A3380073696F6E207265636569766564000000F5
:10A348004D696E696D756D20544C53582053697A68
:10A358006520526571756972656D656E74206E6FE2
:10A36800742053617469736669656400534E4920AB
:10A37800657874656E73696F6E207265636569765A
:10A3880065640000547275737465642043412065E8
:10A398007874656E73696F6E20726563656976653A
:10A3A800640000004D617820467261676D656E74C7
:10A3B800204C656E67746820657874656E73696F84
:10A3C8006E20726563656976656400005472756E07
:10A3D800636174656420484D414320657874656EF7
:10A3E80073696F6E20726563656976656400000045
:10A3F800537570706F727465642047726F757073EF
:10A4080020657874656E73696F6E2072656365691F
:10A4180076656400506F696E7420466F726D617462
:10A428007320657874656E73696F6E2072656365F5
:10A438006976656400000000436572746966696343
:10A448006174652053746174757320526571756504
:10A45800737420657874656E73696F6E20726563B6
:10A4680065697665640000004365727469666963AE
:10A4780061746520537461747573205265717565D4
:10A48800737420763220657874656E73696F6E20F8
:10A4980072656365697665640000000045787465D7
:10A4A8006E646564204D61737465722053656372D0
:10A4B800657420657874656E73696F6E2072656364
:10A4C800656976656400000053656375726520529E
:10A4D800656E65676F74696174696F6E20657874FD
:10A4E800656E73696F6E2072656365697665640071
:10A4F80053657373696F6E205469636B6574206567
:10A508007874656E73696F6E2072656365697665C8
:10A5180064000000414C504E20657874656E736984
:10A528006F6E207265636569766564005369676E4E
:10A53800617475726520416C676F726974686D73B8
:10A5480020657874656E73696F6E207265636569DE
:10A5580076656400536B697070696E672053757017
:10A56800706F727465642056657273696F6E7320BC
:10A578002D20616C72656164792070726F636573F8
:10A58800736564004B65792053686172652065784E
:10A5980074656E73696F6E2072656365697665644C
:10A5A80000000000556E6B6E6F776E20544C532080
:10A5B800657874656E73696F6E20747970650000D4
:10A5C800544C5376315F335F636C69656E745F6DAD
:10A5D8006574686F645F657800000000436C6965A6
:10A5E8006E7448656C6C6F20726563656976656426
:10A5F800206F7574206F66206F72646572000000AA
:10A60800546F6F206D616E7920436C69656E744874
:10A61800656C6C6F2072656365697665640000001F
:10A6280053657276657248656C6C6F2072656365F8
:10A6380069766564206F7574206F66206F72646533
:10A64800720000004E657753657373696F6E5469C5
:10A65800636B6574207265636569766564206279E9
:10A6680020736572766572004E65775365737369FA
:10A678006F6E5469636B657420726563656976658E
:10A6880064206F7574206F66206F726465720000B5
:10A69800456E63727970746564457874656E736924
:10A6A8006F6E7320726563656976656420627920D0
:10A6B8007365727665720000456E637279707465B1
:10A6C80064457874656E73696F6E7320726563652F
:10A6D80069766564206F7574206F66206F72646593
:10A6E800720000004475706C696361746520456E82
:10A6F80063727970746564457874656E73696F6E9A
:10A7080073207265636569766564000043657274D9
:10A7180069666963617465207265636569766564F5
:10A72800206F7574206F66206F72646572202D200B
:10A73800436C69656E740000436572746966696389
:10A74800617465207265636569766564206F7574E8
:10A75800206F66206F72646572202D2053657276B3
:10A768006572000043657274696669636174655255
:10A7780065717565737420726563656976656420B3
:10A788006F7574206F66206F726465720000000038
:10A798004365727469666963617465566572696652
:10A7A80079207265636569766564206F7574206FBA
:10A7B80066206F72646572004365727469666963C6
:10A7C800617465566572696679206265666F72653F
:10A7D80020436C69656E7448656C6C6F20646F6E9D
:10A7E800650000004E6F2043657274206265666FD5
:10A7F800726520436572746966696361746556653C
:10A80800726966790000000046696E69736865645C
:10A81800207265636569766564206F7574206F665C
:10A82800206F72646572202D20636C69656E7453A5
:10A83800746174650000000046696E697368656438
:10A84800207265636569766564206F7574206F662C
:10A85800206F72646572202D20736572766572535D
:10A86800746174650000000046696E697368656408
:10A87800207265636569766564206F7574206F66FC
:10A88800206F72646572202D206D697373696E671D
:10A89800204365727469666963617465206D6573C8
:10A8A800736167650000000046696E6973686564D6
:10A8B800207265636569766564206F7574206F66BC
:10A8C800206F72646572202D206E6F2076616C692E
:10A8D8006420636572746966696361746500000069
:10A8E80046696E6973686564207265636569766533
:10A8F80064206F7574206F66206F72646572202DF6
:10A90800204365727469666963617465206D657357
:10A918007361676520627574206E6F204365727479
:10A9280069666963617465566572696679000000D5
:10A938004E6F204B65795570646174652062656659
:10A948006F72652046696E6973686564000000006F
:10A95800446F546C7331334E657753657373696F05
:10A968006E5469636B657400456E637279707454D4
:10A978006C73313300000000446F546C73313345FD
:10A988006E63727970746564457874656E73696F07
:10A998006E730000446F546C73313343657274698D
:10A9A800666963617465526571756573740000004A
:10A9B800446F546C733133436572746966696361BB
:10A9C8007465000044657269766520436C69656E3C
:10A9D800742048616E647368616B652053656372A7
:10A9E8006574000044657269766520536572766502
:10A9F800722048616E647368616B65205365637289
:10AA08006574000044657269766520436C69656EFB
:10AA18007420547261666669632053656372657455
:10AA2800000000004465726976652053657276659A
:10AA38007220547261666669632053656372657437
:10AA480000000000446572697665204E65772041F4
:10AA580070706C69636174696F6E205472616666A8
:10AA68006963205365637265740000004465726908
:10AA780076652046696E69736865642053656372FC
:10AA880065740000446572697665204561726C7969
:10AA98002053656372657400446572697665204861
:10AAA800616E647368616B652053656372657400D9
:10AAB800446572697665204D6173746572205365CB
:10AAC800637265740000000044657269766520430E
:10AAD8006C69656E74204B65790000004465726985
:10AAE800766520536572766572204B6579000000A3
:10AAF80044657269766520436C69656E74204956B1
:10AB080000000000446572697665205365727665B9
:10AB180072204956000000004465637279707454CD
:10AB28006C733133000000004275696C64546C73B7
:10AB380031334D6573736167650000004275696C58
:10AB480064546C7331334D6573736167652077693D
:10AB580074682073697A654F6E6C7920646F6573C9
:10AB68006E2774206E65656420696E707574206F39
:10AB780072206F75747075740000000053656E6400
:10AB8800546C7331334365727469666963617465C3
:10AB98000000000053656E64546C73313346696E6F
:10ABA800697368656400000053656E64546C7331A2
:10ABB80033456E63727970746564457874656E7335
:10ABC800696F6E730000000053656E64546C7331D6
:10ABD800334365727469666963617465526571753A
:10ABE8006573740053656E64546C733133436C69D8
:10ABF800656E7448656C6C6F0000000042616420EB
:10AC080073756974657320706F696E7465722069F5
:10AC18006E2053656E64546C733133436C69656E92
:10AC28007448656C6C6F0000446F546C7331335317
:10AC3800657276657248656C6C6F000048656C6C6F
:10AC48006F52657472795265717565737420666F99
:10AC5800726D617400000000526563656976656411
:10AC68002048656C6C6F52657472795265717565B0
:10AC7800737420616674657220612048656C6C6F1E
:10AC8800566572696679526571756573740000005E
:10AC98004D757374206265206E6F20636F6D7072DE
:10ACA800657373696F6E20747970657320696E209F
:10ACB8006C697374000000005365727665722074C5
:10ACC8007279696E6720746F20646F776E6772613E
:10ACD800646520746F2076657273696F6E206C6589
:10ACE8007373207468616E20544C532076312E3370
:10ACF800000000005365727665722073656E7420DB
:10AD0800646966666572656E742073657373696FCE
:10AD18006E206964000000005365727665722073C6
:10AD2800656E74206E6F6E2D544C533133206369F9
:10AD38007068657220737569746520696E20544C5B
:10AD48005320312E33207061636B6574000000005E
:10AD5800436970686572207375697465206E6F74D5
:10AD680020737570706F72746564206F6E20636CE9
:10AD780069656E7400000000446F546C733133438E
:10AD88006C69656E7448656C6C6F00004C65676132
:10AD980063792076657273696F6E206669656C6485
:10ADA80020636F6E7461696E7320756E7375707051
:10ADB8006F727465642076616C756500436C6965B3
:10ADC8006E7420747279696E6720746F20636F6E79
:10ADD8006E6563742077697468206C657373657237
:10ADE8002076657273696F6E207468616E20544CAA
:10ADF800532076312E3300004D7573742062652020
:10AE08006F6E6520636F6D7072657373696F6E2006
:10AE18007479706520696E206C6973740000000095
:10AE28004D757374206265206E6F20636F6D70724C
:10AE3800657373696F6E207479706520696E206C14
:10AE480069737400436C69656E7420646964206E6C
:10AE58006F742073656E642061204B657953686157
:10AE6800726520657874656E73696F6E0000000006
:10AE7800436C69656E7420646964206E6F74207316
:10AE8800656E642061205369676E617475726541EF
:10AE98006C676F726974686D7320657874656E731A
:10AEA800696F6E00556E737570706F72746564208B
:10AEB8006369706865722073756974652C20436CCA
:10AEC80069656E7448656C6C6F20312E3300000024
:10AED8004E65676F7469617465642063697068653D
:10AEE8007273756974652066726F6D206C65737313
:10AEF80065722076657273696F6E207468616E2062
:10AF0800544C532076312E330000000053656E6494
:10AF1800546C73313353657276657248656C6C6F27
:10AF280000000000776F6C6653534C2053656E64C5
:10AF3800696E672048656C6C6F52657472795265EA
:10AF48007175657374000000544C5320312E332CF6
:10AF580020736572766572204365727469666963E9
:10AF6800617465566572696679000000544C532017
:10AF7800312E332C20636C69656E742043657274BE
:10AF8800696669636174655665726966790000006F
:10AF9800446F546C733133436572746966696361D5
:10AFA80074655665726966790000000050656572BF
:10AFB8002073656E74204543432073696700000061
:10AFC800506565722073656E7420504B435323316E
:10AFD8002E3520616C676F202D206E6F742076618E
:10AFE8006C696420544C5320312E330050656572CF
:10AFF8002073656E74205253412073696700000006
:10B0080053696720616C676F20646F65736E27747E
:10B0180020636F72726573706F6E6420746F206343
:10B02800657274696669636174650000446F696E6E
:10B0380067205253412070656572206365727420E1
:10B048007665726966790000446F696E67204543CA
:10B058004320706565722063657274207665726935
:10B068006679000053656E64546C733133436572BE
:10B07800746966696361746556657269667900000A
:10B08800446F546C73313346696E69736865640044
:10B0980053656E64546C7331334B657955706461D4
:10B0A80074650000446F546C7331334B6579557087
:10B0B8006461746500000000446F546C7331334858
:10B0C800616E645368616B654D7367547970650090
:10B0D800466972737420736572766572206D657344
:10B0E80073616765206E6F74207365727665722070
:10B0F80068656C6C6F00000070726F6365737369CC
:10B108006E6720656E637279707465642065787403
:10B11800656E73696F6E730070726F6365737369C0
:10B128006E67206E65772073657373696F6E207420
:10B1380069636B657400000070726F63657373698F
:10B148006E672063657274696669636174652076E9
:10B15800657269667900000070726F636573736960
:10B168006E67206B657920757064617465000000F6
:10B17800446F546C73313348616E645368616B6516
:10B188004D7367547970652829000000446F546C2A
:10B1980073313348616E645368616B654D73670042
:10B1A800776F6C6653534C5F636F6E6E6563745F45
:10B1B800544C537631330000544C5376313320636A
:10B1C8006F6E6E6563742073746174653A20434CC6
:10B1D80049454E545F48454C4C4F5F53454E5400CB
:10B1E800436C69656E74207573696E67206869675A
:10B1F8006865722076657273696F6E2C206661745B
:10B20800616C206572726F720000000073656E7465
:10B218003A20636572746966696361746500000049
:10B2280073656E743A2063657274696669636174E4
:10B23800652076657269667900000000776F6C6634
:10B2480053534C5F6163636570745F544C5376313C
:10B258003300000061636365707420737461746502
:10B26800204143434550545F48454C4C4F5F52453D
:10B278005452595F524551554553545F444F4E45BA
:10B288000000000061636365707420737461746505
:10B29800204143434550545F5345434F4E445F520A
:10B2A80045504C595F444F4E45000000616363654B
:10B2B8007074207374617465205345525645525F0B
:10B2C800455854454E53494F4E535F53454E5400CD
:10B2D80061636365707420737461746520434552BB
:10B2E800545F5645524946595F53454E5400000035
:10B2F80061636365707420737461746520414343AE
:10B308004550545F46494E49534845445F53454E5E
:10B318005400000061636365707420737461746520
:10B32800205449434B45545F53454E540000000098
:10B338004C774950206E6174697665207062756635
:10B34800206C697374206973206E756C6C206F7241
:10B35800206E6F7420656E6F756768206461746114
:10B368002C2077616E742072656164004E61746987
:10B378007665204C77495020726561642066756C4B
:10B388006C207062756600004C7749504E61746994
:10B3980076655265636569766500000047636D45AB
:10B3A8006E63727970742061757468546167537A3A
:10B3B80020746F6F20736D616C6C206572726F7290
:10B3C800000000005A65726F206C656E6774682013
:10B3D800494E5445474552206E6F7420616C6C6F1E
:10B3E800776564005A65726F206E6F74207265719C
:10B3F8007569726564206F6E20494E544547455201
:10B408000000000042616420494E544547455220DF
:10B41800656E636F64696E67206F66206E6567612D
:10B428007469766500000000494E5445474552202E
:10B438006973206E6567617469766500496E766127
:10B448006C69642063686172616374657220696EF7
:10B458002055544638535452494E470A00000000BC
:10B468004D697373696E672063686172616374659F
:10B478007220696E2055544638535452494E470A33
:10B48800000000004F4944206C656E677468206CAA
:10B49800657373207468616E203300004F4944203F
:10B4A8006C617374206F63746574206861732074B1
:10B4B8006F70206269742073657400002F6A75725A
:10B4C800697364696374696F6E53543D00000000CA
:10B4D8002F6A7572697364696374696F6E433D009E
:10B4E8002F6661766F75726974654472696E6B3D1B
:10B4F800000000002F7266633832324D61696C6259
:10B508006F783D002F44433D000000002F5549440B
:10B518003D0000002F656D61696C4164647265735C
:10B52800733D0000556E6B6E6F776E2070696C6F9F
:10B5380074206174747269627574652074797065B9
:10B54800000000002B0601040182373C02010000C4
:10B55800556E6B6E6F776E204A7572697364696396
:10B5680074696F6E2C20736B697070696E67000068
:10B5780041534E204E616D6520746F6F206269677C
:10B588002C20736B697070696E6700004578636C76
:10B5980075646564206E616D652077617320666FE0
:10B5A800756E6421000000005065726D69747465E1
:10B5B80064206E616D6520776173206E6F742066FC
:10B5C8006F756E6421000000010204004368656322
:10B5D8006B4375727665206E6F7420666F756E6446
:10B5E800000000004861736820666F722053696725
:10B5F8006E61747572652068617320756E737570FD
:10B60800706F727465642074797065005365744155
:10B61800534E5F4974656D733A204661696C656481
:10B6280020746F207772697465206D705F696E741D
:10B63800000000004765744C656E677468202D2013
:10B6480062616420696E646578206F6E20696E702F
:10B65800757400004765744C656E677468202D200A
:10B668006F7665726C6F6E672064617461206C65BB
:10B678006E67746820737065630000004765744CDA
:10B68800656E677468202D20626164206C6F6E6738
:10B69800206C656E677468004765744C656E6774E6
:10B6A80068202D2076616C75652065786365656412
:10B6B8007320627566666572206C656E67746800D3
:10B6C80042756666657220746F6F20736D616C6C6D
:10B6D80020666F722041534E20746167000000009D
:10B6E8004465636F6465506F6C696379436F6E730B
:10B6F800747261696E747300096661696C3A2062DC
:10B7080061642053455155454E43450009666169BA
:10B718006C3A2062616420544147000009666169FF
:10B728006C3A20696E76616C696420544147000068
:10B73800096661696C3A20696E76616C6964206C8F
:10B74800656E677468000000096661696C3A207369
:10B758006B69702076616C756520746F6F20626903
:10B7680067000000096661696C3A206E6F20706F8F
:10B778006C69637920636F6E737420736B697020D2
:10B78800746F207265616400454343204F4944202B
:10B798006E6F7420666F756E640000004F49442018
:10B7A800436865636B204661696C6564000000004E
:10B7B8004465636F64654E7343657274547970654C
:10B7C80000000000476574416C676F496400000021
:10B7D8004465636F646542617369634361436F6E77
:10B7E80073747261696E74004465636F6465437253
:10B7F8006C446973740000000954686572652061BF
:10B808007265206D6F72652043524C2044697374D1
:10B818007269627574696F6E20506F696E742072F8
:10B8280065636F7264732C20627574207765206F6E
:10B838006E6C79207573652074686520666972730B
:10B8480074206F6E652E00004465636F64654175F2
:10B858007468496E666F00004465636F64654B6584
:10B8680079557361676500004465636F6465457861
:10B87800744B6579557361676500000009666169F5
:10B888006C3A2073686F756C642062652061205380
:10B89800455155454E434500746F6F206D616E7973
:10B8A800206E616D6520636F6E73747261696E746A
:10B8B80073000000525341205053533A206861737B
:10B8C80068206E6F74206D61746368696E67207399
:10B8D80069676E617475726520686173680000003D
:10B8E800525341205053533A204D4746206E6F74AF
:10B8F800206D61746368696E67207369676E61742F
:10B90800757265204D474600525341205053533AB3
:10B91800207369672073616C74206C656E67746846
:10B9280020746F6F20736D616C6C0000556E6B6EC8
:10B938006F776E206F72206E6F7420636F6D706901
:10B948006C656420696E206B6579204F494400005E
:10B95800096661696C3A20736571206C656E67745D
:10B96800680000000950757474696E672055524963
:10B9780020696E746F206C69737420627574206E10
:10B988006F74207573696E670000000009456D705B
:10B998007479206F72206D616C666F726D656420BA
:10B9A8005552490009416C74204E616D65206D75D2
:10B9B8007374206265206162736F6C7574652055BD
:10B9C8005249000009556E737570706F7274656422
:10B9D800206E616D6520747970652C20736B6970B9
:10B9E80070696E67000000004465636F6465416CB0
:10B9F800744E616D6573000009426164205365717E
:10BA080075656E636500000009546F6F206D616E87
:10BA180079207375626A65637420616C7465726EEF
:10BA28006174697665206E616D657300476574742D
:10BA3800696E672043657274204E616D6500000071
:10BA48004465636F6465417574684B657949640042
:10BA58004465636F64655375626A4B657949640030
:10BA6800437269746963616C20417574686F7269A7
:10BA7800747920496E666F726D6174696F6E2041CA
:10BA88006363657373206973206E6F74616C6C6F88
:10BA980077656400557365206D6163726F20574F39
:10BAA8004C4653534C5F414C4C4F575F435249549B
:10BAB8005F4149412069662077616E7465640000C2
:10BAC800437269746963616C2041757468204B65C1
:10BAD80079204944206973206E6F7420616C6C6F03
:10BAE80077656400557365206D6163726F20574FE9
:10BAF8004C4653534C5F414C4C4F575F435249544B
:10BB08005F414B49442069662077616E7465640023
:10BB1800437269746963616C205375626A65637402
:10BB2800204B6579204944206973206E6F74206129
:10BB38006C6C6F7765640000557365206D61637286
:10BB48006F20574F4C4653534C5F414C4C4F575FF7
:10BB5800435249545F534B49442069662077616ECC
:10BB6800746564004365727469666963617465200D
:10BB7800506F6C69637920657874656E73696F6E50
:10BB8800206E6F7420737570706F727465642E0008
:10BB98004E616D6520636F6E73747261696E747344
:10BBA80020616C6C6F776564206F6E6C7920666FAE
:10BBB800722043412063657274730000496E68699E
:10BBC80062697420616E79506F6C69637920657859
:10BBD80074656E73696F6E206E6F74207375707004
:10BBE8006F72746564207965742E00004465636F14
:10BBF800646543657274457874656E73696F6E73B6
:10BC080000000000556E6578706563746564206394
:10BC180065727469666963617465207665727369B3
:10BC28006F6E00004572726F722073657269616C85
:10BC3800206E756D626572206F6620302C207573DA
:10BC48006520574F4C4653534C5F4E4F5F41534E00
:10BC58005F5354524943542069662077616E746576
:10BC6800640000004572726F722073657269616CBE
:10BC78002073697A65206973207A65726F2E205364
:10BC8800686F756C64206265206174206C656173EF
:10BC980074206F6E65206576656E207769746820FC
:10BCA8006E6F2073657269616C206E756D62657266
:10BCB8002E00000009763120616E64207632206300
:10BCC80065727473206E6F7420616C6C6F77656435
:10BCD80020657874656E73696F6E7300436F6E6666
:10BCE80069726D5369676E61747572650000000052
:10BCF800566572696679205369676E6174757265F5
:10BD080020697320746F6F206269670041534E2069
:10BD18004B6579206465636F6465206572726F7224
:10BD2800205253410000000041534E204B657920BA
:10BD3800696D706F7274206572726F72204543432B
:10BD480000000000566572696679204B6579207499
:10BD580079706520756E6B6E6F776E005253412057
:10BD680053534C20766572696679206D61746368F7
:10BD780020656E636F6465206572726F72000000E3
:10BD880045434320566572696679206469646E2765
:10BD980074206D6174636800434120534B4944200B
:10BDA800646F65736E2774206D6174636820414BFE
:10BDB80049440000434120666F756E64000000002E
:10BDC800094E6F6E2D656E7469747920636572749F
:10BDD8002C206D6178506174684C656E2069732001
:10BDE80030000000096D6178506174684C656E2000
:10BDF8007374617475733A204552524F52000000B3
:10BE0800436F6E6669726D207369676E61747572CF
:10BE180065206661696C656400000000436F6E66AA
:10BE280069726D206E616D6520636F6E73747261E7
:10BE3800696E74206661696C656400004E6F20430A
:10BE480041207369676E657220746F207665726928
:10BE58006679207769746800446174652065727238
:10BE68006F723A20566572696679206F7074696FCF
:10BE78006E20697320736B697070696E67000000CB
:10BE88002F434E3D000000002F534E3D00000000A0
:10BE98002F73657269616C4E756D6265723D000045
:10BEA8002F433D002F4C3D002F53543D0000000010
:10BEB8002F7374726565743D000000002F4F3D00BC
:10BEC8002F4F553D000000002F627573696E657332
:10BED8007343617465676F72793D00002F706F73EB
:10BEE80074616C436F64653D000000002F757365D5
:10BEF8007269643D0000000077635F4368616368AE
:10BF0800615365744B657920756E616C69676E6500
:10BF180064206B65790000004448207120706172CC
:10BF2800616D65746572206E656564656420666F11
:10BF3800722046495053203138362D34206B6579AC
:10BF48002067656E65726174696F6E004448207081
:10BF58006172616D2073697A657320646F206E6FFA
:10BF680074206D61746368205350203830302D354B
:10BF7800364120726571756972656D656E747300FE
:10BF880044482070726976617465206B6579206F0A
:10BF980075747075742062756666657220746F6F4B
:10BFA80020736D616C6C00006D705F696E69745F01
:10BFB8006D756C7469206661696C65642E0000009B
:10BFC800496E76616C6964204445434C4152455F33
:10BFD80043555256455F535045435320636F756E22
:10BFE80074000000454343204375727665206E6FE8
:10BFF8007420666F756E640050726976617465208E
:10C008006B6579206C656E67746820697320677248
:10C018006561746572207468616E206F7264657200
:10C0280020696E20626974732E0000004543435FE7
:10C038004241445F4152475F4500000077635F65B6
:10C0480063635F69735F76616C69645F69647820B4
:10C058006661696C65640000414C4C4F435F435511
:10C068005256455F5350454353206661696C656479
:10C078000000000077635F6563635F6375727665D0
:10C088005F6C6F6164206661696C65640000000024
:10C0980077635F6563635F67656E5F6B2066616981
:10C0A8006C6564006563635F6D616B655F70756285
:10C0B8005F6578206661696C6564000045434320CC
:10C0C8007369676E20524E47206D697373696E6796
:10C0D800000000005665726966792063616C6C65C2
:10C0E8006420776974682070726976617465206B62
:10C0F80065792C2067656E65726174696E6720705A
:10C1080075626C696320706172740000556E6162BB
:10C118006C6520746F206578747261637420707523
:10C12800626C6963206B6579000000005075626C71
:10C138006963206B657920782F7920696E76616C48
:10C1480069642100534543503235365231000000AE
:10C158004646464646464646303030303030303126
:10C1680030303030303030303030303030303030C7
:10C178003030303030303030464646464646464607
:10C188004646464646464646464646464646464647
:10C1980000000000464646464646464630303030A7
:10C1A8003030303130303030303030303030303086
:10C1B800303030303030303030303030464646461F
:10C1C8004646464646464646464646464646464607
:10C1D800464646430000000035414336333544386F
:10C1E800414133413933453742334542424435357D
:10C1F80037363938383642433635314430364230AE
:10C20800434335334230463633424345334333455F
:10C218003237443236303442000000004646464643
:10C228004646464630303030303030304646464656
:10C2380046464646464646464646464642434536AE
:10C24800464141444137313739453834463342391C
:10C25800434143324643363332353531000000001E
:10C26800364231374431463245313243343234373D
:10C278004638424345364535363341343430463204
:10C28800373730333744383132444542333341301D
:10C298004634413133393435443839384332393604
:10C2A80000000000344645333432453246453141BA
:10C2B8003746394238454537454234413743304699
:10C2C80039453136324243453333353736423331D7
:10C2D8003545434543424236343036383337424693
:10C2E8003531463500000000496E69745368613283
:10C2F8003536206661696C656400000053686132F8
:10C308003536557064617465206661696C656400D2
:10C3180053686132353646696E616C206661696CB6
:10C32800656400005B25735D3A205B2573204C2013
:10C3380025645D2025730A005B25735D3A2025730B
:10C348000A0000005B2573204C2025645D202573BE
:10C358000A000000776F6C6653534C20456E746575
:10C3680072696E6720257300776F6C6653534C2093
:10C378004C656176696E672025732C20726574752B
:10C38800726E202564000000776F6C6653534C2052
:10C398006572726F72206F636375727265642C20A8
:10C3A8006572726F72203D2025640000524E475F0F
:10C3B8004845414C54485F544553545F43484543AE
:10C3C8004B5F53495A45203D2025640073697A65BF
:10C3D8006F662873656564425F6461746129202013
:10C3E800202020202020203D20256400524E475F39
:10C3F8004865616C746854657374206661696C651E
:10C40800643A20657272203D2025640052616E6492
:10C418006F6D20436F6E7374616E74436F6D7061DE
:10C428007265206661696C65643A20657272203DA8
:10C438002025640077635F524E475F4865616C74DE
:10C4480068546573744C6F63616C206661696C65D0
:10C458006420657272203D20256400005F496E6982
:10C4680074526E6720584D414C4C4F4320666169A9
:10C478006C656420746F20616C6C6F6361746520F7
:10C488002564206279746573000000005F496E6955
:10C4980074526E67206661696C65642E20657272DD
:10C4A800203D202564000000536565642067656EA3
:10C4B80065726174696F6E206661696C65642E2EA1
:10C4C8002E2025640000000077635F524E475F54BA
:10C4D80065737453656564206661696C65642E2EA6
:10C4E8002E20256400000000527361556E5061646F
:10C4F800206572726F722C20696E76616C69642097
:10C50800666F726D617474696E670000527361556D
:10C518006E506164206572726F722C2062616420B3
:10C52800666F726D617474696E6700005273615052
:10C538006164206572726F722C20696E76616C6915
:10C5480064206C656E67746800000000556E6B6E41
:10C558006F776E204D474620747970653A2063687E
:10C5680065636B206275696C64206F7074696F6EA7
:10C5780073000000527361556E5061645F505353ED
:10C588003A204861736820746F6F206C6172676528
:10C5980000000000527361556E5061645F50535340
:10C5A8003A2050616464696E67205465726D204555
:10C5B80072726F7200000000527361556E506164B0
:10C5C8005F5053533A2050616464696E6720457226
:10C5D800726F72204D617463680000005273615578
:10C5E8006E5061645F5053533A2050616464696EC1
:10C5F80067204572726F7220456E64004F41455046
:10C608002068617368207479706520706F7373692E
:10C61800626C79206E6F7420737570706F727465B8
:10C6280064206F72206C4861736820746F20736D8A
:10C63800616C6C004F4145502070616420657272D6
:10C648006F72206861736820746F20626967206662
:10C658006F7220525341206B65792073697A6500A7
:10C668004F41455020706164206572726F72206D71
:10C6780065737361676520746F6F206C6F6E6700F8
:10C688004E45575F4D505F494E545F53495A4520B8
:10C69800746D70206973204E554C4C2C2072657453
:10C6A80075726E204D454D4F52595F450000000090
:10C6B800494E49545F4D505F494E545F53495A455E
:10C6C800206661696C65642E000000006D705F650E
:10C6D8007870746D6F645F6E6374206661696C65F1
:10C6E800640000006D705F746F5F756E7369676ECC
:10C6F80065645F62696E5F6C656E5F63742E2E2E73
:10C70800000000006D705F746F5F756E7369676E0F
:10C7180065645F62696E5F6C656E5F6374206661F5
:10C72800696C656400000000776F6C6653534C2099
:10C738005573696E6720525341204F414550207010
:10C74800616464696E670000776F6C6653534C20B0
:10C758005573696E672052534120505353207061BE
:10C768006464696E67000000556E6B6E6F776E20AB
:10C7780052534120506164205479706500000000D4
:10C78800776F6C6653534C205573696E672052530C
:10C7980041204F41455020756E2D70616464696E6B
:10C7A80067000000776F6C6653534C205573696EB1
:10C7B80067205253412050535320756E2D70616489
:10C7C80064696E6700000000556E6B6E6F776E20AF
:10C7D80052534120556E50616420547970650000B1
:10C7E8005273615053535F436865636B506164646F
:10C7F800696E673A2050616464696E672045727299
:10C808006F72000077635F527361456E637279706F
:10C818007453697A65206661696C65642065727213
:10C82800203D2025640000004578706563746564C8
:10C83800207468617420696E4C656E206265206E94
:10C848006F206C6F6E67657220525341206B65795B
:10C85800206C656E677468004578706563746564FC
:10C868002074686174206F75744C656E2062652051
:10C878006E6F2073686F7274657220525341206B1B
:10C888006579206C656E6774680000004D505F56CE
:10C89800414C206973206576656E00005253415FF4
:10C8A80046554E4354494F4E204D505F45585054BD
:10C8B8004D4F445F453A206D656D6F72792F636FF8
:10C8C8006E6669672070726F626C656D00000000AB
:10C8D800776F6C6643727970745F436C65616E75CF
:10C8E80070000000776F6C6643727970745F496EF0
:10C8F800697400004877206372797074206D7574CC
:10C90800657820696E6974206661696C65640000E9
:10C91800494E4600696E66004E414E006E616E00DB
:10C92800303132333435363738396162636465669D
:10C93800000000003031323334353637383941425F
:10C948004344454600000000286E756C6C290000C1
:10C958004C435F434F4C4C41544500004C435F43AC
:10C9680054595045000000004C435F4D4F4E45540C
:10C97800415259004C435F4E554D455249430000C2
:10C988004C435F54494D45004C435F4D455353411B
:10C9980047455300496E66696E6974790000000066
:10C9A8004E614E0042616C6C6F6320737563636502
:10C9B80065646564000000002F566F6C756D6573C3
:10C9C8002F646174612F6A656E6B696E732F776F60
:10C9D800726B73706163652F474E552D746F6F6C62
:10C9E800636861696E2F61726D2D31342F737263C4
:10C9F8002F6E65776C69622D63796777696E2F6E24
:10CA080065776C69622F6C6962632F7374646C69F3
:10CA1800622F64746F612E63000000002F566F6CE4
:10CA2800756D65732F646174612F6A656E6B696ECD
:10CA3800732F776F726B73706163652F474E552D37
:10CA4800746F6F6C636861696E2F61726D2D31341C
:10CA58002F7372632F6E65776C69622D63796777C0
:10CA6800696E2F6E65776C69622F6C6962632F73CC
:10CA780074646C69622F6D707265632E63000000C8
:10CA88002C2066756E6374696F6E3A200000000092
:10CA9800617373657274696F6E2022257322206634
:10CAA80061696C65643A2066696C65202225732289
:10CAB8002C206C696E65202564257325730A000097
:10CAC8000000000001020304000000000000000054
:10CAD800010203040607080920060C00A81100201B
:10CAE800A41100200000000074CB040868CB0408DF
:10CAF8005CCB040850CB040844CB040838CB0408AA
:10CB08002CCB040820CB040814CB040810018000A7
:10CB180004A1002000A1002010000A000C29012017
:10CB28000829012010000400B4290120B02901209F
:10CB380018000F00FC290120F82901202000050019
:10CB48006C2B0120682B012010001000142C0120F0
:10CB5800102C01201C0002001C2D0120182D012082
:10CB68009C0005005C2D0120582D012020000A00A2
:10CB7800703001206C300120C8310120CC310120F7
:10CB8800C4310120C031012003060C183060780040
:10CB98000102030405060707070707070700000047
:10CBA800FA000000958A0008E8030000B560000854
:10CBB800E803000009500008E8030000B54A00082F
:10CBC8000000000000000000FFFFFFFFFFFF000063
:10CBD8006E6F5F6170706C69636174696F6E5F70AE
:10CBE800726F746F636F6C006365727469666963F2
:10CBF8006174655F72657175697265640000000033
:10CC0800756E6B6E6F776E5F70736B5F6964656E60
:10CC180074697479000000006261645F636572740E
:10CC2800696669636174655F7374617475735F7253
:10CC38006573706F6E736500756E7265636F676E8E
:10CC4800697A65645F6E616D65000000756E737565
:10CC580070706F727465645F657874656E73696F00
:10CC68006E0000006D697373696E675F657874653F
:10CC78006E73696F6E0000006E6F5F72656E656738
:10CC88006F74696174696F6E000000007573657276
:10CC98005F63616E63656C6564000000696E617056
:10CCA80070726F7072696174655F66616C6C6261E5
:10CCB800636B0000696E7465726E616C5F65727299
:10CCC8006F720000696E73756666696369656E7474
:10CCD8005F736563757269747900000070726F74B0
:10CCE8006F636F6C5F76657273696F6E000000002A
:10CCF800646563727970745F6572726F72000000A8
:10CD08006465636F64655F6572726F72000000002E
:10CD18006163636573735F64656E696564000000D1
:10CD2800756E6B6E6F776E5F63610000696C6C6522
:10CD380067616C5F706172616D6574657200000097
:10CD480063657274696669636174655F756E6B6E3D
:10CD58006F776E0063657274696669636174655F95
:10CD68006578706972656400636572746966696381
:10CD78006174655F7265766F6B656400756E737557
:10CD880070706F727465645F6365727469666963F5
:10CD9800617465006261645F636572746966696382
:10CDA800617465006E6F5F6365727469666963615B
:10CDB8007465000068616E647368616B655F6661C5
:10CDC800696C7572650000006465636F6D707265EB
:10CDD8007373696F6E5F6661696C757265000000D8
:10CDE8007265636F72645F6F766572666C6F7700E9
:10CDF8006261645F7265636F72645F6D6163000096
:10CE0800756E65787065637465645F6D657373616D
:10CE180067650000636C6F73655F6E6F7469667930
:10CE280000000000444F574E475244005352565298
:10CE380000000000434C4E5400000000170018008A
:10CE480019000001000000006B65792065787061A9
:10CE58006E73696F6E0000006D6173746572207384
:10CE68006563726574000000657874656E64656456
:10CE7800206D617374657220736563726574000058
:10CE88007365727665722066696E69736865640099
:10CE9800636C69656E742066696E697368656400A1
:10CEA8005352565200000000434C4E5400000000FC
:10CEB800697600006B65790064657269766564005F
:10CEC80074726166666963207570640066696E696C
:10CED80073686564000000007320617020747261DB
:10CEE80066666963000000006320617020747261E7
:10CEF80066666963000000007320687320747261BD
:10CF080066666963000000006320687320747261BC
:10CF18006666696300000000746C7331332000009A
:10CF280050A7F4515365417EC3A4171A965E273A59
:10CF3800CB6BAB3BF1459D1FAB58FAAC9303E34B6E
:10CF480055FA3020F66D76AD9176CC88254C02F5F1
:10CF5800FCD7E54FD7CB2AC5804435268FA362B5C9
:10CF6800495AB1DE671BBA25980EEA45E1C0FE5D55
:10CF780002752FC312F04C81A397468DC6F9D36B67
:10CF8800E75F8F03959C9215EB7A6DBFDA5952953E
:10CF98002D83BED4D32174582969E04944C8C98E69
:10CFA8006A89C27578798EF46B3E5899DD71B92714
:10CFB800B64FE1BE17AD88F066AC20C9B43ACE7D55
:10CFC800184ADF6382311AE560335197457F53620F
:10CFD800E07764B184AE6BBB1CA081FE942B08F98A
:10CFE8005868487019FD458F876CDE94B7F87B52F6
:10CFF80023D373ABE2024B72578F1FE32AAB5566FC
:10D008000728EBB203C2B52F9A7BC586A50837D38C
:10D01800F2872830B2A5BF23BA6A03025C8216EDF4
:10D028002B1CCF8A92B479A7F0F207F3A1E2694EDC
:10D03800CDF4DA65D5BE05061F6234D18AFEA6C4D2
:10D048009D532E34A055F3A232E18A0575EBF6A460
:10D0580039EC830BAAEF6040069F715E51106EBDDC
:10D06800F98A213E3D06DD96AE053EDD46BDE64D1C
:10D07800B58D5491055DC4716FD40604FF155060D9
:10D0880024FB981997E9BDD6CC434089779ED96788
:10D09800BD42E8B0888B8907385B19E7DBEEC879B1
:10D0A800470A7CA1E90F427CC91E84F800000000F1
:10D0B8008386800948ED2B32AC70111E4E725A6C73
:10D0C800FBFF0EFD5638850F1ED5AE3D27392D3690
:10D0D80064D90F0A21A65C68D1545B9B3A2E36248A
:10D0E800B1670A0C0FE75793D296EEB49E919B1B3B
:10D0F8004FC5C080A220DC61694B775A161A121CF2
:10D108000ABA93E2E52AA0C043E0223C1D171B128D
:10D118000B0D090EADC78BF2B9A8B62DC8A91E1400
:10D128008519F1574C0775AFBBDD99EEFD607FA3FC
:10D138009F2601F7BCF5725CC53B6644347EFB5BF9
:10D148007629438BDCC623CB68FCEDB663F1E4B8E3
:10D15800CADC31D710856342402297132011C68458
:10D168007D244A85F83DBBD21132F9AE6DA129C79D
:10D178004B2F9E1DF330B2DCEC52860DD0E3C17705
:10D188006C16B32B99B970A9FA4894112264E9472F
:10D19800C48CFCA81A3FF0A0D82C7D56EF903322FF
:10D1A800C74E4987C1D138D9FEA2CA8C360BD4984C
:10D1B800CF81F5A628DE7AA5268EB7DAA4BFAD3FC3
:10D1C800E49D3A2C0D9278509BCC5F6A62467E545F
:10D1D800C2138DF6E8B8D8905EF7392EF5AFC38242
:10D1E800BE805D9F7C93D069A92DD56FB31225CFE2
:10D1F8003B99ACC8A77D18106E639CE87BBB3BDBF2
:10D20800097826CDF418596E01B79AECA89A4F837D
:10D21800656E95E67EE6FFAA08CFBC21E6E815EF25
:10D22800D99BE7BACE366F4AD4099FEAD67CB02993
:10D23800AFB2A43131233F2A3094A5C6C066A235C7
:10D2480037BC4E74A6CA82FCB0D090E015D8A7337C
:10D258004A9804F1F7DAEC410E50CD7F2FF691177A
:10D268008DD64D764DB0EF43544DAACCDF0496E4ED
:10D27800E3B5D19E1B886A4CB81F2CC17F51654607
:10D2880004EA5E9D5D358C01737487FA2E410BFBB1
:10D298005A1D67B352D2DB92335610E91347D66D45
:10D2A8008C61D79A7A0CA1378E14F859893C13EB04
:10D2B800EE27A9CE35C961B7EDE51CE13CB1477A47
:10D2C80059DFD29C3F73F25579CE1418BF37C77314
:10D2D800EACDF7535BAAFD5F146F3DDF86DB447828
:10D2E80081F3AFCA3EC468B92C3424385F40A3C266
:10D2F80072C31D160C25E2BC8B493C2841950DFFD5
:10D308007101A839DEB30C089CE4B4D890C1566406
:10D318006184CB7B70B632D5745C6C484257B8D008
:10D32800A7F4515065417E53A4171AC35E273A9655
:10D338006BAB3BCB459D1FF158FAACAB03E34B936A
:10D34800FA3020556D76ADF676CC88914C02F525ED
:10D35800D7E54FFCCB2AC5D744352680A362B58FC5
:10D368005AB1DE491BBA25670EEA4598C0FE5DE151
:10D37800752FC302F04C811297468DA3F9D36BC663
:10D388005F8F03E79C9215957A6DBFEB595295DA3A
:10D3980083BED42D217458D369E04929C8C98E4465
:10D3A80089C2756A798EF4783E58996B71B927DD10
:10D3B8004FE1BEB6AD88F017AC20C9663ACE7DB451
:10D3C8004ADF6318311AE582335197607F5362450B
:10D3D8007764B1E0AE6BBB84A081FE1C2B08F99486
:10D3E80068487058FD458F196CDE9487F87B52B7F2
:10D3F800D373AB23024B72E28F1FE357AB55662AF8
:10D4080028EBB207C2B52F037BC5869A0837D3A588
:10D41800872830F2A5BF23B26A0302BA8216ED5CF0
:10D428001CCF8A2BB479A792F207F3F0E2694EA1D8
:10D43800F4DA65CDBE0506D56234D11FFEA6C48ACE
:10D44800532E349D55F3A2A0E18A0532EBF6A4755C
:10D45800EC830B39EF6040AA9F715E06106EBD51D8
:10D468008A213EF906DD963D053EDDAEBDE64D4618
:10D478008D5491B55DC47105D406046F155060FFD5
:10D48800FB981924E9BDD697434089CC9ED9677784
:10D4980042E8B0BD8B8907885B19E738EEC879DBAD
:10D4A8000A7CA1470F427CE91E84F8C900000000ED
:10D4B80086800983ED2B324870111EAC725A6C4E6F
:10D4C800FF0EFDFB38850F56D5AE3D1E392D36278C
:10D4D800D90F0A64A65C6821545B9BD12E36243A86
:10D4E800670A0CB1E757930F96EEB4D2919B1B9E37
:10D4F800C5C0804F20DC61A24B775A691A121C16EE
:10D50800BA93E20A2AA0C0E5E0223C43171B121D89
:10D518000D090E0BC78BF2ADA8B62DB9A91E14C8FC
:10D5280019F157850775AF4CDD99EEBB607FA3FDF8
:10D538002601F79FF5725CBC3B6644C57EFB5B34F5
:10D5480029438B76C623CBDCFCEDB668F1E4B863DF
:10D55800DC31D7CA856342102297134011C6842054
:10D56800244A857D3DBBD2F832F9AE11A129C76D99
:10D578002F9E1D4B30B2DCF352860DECE3C177D001
:10D5880016B32B6CB970A999489411FA64E947222B
:10D598008CFCA8C43FF0A01A2C7D56D8903322EFFB
:10D5A8004E4987C7D138D9C1A2CA8CFE0BD4983648
:10D5B80081F5A6CFDE7AA5288EB7DA26BFAD3FA4BF
:10D5C8009D3A2CE49278500DCC5F6A9B467E54625B
:10D5D800138DF6C2B8D890E8F7392E5EAFC382F53E
:10D5E800805D9FBE93D0697C2DD56FA91225CFB3DE
:10D5F80099ACC83B7D1810A7639CE86EBB3BDB7BEE
:10D608007826CD0918596EF4B79AEC019A4F83A879
:10D618006E95E665E6FFAA7ECFBC2108E815EFE621
:10D628009BE7BAD9366F4ACE099FEAD47CB029D68F
:10D63800B2A431AF233F2A3194A5C63066A235C0C3
:10D64800BC4E7437CA82FCA6D090E0B0D8A7331578
:10D658009804F14ADAEC41F750CD7F0EF691172F76
:10D66800D64D768DB0EF434D4DAACC540496E4DFE9
:10D67800B5D19EE3886A4C1B1F2CC1B85165467F03
:10D68800EA5E9D04358C015D7487FA73410BFB2EAD
:10D698001D67B35AD2DB92525610E93347D66D1341
:10D6A80061D79A8C0CA1377A14F8598E3C13EB8900
:10D6B80027A9CEEEC961B735E51CE1EDB1477A3C43
:10D6C800DFD29C5973F2553FCE14187937C773BF10
:10D6D800CDF753EAAAFD5F5B6F3DDF14DB44788624
:10D6E800F3AFCA81C468B93E3424382C40A3C25F62
:10D6F800C31D167225E2BC0C493C288B950DFF41D1
:10D7080001A83971B30C08DEE4B4D89CC156649002
:10D7180084CB7B61B632D5705C6C487457B8D04204
:10D72800F45150A7417E5365171AC3A4273A965E51
:10D73800AB3BCB6B9D1FF145FAACAB58E34B930366
:10D74800302055FA76ADF66DCC88917602F5254CE9
:10D75800E54FFCD72AC5D7CB3526804462B58FA3C1
:10D76800B1DE495ABA25671BEA45980EFE5DE1C04D
:10D778002FC302754C8112F0468DA397D36BC6F95F
:10D788008F03E75F9215959C6DBFEB7A5295DA5936
:10D79800BED42D837458D321E0492969C98E44C861
:10D7A800C2756A898EF4787958996B3EB927DD710C
:10D7B800E1BEB64F88F017AD20C966ACCE7DB43A4D
:10D7C800DF63184A1AE58231519760335362457F07
:10D7D80064B1E0776BBB84AE81FE1CA008F9942B82
:10D7E80048705868458F19FDDE94876C7B52B7F8EE
:10D7F80073AB23D34B72E2021FE3578F55662AABF4
:10D80800EBB20728B52F03C2C5869A7B37D3A50884
:10D818002830F287BF23B2A50302BA6A16ED5C82EC
:10D82800CF8A2B1C79A792B407F3F0F2694EA1E2D4
:10D83800DA65CDF40506D5BE34D11F62A6C48AFECA
:10D848002E349D53F3A2A0558A0532E1F6A475EB58
:10D85800830B39EC6040AAEF715E069F6EBD5110D4
:10D86800213EF98ADD963D063EDDAE05E64D46BD14
:10D878005491B58DC471055D06046FD45060FF15D1
:10D88800981924FBBDD697E94089CC43D967779E80
:10D89800E8B0BD428907888B19E7385BC879DBEEA9
:10D8A8007CA1470A427CE90F84F8C91E00000000E9
:10D8B800800983862B3248ED111EAC705A6C4E726B
:10D8C8000EFDFBFF850F5638AE3D1ED52D36273988
:10D8D8000F0A64D95C6821A65B9BD15436243A2E82
:10D8E8000A0CB16757930FE7EEB4D2969B1B9E9133
:10D8F800C0804FC5DC61A220775A694B121C161AEA
:10D9080093E20ABAA0C0E52A223C43E01B121D1785
:10D91800090E0B0D8BF2ADC7B62DB9A81E14C8A9F8
:10D92800F157851975AF4C0799EEBBDD7FA3FD60F4
:10D9380001F79F26725CBCF56644C53BFB5B347EF1
:10D94800438B762923CBDCC6EDB668FCE4B863F1DB
:10D9580031D7CADC6342108597134022C684201150
:10D968004A857D24BBD2F83DF9AE113229C76DA195
:10D978009E1D4B2FB2DCF330860DEC52C177D0E3FD
:10D98800B32B6C1670A999B99411FA48E947226427
:10D99800FCA8C48CF0A01A3F7D56D82C3322EF90F7
:10D9A8004987C74E38D9C1D1CA8CFEA2D498360B44
:10D9B800F5A6CF817AA528DEB7DA268EAD3FA4BFBB
:10D9C8003A2CE49D78500D925F6A9BCC7E54624657
:10D9D8008DF6C213D890E8B8392E5EF7C382F5AF3A
:10D9E8005D9FBE80D0697C93D56FA92D25CFB312DA
:10D9F800ACC83B991810A77D9CE86E633BDB7BBBEA
:10DA080026CD0978596EF4189AEC01B74F83A89A75
:10DA180095E6656EFFAA7EE6BC2108CF15EFE6E81D
:10DA2800E7BAD99B6F4ACE369FEAD409B029D67C8B
:10DA3800A431AFB23F2A3123A5C63094A235C066BF
:10DA48004E7437BC82FCA6CA90E0B0D0A73315D874
:10DA580004F14A98EC41F7DACD7F0E5091172FF672
:10DA68004D768DD6EF434DB0AACC544D96E4DF04E5
:10DA7800D19EE3B56A4C1B882CC1B81F65467F51FF
:10DA88005E9D04EA8C015D3587FA73740BFB2E41A9
:10DA980067B35A1DDB9252D210E93356D66D13473D
:10DAA800D79A8C61A1377A0CF8598E1413EB893CFC
:10DAB800A9CEEE2761B735C91CE1EDE5477A3CB13F
:10DAC800D29C59DFF2553F73141879CEC773BF370C
:10DAD800F753EACDFD5F5BAA3DDF146F447886DB20
:10DAE800AFCA81F368B93EC424382C34A3C25F405E
:10DAF8001D1672C3E2BC0C253C288B490DFF4195CD
:10DB0800A83971010C08DEB3B4D89CE4566490C1FE
:10DB1800CB7B618432D570B66C48745CB8D0425700
:10DB28005150A7F47E5365411AC3A4173A965E274D
:10DB38003BCB6BAB1FF1459DACAB58FA4B9303E362
:10DB48002055FA30ADF66D76889176CCF5254C02E5
:10DB58004FFCD7E5C5D7CB2A26804435B58FA362BD
:10DB6800DE495AB125671BBA45980EEA5DE1C0FE49
:10DB7800C302752F8112F04C8DA397466BC6F9D35B
:10DB880003E75F8F15959C92BFEB7A6D95DA595232
:10DB9800D42D83BE58D32174492969E08E44C8C95D
:10DBA800756A89C2F478798E996B3E5827DD71B908
:10DBB800BEB64FE1F017AD88C966AC207DB43ACE49
:10DBC80063184ADFE582311A9760335162457F5303
:10DBD800B1E07764BB84AE6BFE1CA081F9942B087E
:10DBE800705868488F19FD4594876CDE52B7F87BEA
:10DBF800AB23D37372E2024BE3578F1F662AAB55F0
:10DC0800B20728EB2F03C2B5869A7BC5D3A5083780
:10DC180030F2872823B2A5BF02BA6A03ED5C8216E8
:10DC28008A2B1CCFA792B479F3F0F2074EA1E269D0
:10DC380065CDF4DA06D5BE05D11F6234C48AFEA6C6
:10DC4800349D532EA2A055F30532E18AA475EBF654
:10DC58000B39EC8340AAEF605E069F71BD51106ED0
:10DC68003EF98A21963D06DDDDAE053E4D46BDE610
:10DC780091B58D5471055DC4046FD40660FF1550CD
:10DC88001924FB98D697E9BD89CC434067779ED97C
:10DC9800B0BD42E807888B89E7385B1979DBEEC8A5
:10DCA800A1470A7C7CE90F42F8C91E8400000000E5
:10DCB800098386803248ED2B1EAC70116C4E725A67
:10DCC800FDFBFF0E0F5638853D1ED5AE3627392D84
:10DCD8000A64D90F6821A65C9BD1545B243A2E367E
:10DCE8000CB1670A930FE757B4D296EE1B9E919B2F
:10DCF800804FC5C061A220DC5A694B771C161A12E6
:10DD0800E20ABA93C0E52AA03C43E022121D171B81
:10DD18000E0B0D09F2ADC78B2DB9A8B614C8A91EF4
:10DD2800578519F1AF4C0775EEBBDD99A3FD607FF0
:10DD3800F79F26015CBCF57244C53B665B347EFBED
:10DD48008B762943CBDCC623B668FCEDB863F1E4D7
:10DD5800D7CADC314210856313402297842011C64C
:10DD6800857D244AD2F83DBBAE1132F9C76DA12991
:10DD78001D4B2F9EDCF330B20DEC528677D0E3C1F9
:10DD88002B6C16B3A999B97011FA4894472264E923
:10DD9800A8C48CFCA01A3FF056D82C7D22EF9033F3
:10DDA80087C74E49D9C1D1388CFEA2CA98360BD440
:10DDB800A6CF81F5A528DE7ADA268EB73FA4BFADB7
:10DDC8002CE49D3A500D92786A9BCC5F5462467E53
:10DDD800F6C2138D90E8B8D82E5EF73982F5AFC336
:10DDE8009FBE805D697C93D06FA92DD5CFB31225D6
:10DDF800C83B99AC10A77D18E86E639CDB7BBB3BE6
:10DE0800CD0978266EF41859EC01B79A83A89A4F71
:10DE1800E6656E95AA7EE6FF2108CFBCEFE6E81519
:10DE2800BAD99BE74ACE366FEAD4099F29D67CB087
:10DE380031AFB2A42A31233FC63094A535C066A2BB
:10DE48007437BC4EFCA6CA82E0B0D0903315D8A770
:10DE5800F14A980441F7DAEC7F0E50CD172FF6916E
:10DE6800768DD64D434DB0EFCC544DAAE4DF0496E1
:10DE78009EE3B5D14C1B886AC1B81F2C467F5165FB
:10DE88009D04EA5E015D358CFA737487FB2E410BA5
:10DE9800B35A1D679252D2DBE93356106D1347D639
:10DEA8009A8C61D7377A0CA1598E14F8EB893C13F8
:10DEB800CEEE27A9B735C961E1EDE51C7A3CB1473B
:10DEC8009C59DFD2553F73F21879CE1473BF37C708
:10DED80053EACDF75F5BAAFDDF146F3D7886DB441C
:10DEE800CA81F3AFB93EC468382C3424C25F40A35A
:10DEF8001672C31DBC0C25E2288B493CFF41950DC9
:10DF0800397101A808DEB30CD89CE4B46490C156FA
:10DF18007B6184CBD570B63248745C6CD04257B8FC
:10DF2800A56363C6847C7CF8997777EE8D7B7BF656
:10DF38000DF2F2FFBD6B6BD6B16F6FDE54C5C591A4
:10DF48005030306003010102A96767CE7D2B2B5644
:10DF580019FEFEE762D7D7B5E6ABAB4D9A7676ECFD
:10DF680045CACA8F9D82821F40C9C989877D7DFAAB
:10DF780015FAFAEFEB5959B2C947478E0BF0F0FB87
:10DF8800ECADAD4167D4D4B3FDA2A25FEAAFAF4513
:10DF9800BF9C9C23F7A4A453967272E45BC0C09BF9
:10DFA800C2B7B7751CFDFDE1AE93933D6A26264CBA
:10DFB8005A36366C413F3F7E02F7F7F54FCCCC839B
:10DFC8005C343468F4A5A55134E5E5D108F1F1F9DC
:10DFD800937171E273D8D8AB533131623F15152A6A
:10DFE8000C04040852C7C795652323465EC3C39D26
:10DFF80028181830A19696370F05050AB59A9A2F52
:10E008000907070E361212249B80801B3DE2E2DFCF
:10E0180026EBEBCD6927274ECDB2B27F9F7575EA07
:10E028001B0909129E83831D742C2C582E1A1A342E
:10E038002D1B1B36B26E6EDCEE5A5AB4FBA0A05BE9
:10E04800F65252A44D3B3B7661D6D6B7CEB3B37DDC
:10E058007B2929523EE3E3DD712F2F5E97848413D9
:10E06800F55353A668D1D1B9000000002CEDEDC1DD
:10E07800602020401FFCFCE3C8B1B179ED5B5BB6C2
:10E08800BE6A6AD446CBCB8DD9BEBE674B393972CE
:10E09800DE4A4A94D44C4C98E85858B04ACFCF85B9
:10E0A8006BD0D0BB2AEFEFC5E5AAAA4F16FBFBED54
:10E0B800C5434386D74D4D9A5533336694858511AC
:10E0C800CF45458A10F9F9E906020204817F7FFEEF
:10E0D800F05050A0443C3C78BA9F9F25E3A8A84B39
:10E0E800F35151A2FEA3A35DC04040808A8F8F05E3
:10E0F800AD92923FBC9D9D214838387004F5F5F1EA
:10E10800DFBCBC63C1B6B67775DADAAF63212142EA
:10E11800301010201AFFFFE50EF3F3FD6DD2D2BFC9
:10E128004CCDCD81140C0C18351313262FECECC3F1
:10E13800E15F5FBEA2979735CC4444883917172E04
:10E1480057C4C493F2A7A755827E7EFC473D3D7A0B
:10E15800AC6464C8E75D5DBA2B191932957373E630
:10E16800A06060C098818119D14F4F9E7FDCDCA3ED
:10E17800662222447E2A2A54AB90903B8388880BDF
:10E18800CA46468C29EEEEC7D3B8B86B3C1414289F
:10E1980079DEDEA7E25E5EBC1D0B0B1676DBDBAD1F
:10E1A8003BE0E0DB563232644E3A3A741E0A0A14F7
:10E1B800DB4949920A06060C6C242448E45C5CB8E6
:10E1C8005DC2C29F6ED3D3BDEFACAC43A66262C43E
:10E1D800A8919139A495953137E4E4D38B7979F2F4
:10E1E80032E7E7D543C8C88B5937376EB76D6DDA54
:10E1F8008C8D8D0164D5D5B1D24E4E9CE0A9A9492C
:10E20800B46C6CD8FA5656AC07F4F4F325EAEACFA6
:10E21800AF6565CA8E7A7AF4E9AEAE471808081079
:10E22800D5BABA6F887878F06F25254A722E2E5C99
:10E23800241C1C38F1A6A657C7B4B47351C6C69798
:10E2480023E8E8CB7CDDDDA19C7474E8211F1F3E28
:10E25800DD4B4B96DCBDBD61868B8B0D858A8A0FA5
:10E26800907070E0423E3E7CC4B5B571AA6666CC3B
:10E27800D84848900503030601F6F6F7120E0E1C5F
:10E28800A36161C25F35356AF95757AED0B9B9692C
:10E298009186861758C1C199271D1D3AB99E9E2798
:10E2A80038E1E1D913F8F8EBB398982B3311112220
:10E2B800BB6969D270D9D9A9898E8E07A79494337E
:10E2C800B69B9B2D221E1E3C9287871520E9E9C923
:10E2D80049CECE87FF5555AA782828507ADFDFA582
:10E2E8008F8C8C03F8A1A15980898909170D0D1A03
:10E2F800DABFBF6531E6E6D7C6424284B86868D05F
:10E30800C3414182B0999929772D2D5A110F0F1EBB
:10E31800CBB0B07BFC5454A8D6BBBB6D3A16162CB8
:10E328006363C6A57C7CF8847777EE997B7BF68D52
:10E33800F2F2FF0D6B6BD6BD6F6FDEB1C5C59154A0
:10E3480030306050010102036767CEA92B2B567D40
:10E35800FEFEE719D7D7B562ABAB4DE67676EC9AF9
:10E36800CACA8F4582821F9DC9C989407D7DFA87A7
:10E37800FAFAEF155959B2EB47478EC9F0F0FB0B83
:10E38800ADAD41ECD4D4B367A2A25FFDAFAF45EA0F
:10E398009C9C23BFA4A453F77272E496C0C09B5BF5
:10E3A800B7B775C2FDFDE11C93933DAE26264C6AB6
:10E3B80036366C5A3F3F7E41F7F7F502CCCC834F97
:10E3C8003434685CA5A551F4E5E5D134F1F1F908D8
:10E3D8007171E293D8D8AB733131625315152A3F66
:10E3E8000404080CC7C7955223234665C3C39D5E22
:10E3F80018183028969637A105050A0F9A9A2FB54E
:10E4080007070E091212243680801B9BE2E2DF3DCB
:10E41800EBEBCD2627274E69B2B27FCD7575EA9F03
:10E428000909121B83831D9E2C2C58741A1A342E2A
:10E438001B1B362D6E6EDCB25A5AB4EEA0A05BFBE5
:10E448005252A4F63B3B764DD6D6B761B3B37DCED8
:10E458002929527BE3E3DD3E2F2F5E7184841397D5
:10E468005353A6F5D1D1B96800000000EDEDC12CD9
:10E4780020204060FCFCE31FB1B179C85B5BB6EDBE
:10E488006A6AD4BECBCB8D46BEBE67D93939724BCA
:10E498004A4A94DE4C4C98D45858B0E8CFCF854AB5
:10E4A800D0D0BB6BEFEFC52AAAAA4FE5FBFBED1650
:10E4B800434386C54D4D9AD73333665585851194A8
:10E4C80045458ACFF9F9E910020204067F7FFE81EB
:10E4D8005050A0F03C3C78449F9F25BAA8A84BE335
:10E4E8005151A2F3A3A35DFE404080C08F8F058ADF
:10E4F80092923FAD9D9D21BC38387048F5F5F104E6
:10E50800BCBC63DFB6B677C1DADAAF7521214263E6
:10E5180010102030FFFFE51AF3F3FD0ED2D2BF6DC5
:10E52800CDCD814C0C0C181413132635ECECC32FED
:10E538005F5FBEE1979735A2444488CC17172E3900
:10E54800C4C49357A7A755F27E7EFC823D3D7A4707
:10E558006464C8AC5D5DBAE71919322B7373E6952C
:10E568006060C0A0818119984F4F9ED1DCDCA37FE9
:10E57800222244662A2A547E90903BAB88880B83DB
:10E5880046468CCAEEEEC729B8B86BD31414283C9B
:10E59800DEDEA7795E5EBCE20B0B161DDBDBAD761B
:10E5A800E0E0DB3B323264563A3A744E0A0A141EF3
:10E5B800494992DB06060C0A2424486C5C5CB8E4E2
:10E5C800C2C29F5DD3D3BD6EACAC43EF6262C4A63A
:10E5D800919139A8959531A4E4E4D3377979F28BF0
:10E5E800E7E7D532C8C88B4337376E596D6DDAB750
:10E5F8008D8D018CD5D5B1644E4E9CD2A9A949E028
:10E608006C6CD8B45656ACFAF4F4F307EAEACF25A2
:10E618006565CAAF7A7AF48EAEAE47E90808101875
:10E62800BABA6FD57878F08825254A6F2E2E5C7295
:10E638001C1C3824A6A657F1B4B473C7C6C6975194
:10E64800E8E8CB23DDDDA17C7474E89C1F1F3E2124
:10E658004B4B96DDBDBD61DC8B8B0D868A8A0F85A1
:10E668007070E0903E3E7C42B5B571C46666CCAA37
:10E67800484890D803030605F6F6F7010E0E1C125B
:10E688006161C2A335356A5F5757AEF9B9B969D028
:10E6980086861791C1C199581D1D3A279E9E27B994
:10E6A800E1E1D938F8F8EB1398982BB3111122331C
:10E6B8006969D2BBD9D9A9708E8E0789949433A77A
:10E6C8009B9B2DB61E1E3C2287871592E9E9C9201F
:10E6D800CECE87495555AAFF28285078DFDFA57A7E
:10E6E8008C8C038FA1A159F8898909800D0D1A17FF
:10E6F800BFBF65DAE6E6D731424284C66868D0B85B
:10E70800414182C3999929B02D2D5A770F0F1E11B7
:10E71800B0B07BCB5454A8FCBBBB6DD616162C3AB4
:10E7280063C6A5637CF8847C77EE99777BF68D7B4E
:10E73800F2FF0DF26BD6BD6B6FDEB16FC59154C59C
:10E74800306050300102030167CEA9672B567D2B3C
:10E75800FEE719FED7B562D7AB4DE6AB76EC9A76F5
:10E76800CA8F45CA821F9D82C98940C97DFA877DA3
:10E77800FAEF15FA59B2EB59478EC947F0FB0BF07F
:10E78800AD41ECADD4B367D4A25FFDA2AF45EAAF0B
:10E798009C23BF9CA453F7A472E49672C09B5BC0F1
:10E7A800B775C2B7FDE11CFD933DAE93264C6A26B2
:10E7B800366C5A363F7E413FF7F502F7CC834FCC93
:10E7C80034685C34A551F4A5E5D134E5F1F908F1D4
:10E7D80071E29371D8AB73D831625331152A3F1562
:10E7E80004080C04C79552C723466523C39D5EC31E
:10E7F800183028189637A196050A0F059A2FB59A4A
:10E80800070E090712243612801B9B80E2DF3DE2C7
:10E81800EBCD26EB274E6927B27FCDB275EA9F75FF
:10E8280009121B09831D9E832C58742C1A342E1A26
:10E838001B362D1B6EDCB26E5AB4EE5AA05BFBA0E1
:10E8480052A4F6523B764D3BD6B761D6B37DCEB3D4
:10E8580029527B29E3DD3EE32F5E712F84139784D1
:10E8680053A6F553D1B968D100000000EDC12CEDD5
:10E8780020406020FCE31FFCB179C8B15BB6ED5BBA
:10E888006AD4BE6ACB8D46CBBE67D9BE39724B39C6
:10E898004A94DE4A4C98D44C58B0E858CF854ACFB1
:10E8A800D0BB6BD0EFC52AEFAA4FE5AAFBED16FB4C
:10E8B8004386C5434D9AD74D3366553385119485A4
:10E8C800458ACF45F9E910F9020406027FFE817FE7
:10E8D80050A0F0503C78443C9F25BA9FA84BE3A831
:10E8E80051A2F351A35DFEA34080C0408F058A8FDB
:10E8F800923FAD929D21BC9D38704838F5F104F5E2
:10E90800BC63DFBCB677C1B6DAAF75DA21426321E2
:10E9180010203010FFE51AFFF3FD0EF3D2BF6DD2C1
:10E92800CD814CCD0C18140C13263513ECC32FECE9
:10E938005FBEE15F9735A2974488CC44172E3917FC
:10E94800C49357C4A755F2A77EFC827E3D7A473D03
:10E9580064C8AC645DBAE75D19322B1973E6957328
:10E9680060C0A060811998814F9ED14FDCA37FDCE5
:10E97800224466222A547E2A903BAB90880B8388D7
:10E98800468CCA46EEC729EEB86BD3B814283C1497
:10E99800DEA779DE5EBCE25E0B161D0BDBAD76DB17
:10E9A800E0DB3BE0326456323A744E3A0A141E0AEF
:10E9B8004992DB49060C0A0624486C245CB8E45CDE
:10E9C800C29F5DC2D3BD6ED3AC43EFAC62C4A66236
:10E9D8009139A8919531A495E4D337E479F28B79EC
:10E9E800E7D532E7C88B43C8376E59376DDAB76D4C
:10E9F8008D018C8DD5B164D54E9CD24EA949E0A924
:10EA08006CD8B46C56ACFA56F4F307F4EACF25EA9E
:10EA180065CAAF657AF48E7AAE47E9AE0810180871
:10EA2800BA6FD5BA78F08878254A6F252E5C722E91
:10EA38001C38241CA657F1A6B473C7B4C69751C690
:10EA4800E8CB23E8DDA17CDD74E89C741F3E211F20
:10EA58004B96DD4BBD61DCBD8B0D868B8A0F858A9D
:10EA680070E090703E7C423EB571C4B566CCAA6633
:10EA78004890D84803060503F6F701F60E1C120E57
:10EA880061C2A361356A5F3557AEF957B969D0B924
:10EA980086179186C19958C11D3A271D9E27B99E90
:10EAA800E1D938E1F8EB13F8982BB3981122331118
:10EAB80069D2BB69D9A970D98E07898E9433A79476
:10EAC8009B2DB69B1E3C221E87159287E9C920E91B
:10EAD800CE8749CE55AAFF5528507828DFA57ADF7A
:10EAE8008C038F8CA159F8A1890980890D1A170DFB
:10EAF800BF65DABFE6D731E64284C64268D0B86857
:10EB08004182C3419929B0992D5A772D0F1E110FB3
:10EB1800B07BCBB054A8FC54BB6DD6BB162C3A16B0
:10EB2800C6A56363F8847C7CEE997777F68D7B7B4A
:10EB3800FF0DF2F2D6BD6B6BDEB16F6F9154C5C598
:10EB48006050303002030101CEA96767567D2B2B38
:10EB5800E719FEFEB562D7D74DE6ABABEC9A7676F1
:10EB68008F45CACA1F9D82828940C9C9FA877D7D9F
:10EB7800EF15FAFAB2EB59598EC94747FB0BF0F07B
:10EB880041ECADADB367D4D45FFDA2A245EAAFAF07
:10EB980023BF9C9C53F7A4A4E49672729B5BC0C0ED
:10EBA80075C2B7B7E11CFDFD3DAE93934C6A2626AE
:10EBB8006C5A36367E413F3FF502F7F7834FCCCC8F
:10EBC800685C343451F4A5A5D134E5E5F908F1F1D0
:10EBD800E2937171AB73D8D8625331312A3F15155E
:10EBE800080C04049552C7C7466523239D5EC3C31A
:10EBF8003028181837A196960A0F05052FB59A9A46
:10EC08000E090707243612121B9B8080DF3DE2E2C3
:10EC1800CD26EBEB4E6927277FCDB2B2EA9F7575FB
:10EC2800121B09091D9E838358742C2C342E1A1A22
:10EC3800362D1B1BDCB26E6EB4EE5A5A5BFBA0A0DD
:10EC4800A4F65252764D3B3BB761D6D67DCEB3B3D0
:10EC5800527B2929DD3EE3E35E712F2F13978484CD
:10EC6800A6F55353B968D1D100000000C12CEDEDD1
:10EC780040602020E31FFCFC79C8B1B1B6ED5B5BB6
:10EC8800D4BE6A6A8D46CBCB67D9BEBE724B3939C2
:10EC980094DE4A4A98D44C4CB0E85858854ACFCFAD
:10ECA800BB6BD0D0C52AEFEF4FE5AAAAED16FBFB48
:10ECB80086C543439AD74D4D6655333311948585A0
:10ECC8008ACF4545E910F9F904060202FE817F7FE3
:10ECD800A0F0505078443C3C25BA9F9F4BE3A8A82D
:10ECE800A2F351515DFEA3A380C04040058A8F8FD7
:10ECF8003FAD929221BC9D9D70483838F104F5F5DE
:10ED080063DFBCBC77C1B6B6AF75DADA42632121DE
:10ED180020301010E51AFFFFFD0EF3F3BF6DD2D2BD
:10ED2800814CCDCD18140C0C26351313C32FECECE5
:10ED3800BEE15F5F35A2979788CC44442E391717F8
:10ED48009357C4C455F2A7A7FC827E7E7A473D3DFF
:10ED5800C8AC6464BAE75D5D322B1919E695737324
:10ED6800C0A06060199881819ED14F4FA37FDCDCE1
:10ED780044662222547E2A2A3BAB90900B838888D3
:10ED88008CCA4646C729EEEE6BD3B8B8283C141493
:10ED9800A779DEDEBCE25E5E161D0B0BAD76DBDB13
:10EDA800DB3BE0E064563232744E3A3A141E0A0AEB
:10EDB80092DB49490C0A0606486C2424B8E45C5CDA
:10EDC8009F5DC2C2BD6ED3D343EFACACC4A6626232
:10EDD80039A8919131A49595D337E4E4F28B7979E8
:10EDE800D532E7E78B43C8C86E593737DAB76D6D48
:10EDF800018C8D8DB164D5D59CD24E4E49E0A9A920
:10EE0800D8B46C6CACFA5656F307F4F4CF25EAEA9A
:10EE1800CAAF6565F48E7A7A47E9AEAE101808086D
:10EE28006FD5BABAF08878784A6F25255C722E2E8D
:10EE380038241C1C57F1A6A673C7B4B49751C6C68C
:10EE4800CB23E8E8A17CDDDDE89C74743E211F1F1C
:10EE580096DD4B4B61DCBDBD0D868B8B0F858A8A99
:10EE6800E09070707C423E3E71C4B5B5CCAA66662F
:10EE780090D8484806050303F701F6F61C120E0E53
:10EE8800C2A361616A5F3535AEF9575769D0B9B920
:10EE9800179186869958C1C13A271D1D27B99E9E8C
:10EEA800D938E1E1EB13F8F82BB398982233111114
:10EEB800D2BB6969A970D9D907898E8E33A7949472
:10EEC8002DB69B9B3C221E1E15928787C920E9E917
:10EED8008749CECEAAFF555550782828A57ADFDF76
:10EEE800038F8C8C59F8A1A1098089891A170D0DF7
:10EEF80065DABFBFD731E6E684C64242D0B8686853
:10EF080082C3414129B099995A772D2D1E110F0FAF
:10EF18007BCBB0B0A8FC54546DD6BBBB2C3A1616AC
:10EF280000000001000000020000000400000008CA
:10EF380000000010000000200000004000000080D9
:10EF48000000001B00000036001003000102000052
:10EF58000104000001800301020600020210010200
:10EF680001810301020300000010030001020000F8
:10EF780001020000001003000110030002800301D9
:10EF88000302000002020000021003000306000052
:10EF98000305000203100102021001000210030021
:10EFA80003170002031800020317000303180003E5
:10EFB8000210010002100300031003000406000001
:10EFC8000405000204060002041001020303000005
:10EFD8000281000102820001028303010310010083
:10EFE80001100300020600000205000202100102DF
:10EFF80001030000001003000106000001010001E8
:10F008000104020000830300011003000010030044
:10F01800018001010181010100100300018000004D
:10F0280001800001018100010006000000030000CA
:10F03800001003000180000101810101018200012B
:10F04800001003000106000001800000001003000A
:10F0580001100300028003010380030204860000FC
:10F0680003810102028101010282010100100300F3
:10F07800010100010102000100800200A0818283D9
:10F08800A4A5868788000000001003000110030073
:10F0980002060000020500000104000013160C140B
:10F0A8001C1E0000011103000210030003060000EB
:10F0B8000300000088BE04080400000090BE040895
:10F0C8000400000098BE04080E000000A8BE040852
:10F0D80003000000ACBE040803000000B0BE040832
:10F0E80004000000B8BE040808000000C4BE0408FC
:10F0F80003000000C8BE040804000000000000006F
:10F1080000000000000000000000000000000000F7
:10F1180000000000D0BE040812000000000000003B
:10F1280000000000E4BE04080C000000F4BE04085F
:10F13800080000000106000201100102000300009F
:10F148000003020001100100001003000110030079
:10F15800020600000206000202100102010300007C
:10F168000010030001100300020600000205000160
:10F178000210010101030200021003000302000053
:10F188000302000000100300010200000110030048
:10F19800020600000206000102050001021001013A
:10F1A80001040000018001010010030001020000B9
:10F1B800010200000102000001020000010200003B
:10F1C800010200000102000001020000010200002B
:10F1D8000010030001800301021003000306000071
:10F1E800030500010181030102100300030600006A
:10F1F8000310030004060000040500010182030156
:10F208000202000001830301020200000010030053
:10F2180001060000010500010992268993F22C6479
:10F22800011900000992268993F22C640105000057
:10F238000992268993F22C64010300000992268919
:10F2480093F22C64010100002A864886F70D010517
:10F258000D0000002A864886F70D01050C00000005
:10F268002A864886F70D0109010000002B060105D2
:10F27800050703092B060105050703082B060105E9
:10F28800050703042B060105050703032B060105E3
:10F29800050703022B06010505070301551D250077
:10F2A8002B060105050708042B0601040182DF135C
:10F2B80001010100551D20002B060105050730023C
:10F2C8002B06010505073001551D1E00551D25009B
:10F2D800551D3600551D0F00551D2000551D0E00EB
:10F2E800551D23002B06010505070101551D1F00AB
:10F2F800551D1100551D13002B8104010B01000041
:10F3080060864801650304012D00000060864801FD
:10F3180065030401190000006086480165030401C3
:10F328000500000060864801650304012E00000006
:10F3380060864801650304011A00000060864801E0
:10F3480065030401060000002A864886F70D0103BC
:10F35800010000002A8648CE3D0201002A86488620
:10F36800F70D01010A0000002A864886F70D010101
:10F37800010000002A8648CE3D0403022A864886FA
:10F38800F70D01010A0000002A864886F70D0101E1
:10F398000B0000002A864886F70D0209608648019E
:10F3A8006503040201000000000302006578706133
:10F3B8006E642031362D62797465206B65787061D2
:10F3C8006E642033322D62797465206BE8F304088B
:10F3D80000010000E4F3040801000000020000003E
:10F3E800FFFFFFFFFFFFFFFFADF85458A2BB4A9A8B
:10F3F800AFDC5620273D3CF1D8B9C583CE2D3695D4
:10F40800A9E13641146433FBCC939DCE249B3EF98D
:10F418007D2FE363630C75D8F681B202AEC4617ABE
:10F42800D3DF1ED5D5FD65612433F51F5F066ED089
:10F43800856365553DED1AF3B557135E7F57C9359A
:10F44800984F0C70E0E68B77E2A689DAF3EFE87262
:10F458001DF158A136ADE73530ACCA4F483A797A34
:10F46800BC0AB182B324FB61D108A94BB2C8E3FB43
:10F47800B96ADAB760D7F4681D4F42A3DE394DF494
:10F48800AE56EDE76372BB190B07A7C8EE0A6D709D
:10F498009E02FCE1CDF7E2ECC03404CD28342F61A4
:10F4A8009172FE9CE98583FF8E4F1232EEF28183C2
:10F4B800C3FE3B1B4C6FAD733BB5FCBC2EC2200595
:10F4C800C58EF1837D1683B2C6F34A26C1B2EFFA20
:10F4D800886B423861285C97FFFFFFFFFFFFFFFF43
:10F4E80020000000070000004CC1040858C10408AF
:10F4F8009CC10408E0C1040824C2040868C20408C6
:10F50800ACC2040850F50408080000000E02000010
:10F518000100000000000000FFFFFFFF00000000E6
:10F5280000000000000000000000000000000000D3
:10F5380000000000000000000000000000000000C3
:10F5480000000000000000002A8648CE3D030107A5
:10F55800D3E160C35B99F340B2628264D1751060F5
:10F56800E0045DA383FF57A57D73A673D2B8D80DB9
:10F57800AAF6A6C35A91BB4579D73FD0C8FED11188
:10F58800B0391306828ADFED528F018121B3FEBDA7
:10F59800C343E797B87DBB63DB1333DED9D1ECE116
:10F5A80077CFA6B71FE8AB1DA46624ED6415E51C4C
:10F5B800CDE2C7CA86E283990EEAEB91120415528E
:10F5C8008B2295910281B02DD431F4C9F70427DF3D
:10F5D800A65AD0F345DB4E0EFFE875C3A2E71F42DB
:10F5E800C7129D620FF5C119A9EF55F05185E0FBCF
:10F5F8008581F9317517276E06E9607DDBCBCC2E46
:10F6080004EEC63BB231DF2C630A1AFBE724949D53
:10F61800005A587851E1AA795E477347C8B05662D4
:10F628001C18BDDCDD8D99FC5FC2B92053D8CFAC66
:10F63800FB0BB8831205FAD1DDD6C071318A601888
:10F64800F03B73F5EDE4D4D071F9DE03FD7AEA10EE
:10F658005D9299B8AF99AA075BDB4DB9AA28C18D0D
:10F66800174B56EE2A014D098896FF2282C955A8E4
:10F678001969E069FA8CE007A180183A07DFAE172C
:10F68800E62B8A8EE8F141B6980566E3BFE3C049E8
:10F6980003DAD4AC2CDF9F2280010A6739BC83D3FC
:10F6A80063363377E41E86468DEB0AB4A8ED683FCF
:10F6B8006A134E47E014C700454E81E95358A569BF
:10F6C800808AA38F2A72A62359915A9F8A04CA68EE
:10F6D800982F8A4291443771CFFBC0B5A5DBB5E9B5
:10F6E8005BC25639F111F159A4823F92D55E1CAB29
:10F6F80098AA07D8015B8312BE853124C37D0C55B7
:10F70800745DBE72FEB1DE80A706DC9B74F19BC1FE
:10F71800C1699BE48647BEEFC69DC10FCCA10C24EE
:10F728006F2CE92DAA84744ADCA9B05CDA88F976D2
:10F7380052513E986DC631A8C82703B0C77F59BF3C
:10F74800F30BE0C64791A7D55163CA066729291468
:10F75800850AB72738211B2EFC6D2C4D130D385305
:10F7680054730A65BB0A6A762EC9C281852C7292C7
:10F77800A1E8BFA24B661AA8708B4BC2A3516CC7F5
:10F7880019E892D1240699D685350EF470A06A102E
:10F7980016C1A419086C371E4C774827B5BCB0347D
:10F7A800B30C1C394AAAD84E4FCA9C5BF36F2E681B
:10F7B800EE828F746F63A5781478C8840802C78CAA
:10F7C800FAFFBE90EB6C50A4F7A3F9BEF27871C6AD
:10F7D8004F2563FCC2CAB9F3849E17A7ADFAE6BCED
:10F7E800FFFFFFFFFFFFFFFF00000000FFFFFFFF1D
:10F7F800FDFFFFFFFFFFFFFFFFFFFFFF000000000F
:10F80800000000000000000001000000FFFFFFFFF3
:10F8180096C298182ECA09053DE8CC1A5B02FB0669
:10F8280070270F04D2B17213F3E21F0988255C1EFA
:10F83800D1176B000000000000000000000000006D
:10F8480000000000000000000000000000000000B0
:10F858000000000000000000F551BF174103B21D71
:10F86800B2B3570CD6AE661CBC62E119073EA515AB
:10F878009F3B6E1E4FC35F1C42E34F000000000019
:10F888000000000000000000000000000000000070
:10F898000000000000000000000000000000000060
:10F8A800010000000000000000000000000000004F
:10F8B8000000000000000000000000000000000040
:10F8C8000000000000000000000000000000000030
:10F8D8000000000000000000000000000000000020
:10F8E800000000000000000000000000AFDA9C03E8
:10F8F800E8A93102C35E181AB1A40A123104000043
:10F90800000000000000FC1FFFFF1F0000000000B7
:10F918004F25631C1756CE1D3CA1E7054E5BF50D20
:10F92800CEFBFF1FFFFFFF1FFFFF03000000E01FCC
:10F93800FFFFFF005125631C1756CE1D3CA1E705AC
:10F948004E5BF50DCEFBFF1FFFFFFF1FFFFF030000
:10F958000000E01FFFFFFF000100000000000000A2
:10F968000000000000FEFF1FFFFFFF1FFFFFFF1F3B
:10F97800FFFFFB1FFFFF1F0000000000FFFFFF1F2E
:10F98800FFFFFF1FFFFFFF1FFF0100000000000037
:10F9980000000000000004000000E01FFFFFFF005F
:10F9A80000000000FFFFFFFF020003000500070042
:10F9B8000B000D001100130017001D001F0025008B
:10F9C80029002B002F0035003B003D004300470075
:10F9D80049004F00530059006100650067006B0043
:10F9E8006D0071007F00830089008B0095009700EF
:10F9F8009D00A300A700AD00B300B500BF00C10083
:10FA0800C500C700D300DF00E300E500E900EF0010
:10FA1800F100FB00010107010D010F01150119019A
:10FA28001B0125013301370139013D014B0151010A
:10FA38005B015D01610167016F0175017B017F0158
:10FA480085018D0191019901A301A501AF01B101C2
:10FA5800B701BB01C101C901CD01CF01D301DF014C
:10FA6800E701EB01F301F701FD0109020B021D0299
:10FA780023022D02330239023B0241024B0251029A
:10FA8800570259025F02650269026B02770281021E
:10FA9800830287028D0293029502A102A502AB029E
:10FAA800B302BD02C502CF02D702DD02E302E702BC
:10FAB800EF02F502F9020103050313031D032903ED
:10FAC8002B03350337033B033D0347035503590312
:10FAD8005B035F036D037103730377038B038F036A
:10FAE8009703A103A903AD03B303B903C703CB036A
:10FAF800D103D703DF03E503F103F503FB03FD039C
:10FB0800070409040F0419041B04250427042D0401
:10FB18003F044304450449044F0455045D04630449
:10FB280069047F0481048B0493049D04A304A9043D
:10FB3800B104BD04C104C704CD04CF04D504E10455
:10FB4800EB04FD04FF04030509050B051105150564
:10FB580017051B05270529052F05510557055D05BF
:10FB68006505770581058F059305950599059F0519
:10FB7800A705AB05AD05B305BF05C905CB05CF0581
:10FB8800D105D505DB05E705F305FB0507060D06D9
:10FB9800110617061F0623062B062F063D064106EB
:10FBA800470649064D065306040000000000000001
:10FBB800010000000000000002000000000000003A
:10FBC8000100000000000000030000000000000029
:10FBD800010000000000000002000000000000001A
:10FBE800010000000000000000000000FFFFFFFF10
:10FBF80000202020202020202020282828282820F5
:10FC080020202020202020202020202020202020EC
:10FC18002088101010101010101010101010101054
:10FC28001004040404040404040404101010101044
:10FC3800101041414141414101010101010101010E
:10FC48000101010101010101010101011010101060
:10FC580010104242424242420202020202020202E0
:10FC68000202020202020202020202021010101034
:10FC7800200000000000000000000000000000005C
:10FC8800000000000000000000000000000000006C
:10FC9800000000000000000000000000000000005C
:10FCA800000000000000000000000000000000004C
:10FCB800000000000000000000000000000000003C
:10FCC800000000000000000000000000000000002C
:10FCD800000000000000000000000000000000001C
:10FCE800000000000000000000000000000000000C
:10FCF80000000000303030303030303030303030BC
:10FD080030303030202020202020202020202020AB
:10FD1800202020203030303030303030303030301B
:10FD2800303030302020202020202020202020208B
:10FD38002020202005000000190000007D000000A0
:10FD48000080E03779C34143176E05B5B5B89346CF
:10FD5800F5F93FE9034F384D321D30F94877825A9B
:10FD68003CBF737FDD4F1575000000000000F03FB9
:10FD7800000000000000244000000000000059407E
:10FD88000000000000408F40000000000088C340D1
:10FD980000000000006AF8400000000080842E4146
:10FDA80000000000D01263410000000084D7974192
:10FDB8000000000065CDCD41000000205FA0024298
:10FDC800000000E876483742000000A2941A6D420D
:10FDD800000040E59C30A2420000901EC4BCD64200
:10FDE80000003426F56B0C430080E03779C34143AB
:10FDF80000A0D8855734764300C84E676DC1AB4321
:10FE0800003D9160E458E143408CB5781DAF15443E
:10FE180050EFE2D6E41A4B4492D54D06CFF0804419
:10FE2800F64AE1C7022DB544B49DD9794378EA442E
:10FE380030303030303030303030303030303030BA
:10FE480020202020202020202020202020202020AA
:10FE580059F3F8C21F6EA501000000000000F03F32
:08FE6800780CFB7F0100000093
:08FE700029A40308A50E0008F7
:04FE78007D0E0008F3
:10FE7C000024F4000100000010000000E13B000829
:10FE8C00ED3A00080D3C0008F13B0008D93B000896
:10FE9C006E19000000C000C0CF21AD74E59A61114D
:10FEAC00BE1D8C021E65B891C2A211167ABB8C5E67
:10FEBC00079E09E2C8A8339C00000000080300005C
:10FECC001006000018090000200C0000280F00008C
:10FEDC003012000038150000FFFFFFFF0000020089
:10FEEC0000000000000000007000002070000020E6
:10FEFC007800002078000020800000208000002086
:10FF0C008800002088000020900000209000002035
:10FF1C009800002098000020A0000020A0000020E5
:10FF2C00A8000020A8000020B0000020B000002095
:10FF3C00B8000020B8000020C0000020C000002045
:10FF4C00C8000020C8000020D0000020D0000020F5
:10FF5C00D8000020D8000020E0000020E0000020A5
:10FF6C00E8000020E8000020F0000020F000002055
:10FF7C00F8000020F8000020000100200001002003
:10FF8C0008010020080100201001002010010020B1
:10FF9C001801002018010020200100202001002061
:10FFAC002801002028010020300100203001002011
:10FFBC0038010020380100204001002040010020C1
:10FFCC004801002048010020500100205001002071
:10FFDC005801002058010020600100206001002021
:10FFEC0068010020680100207001002070010020D1
:04FFFC007801002068
:020000040805ED
:10000000780100208001002080010020880100206C
:10001000880100209001002090010020980100201C
:1000200098010020A0010020A0010020A8010020CC
:10003000A8010020B0010020B0010020B80100207C
:10004000B8010020C0010020C0010020C80100202C
:10005000C8010020D0010020D0010020D8010020DC
:10006000D8010020E0010020E0010020E80100208C
:10007000E8010020F0010020F0010020F80100203C
:10008000F8010020000200200002002008020020E9
:100090000802002010020020100200201802002098
:1000A0001802002020020020200200202802002048
:1000B00028020020300200203002002038020020F8
:1000C00038020020400200204002002048020020A8
:1000D0004802002050020020500200205802002058
:1000E0005802002060020020600200206802002008
:1000F00068020020700200207002002078020020B8
:100100007802002080020020800200208802002067
:100110008802002090020020900200209802002017
:1001200098020020A0020020A0020020A8020020C7
:10013000A8020020B0020020B0020020B802002077
:10014000B8020020C0020020C0020020C802002027
:10015000C8020020D0020020D0020020D8020020D7
:10016000D8020020E0020020E0020020E802002087
:10017000E8020020F0020020F0020020F802002037
:10018000F8020020000300200003002008030020E4
:100190000803002010030020100300201803002093
:1001A0001803002020030020200300202803002043
:1001B00028030020300300203003002038030020F3
:1001C00038030020400300204003002048030020A3
:1001D0004803002050030020500300205803002053
:1001E0005803002060030020600300206803002003
:1001F00068030020700300207003002078030020B3
:100200007803002080030020800300208803002062
:100210008803002090030020900300209803002012
:1002200098030020A0030020A0030020A8030020C2
:10023000A8030020B0030020B0030020B803002072
:10024000B8030020C0030020C0030020C803002022
:10025000C8030020D0030020D0030020D8030020D2
:10026000D8030020E0030020E0030020E803002082
:10027000E8030020F0030020F0030020F803002032
:10028000F8030020000400200004002008040020DF
:10029000080400201004002010040020180400208E
:1002A000180400202004002020040020280400203E
:1002B00028040020300400203004002038040020EE
:1002C000380400204004002040040020480400209E
:1002D000480400205004002050040020580400204E
:1002E00058040020600400206004002068040020FE
:1002F0006804002000000000030000008432012098
:10030000880400200000000084320120EC3201202B
:100310005433012000000000000000000000000035
:1003200000000000000000000000000000000000CD
:1003300000000000000000000000000000000000BD
:1003400000000000000000000000000000000000AD
:10035000000000000000000000000000000000009D
:10036000000000000000000000000000000000008D
:10037000000000000000000000000000000000007D
:10038000000000000000000000000000000000006D
:10039000000000000000000000000000010000005C
:1003A000000000000E33CDAB34126DE6ECDE05002C
:1003B0000B00000000000000000000000000000032
:1003C000000000000000000000000000000000002D
:1003D000000000000000000000000000000000001D
:1003E000000000000000000000000000000000000D
:1003F00000000000000000000000000000000000FD
:1004000000000000000000000000000000000000EC
:1004100000000000000000000000000000000000DC
:1004200000000000000000000000000000000000CC
:1004300000000000000000000000000000000000BC
:1004400000000000C833012043000000000000004D
:10045000000000000000000000000000000000009C
:100460000000000000000000430000000000000049
:10047000000000000000000000000000000000007C
:100480000000000000000000430000000000000029
:10049000000000000000000000000000000000005C
:1004A0000000000000000000430000000000000009
:1004B000000000000000000000000000000000003C
:1004C00000000000000000004300000000000000E9
:1004D000000000000000000000000000000000001C
:1004E00000000000000000004300000000000000C9
:1004F00000000000000000000000000000000000FC
:1005000000000000000000004300000000000000A8
:1005100000000000000000000000000000000000DB
:100520000000000000000000990F04082D060408D8
:1005300000000000F8FB0408C4BF0408403A0408A7
:10054000403A0408403A0408403A0408403A040893
:10055000403A0408403A0408403A0408403A040883
:10056000FFFFFFFFFFFFFFFFFFFFFFFFFFFF000099
:100570000100415343494900000000000000000011
:10058000000000000000000000000000000000006B
:1005900000004153434949000000000000000000F2
:1005A000000000000000000000000000000000004B
:0405B0000000000047
:04000005080018E1F6
:00000001FF
